ORIGIN,DEST,TOTAL_DB1B_PASSENGERS,TOTAL_FARE_WEIGHT,DB1B_RECORDS,AVG_FARE
ABE,ABI,2.0,736.27,2,368.135
ABE,AMA,1.0,338.0,1,338.0
ABE,ATW,1.0,262.34,1,262.34
ABE,AUS,1.0,375.95,1,375.95
ABE,BMI,3.0,1700.5,3,566.8333333333334
ABE,BNA,1.0,722.0,1,722.0
ABE,CID,1.0,204.73,1,204.73
ABE,CLE,1.0,229.0,1,229.0
ABE,CRP,1.0,246.07,1,246.07
ABE,CVG,1.0,220.11,1,220.11
ABE,CWA,2.0,712.65,2,356.325
ABE,DEN,2.0,438.27,2,219.135
ABE,DFW,8.0,2140.45,8,267.55625
ABE,EGE,4.0,1561.5,4,390.375
ABE,FAR,2.0,668.0,2,334.0
ABE,FAT,1.0,363.0,1,363.0
ABE,FSD,1.0,214.0,1,214.0
ABE,GRB,1.0,5.0,1,5.0
ABE,GRR,2.0,559.0,2,279.5
ABE,GSP,1.0,215.42,1,215.42
ABE,HHH,2.0,436.0,2,218.0
ABE,IAH,1.0,351.41,1,351.41
ABE,IND,1.0,211.83,1,211.83
ABE,LAS,5.0,1861.98,5,372.396
ABE,LAX,6.0,1607.8,6,267.96666666666664
ABE,MCI,4.0,1172.4,4,293.1
ABE,MEM,1.0,311.0,1,311.0
ABE,MIA,1.0,193.93,1,193.93
ABE,MKE,3.0,1103.0,3,367.6666666666667
ABE,MLI,1.0,202.5,1,202.5
ABE,MRY,1.0,614.85,1,614.85
ABE,MSN,2.0,638.0,2,319.0
ABE,MSY,2.0,729.3299999999999,2,364.66499999999996
ABE,MWA,1.0,1362.18,1,1362.18
ABE,OMA,1.0,316.94,1,316.94
ABE,ORD,82.0,16557.37,61,201.9191463414634
ABE,PHX,18.0,7157.26,18,397.6255555555556
ABE,SAT,5.0,1294.53,5,258.906
ABE,SGF,8.0,2400.77,8,300.09625
ABE,SJC,1.0,300.0,1,300.0
ABE,SLC,2.0,527.22,2,263.61
ABE,SMF,1.0,368.98,1,368.98
ABE,SNA,1.0,456.0,1,456.0
ABE,STL,2.0,500.24,2,250.12
ABE,TUS,4.0,1195.23,4,298.8075
ABE,TVC,1.0,177.74,1,177.74
ABE,XNA,7.0,2737.85,7,391.12142857142857
ABI,ABQ,5.0,1166.5,5,233.3
ABI,AGS,2.0,1127.48,2,563.74
ABI,ALB,4.0,1831.7,4,457.925
ABI,AMA,2.0,239.0,2,119.5
ABI,ANC,6.0,2604.04,6,434.00666666666666
ABI,ASE,3.0,583.5,2,194.5
ABI,ATL,23.0,7798.5,22,339.0652173913044
ABI,ATW,2.0,1147.6100000000001,2,573.8050000000001
ABI,AUS,4.0,908.0,4,227.0
ABI,BDL,3.0,1175.26,3,391.75333333333333
ABI,BFL,3.0,865.5,3,288.5
ABI,BGR,2.0,1184.0,2,592.0
ABI,BIL,2.0,964.5,2,482.25
ABI,BIS,4.0,2440.5,4,610.125
ABI,BMI,1.0,450.5,1,450.5
ABI,BNA,34.0,9352.5,20,275.0735294117647
ABI,BOI,5.0,1978.0,3,395.6
ABI,BOS,7.0,2074.48,7,296.3542857142857
ABI,BRO,2.0,291.0,2,145.5
ABI,BTR,2.0,929.0,2,464.5
ABI,BUR,5.0,875.15,5,175.03
ABI,BWI,7.0,2397.5,6,342.5
ABI,BZN,1.0,712.0,1,712.0
ABI,CAE,4.0,3041.0,4,760.25
ABI,CAK,2.0,624.5,2,312.25
ABI,CHA,3.0,1096.5,3,365.5
ABI,CHO,1.0,188.0,1,188.0
ABI,CHS,5.0,2284.29,5,456.858
ABI,CID,3.0,1023.0,3,341.0
ABI,CLE,4.0,1586.71,4,396.6775
ABI,CLL,1.0,234.0,1,234.0
ABI,CLT,21.0,8070.27,21,384.29857142857145
ABI,CMH,3.0,927.5,3,309.1666666666667
ABI,COS,13.0,4804.0,13,369.53846153846155
ABI,COU,1.0,278.5,1,278.5
ABI,CRP,5.0,2108.33,5,421.666
ABI,CVG,6.0,1557.5,6,259.5833333333333
ABI,DAY,6.0,2352.0,6,392.0
ABI,DCA,19.0,7297.76,17,384.09263157894736
ABI,DEN,27.0,8201.09,23,303.7440740740741
ABI,DFW,51.0,10070.86,38,197.4678431372549
ABI,DRO,3.0,1132.0,3,377.3333333333333
ABI,DSM,8.0,3067.5,8,383.4375
ABI,ECP,3.0,1117.0,2,372.3333333333333
ABI,EGE,6.0,2336.5,6,389.4166666666667
ABI,ELP,12.0,3963.5,8,330.2916666666667
ABI,EVV,1.0,407.0,1,407.0
ABI,EWN,1.0,457.5,1,457.5
ABI,EWR,5.0,1947.07,5,389.414
ABI,EYW,2.0,776.0,2,388.0
ABI,FAI,4.0,2404.5,4,601.125
ABI,FAR,4.0,1917.0,3,479.25
ABI,FAT,4.0,1481.0,4,370.25
ABI,FAY,2.0,905.1600000000001,2,452.58000000000004
ABI,FLL,12.0,3742.6,11,311.8833333333333
ABI,FSD,2.0,508.0,2,254.0
ABI,FWA,1.0,282.5,1,282.5
ABI,GEG,1.0,302.5,1,302.5
ABI,GGG,1.0,392.0,1,392.0
ABI,GJT,7.0,1908.0,7,272.57142857142856
ABI,GNV,2.0,1104.4299999999998,2,552.2149999999999
ABI,GPT,7.0,2425.5,5,346.5
ABI,GRR,2.0,871.5,2,435.75
ABI,GSO,2.0,711.5,2,355.75
ABI,GSP,6.0,1925.5,6,320.9166666666667
ABI,HNL,5.0,3381.1400000000003,5,676.2280000000001
ABI,HOU,12.0,2951.3,12,245.9416666666667
ABI,HRL,5.0,1690.5,5,338.1
ABI,HSV,3.0,849.0,3,283.0
ABI,IAD,5.0,1532.0,5,306.4
ABI,IAH,20.0,5515.5,20,275.775
ABI,ICT,2.0,738.0,2,369.0
ABI,IND,7.0,2817.5,6,402.5
ABI,JAC,3.0,311.0,3,103.66666666666667
ABI,JAN,1.0,574.0,1,574.0
ABI,JAX,5.0,1163.0,5,232.6
ABI,JFK,4.0,887.52,4,221.88
ABI,KOA,1.0,642.05,1,642.05
ABI,LAN,1.0,603.5,1,603.5
ABI,LAS,51.0,18759.21,43,367.8276470588235
ABI,LAX,24.0,8047.55,22,335.31458333333336
ABI,LCH,3.0,547.0,3,182.33333333333334
ABI,LEX,4.0,2231.5,4,557.875
ABI,LFT,3.0,571.0,3,190.33333333333334
ABI,LGA,12.0,2390.09,12,199.17416666666668
ABI,LIT,6.0,1568.0900000000001,6,261.34833333333336
ABI,LYH,1.0,391.0,1,391.0
ABI,MCI,9.0,3445.45,9,382.8277777777778
ABI,MCO,31.0,11096.05,27,357.93709677419355
ABI,MDT,1.0,243.0,1,243.0
ABI,MEM,4.0,989.5,4,247.375
ABI,MFE,8.0,1949.5,6,243.6875
ABI,MGM,5.0,1937.5,5,387.5
ABI,MIA,8.0,2358.75,8,294.84375
ABI,MLI,1.0,384.0,1,384.0
ABI,MOB,1.0,214.0,1,214.0
ABI,MRY,2.0,324.0,2,162.0
ABI,MSN,1.0,259.0,1,259.0
ABI,MSP,6.0,2607.5,6,434.5833333333333
ABI,MSY,16.0,4482.5,16,280.15625
ABI,MTJ,2.0,695.0,2,347.5
ABI,OGG,7.0,2549.33,6,364.19
ABI,OKC,1.0,368.5,1,368.5
ABI,OMA,3.0,1158.0,3,386.0
ABI,ONT,6.0,2389.0299999999997,6,398.1716666666666
ABI,ORD,14.0,4343.68,13,310.2628571428572
ABI,ORF,8.0,2832.0299999999997,8,354.00374999999997
ABI,PBG,1.0,368.5,1,368.5
ABI,PBI,7.0,2248.5,7,321.2142857142857
ABI,PDX,10.0,6221.5,10,622.15
ABI,PHL,13.0,4379.65,13,336.8961538461538
ABI,PHX,34.0,12228.41,27,359.6591176470588
ABI,PIT,8.0,3246.5,7,405.8125
ABI,PNS,10.0,3668.5,9,366.85
ABI,PSC,1.0,794.0,1,794.0
ABI,PSP,3.0,1699.0,3,566.3333333333334
ABI,PWM,1.0,164.0,1,164.0
ABI,RAP,5.0,1982.5,5,396.5
ABI,RDM,1.0,414.0,1,414.0
ABI,RDU,5.0,1722.5,4,344.5
ABI,RIC,3.0,1876.6399999999999,2,625.5466666666666
ABI,RNO,8.0,3124.65,7,390.58125
ABI,ROA,2.0,1120.5,2,560.25
ABI,RSW,8.0,2470.5,8,308.8125
ABI,SAF,1.0,242.0,1,242.0
ABI,SAN,11.0,4428.0,11,402.54545454545456
ABI,SAT,8.0,2065.5,8,258.1875
ABI,SAV,1.0,5.5,1,5.5
ABI,SBN,3.0,1030.0,3,343.3333333333333
ABI,SBP,1.0,269.0,1,269.0
ABI,SDF,5.0,1221.5,5,244.3
ABI,SEA,14.0,4375.5,13,312.5357142857143
ABI,SFO,9.0,3523.0,7,391.44444444444446
ABI,SGF,1.0,204.0,1,204.0
ABI,SHV,3.0,977.0,3,325.6666666666667
ABI,SJC,5.0,1838.0,5,367.6
ABI,SJU,5.0,1476.5,5,295.3
ABI,SLC,15.0,4887.0,12,325.8
ABI,SMF,8.0,2644.2799999999997,8,330.53499999999997
ABI,SNA,14.0,4316.5,14,308.32142857142856
ABI,SRQ,1.0,559.0,1,559.0
ABI,STL,13.0,5162.0,9,397.0769230769231
ABI,STT,2.0,1211.24,1,605.62
ABI,SYR,2.0,833.0699999999999,2,416.53499999999997
ABI,TLH,1.0,431.0,1,431.0
ABI,TPA,15.0,5027.0,13,335.1333333333333
ABI,TUL,1.0,314.24,1,314.24
ABI,TUS,1.0,292.0,1,292.0
ABI,TYR,1.0,321.0,1,321.0
ABI,TYS,3.0,1133.5,3,377.8333333333333
ABI,VPS,15.0,4870.66,15,324.71066666666667
ABI,XNA,1.0,283.5,1,283.5
ABI,YUM,1.0,412.0,1,412.0
ABQ,ABI,4.0,962.5,4,240.625
ABQ,AGS,3.0,648.53,3,216.17666666666665
ABQ,AUS,307.0,66499.34,191,216.6102280130293
ABQ,AVL,8.0,2807.96,8,350.995
ABQ,AZO,1.0,213.0,1,213.0
ABQ,BDL,1.0,452.02,1,452.02
ABQ,BFL,6.0,1352.19,4,225.365
ABQ,BHM,1.0,217.0,1,217.0
ABQ,BMI,1.0,206.9,1,206.9
ABQ,BNA,9.0,2066.79,9,229.64333333333332
ABQ,BOS,2.0,433.0,2,216.5
ABQ,BRO,2.0,220.0,2,110.0
ABQ,BTR,9.0,2248.0,8,249.77777777777777
ABQ,BUF,2.0,297.8,2,148.9
ABQ,BWI,1.0,5.5,1,5.5
ABQ,CHA,9.0,1912.0,8,212.44444444444446
ABQ,CID,3.0,885.33,3,295.11
ABQ,CLT,1.0,361.0,1,361.0
ABQ,CMH,6.0,1531.99,6,255.33166666666668
ABQ,CMI,8.0,2948.5,8,368.5625
ABQ,COU,5.0,1188.94,5,237.788
ABQ,CVG,2.0,402.36,2,201.18
ABQ,CWA,2.0,517.0,2,258.5
ABQ,DAY,5.0,1350.64,5,270.12800000000004
ABQ,DFW,3.0,1009.86,3,336.62
ABQ,DTW,4.0,1020.8100000000001,4,255.20250000000001
ABQ,EVV,3.0,942.0,3,314.0
ABQ,EYW,1.0,5.42,1,5.42
ABQ,FAR,3.0,934.78,3,311.5933333333333
ABQ,FAT,1.0,232.5,1,232.5
ABQ,FAY,1.0,226.5,1,226.5
ABQ,FLL,1.0,256.05,1,256.05
ABQ,FNT,1.0,375.5,1,375.5
ABQ,FSM,2.0,868.72,2,434.36
ABQ,GNV,2.0,563.5,2,281.75
ABQ,GPT,2.0,551.0,2,275.5
ABQ,GRK,3.0,894.5,3,298.1666666666667
ABQ,GRR,3.0,703.61,3,234.53666666666666
ABQ,GSO,2.0,483.56,1,241.78
ABQ,HOU,3.0,759.1,2,253.03333333333333
ABQ,HRL,1.0,194.0,1,194.0
ABQ,HSV,8.0,3458.5,8,432.3125
ABQ,IND,3.0,745.43,3,248.47666666666666
ABQ,JAN,5.0,850.5,5,170.1
ABQ,JAX,8.0,1336.23,7,167.02875
ABQ,JFK,2.0,827.89,2,413.945
ABQ,LAN,6.0,1450.5,6,241.75
ABQ,LCH,3.0,1111.5,3,370.5
ABQ,LEX,7.0,2626.5099999999998,5,375.2157142857142
ABQ,LFT,2.0,586.5,2,293.25
ABQ,LIT,2.0,596.5899999999999,2,298.29499999999996
ABQ,LSE,1.0,234.27,1,234.27
ABQ,MAF,2.0,439.0,2,219.5
ABQ,MCO,36.0,9324.23,33,259.00638888888886
ABQ,MEM,7.0,2378.45,7,339.7785714285714
ABQ,MGM,1.0,411.0,1,411.0
ABQ,MHK,4.0,1036.42,4,259.105
ABQ,MIA,3.0,951.45,3,317.15000000000003
ABQ,MLI,1.0,253.66,1,253.66
ABQ,MOB,7.0,1646.0,7,235.14285714285714
ABQ,MQT,1.0,576.5,1,576.5
ABQ,MRY,2.0,496.0,2,248.0
ABQ,MSN,2.0,1088.5,2,544.25
ABQ,MSY,21.0,5241.57,20,249.5985714285714
ABQ,OKC,4.0,1549.5,4,387.375
ABQ,ORD,1.0,198.45,1,198.45
ABQ,PHX,2.0,177.76,2,88.88
ABQ,PIA,5.0,1491.51,5,298.302
ABQ,PNS,1.0,362.0,1,362.0
ABQ,PVD,1.0,165.5,1,165.5
ABQ,RAP,1.0,314.5,1,314.5
ABQ,RDU,2.0,394.0,2,197.0
ABQ,RIC,2.0,406.12,2,203.06
ABQ,ROC,3.0,863.0,3,287.6666666666667
ABQ,RST,1.0,213.5,1,213.5
ABQ,SAT,1.0,506.85,1,506.85
ABQ,SBP,11.0,2554.5,10,232.22727272727272
ABQ,SDF,2.0,750.0,2,375.0
ABQ,SGF,6.0,1529.0,6,254.83333333333334
ABQ,SHV,14.0,2883.0,10,205.92857142857142
ABQ,STL,9.0,1952.56,9,216.95111111111112
ABQ,STS,3.0,767.0,3,255.66666666666666
ABQ,SYR,2.0,645.49,2,322.745
ABQ,TLH,2.0,832.15,2,416.075
ABQ,TPA,2.0,221.59,2,110.795
ABQ,TRI,2.0,503.0,2,251.5
ABQ,TUL,4.0,518.0,2,129.5
ABQ,TUS,2.0,547.0,2,273.5
ABQ,TVC,4.0,1221.5,4,305.375
ABQ,TYS,1.0,258.0,1,258.0
ABQ,VPS,6.0,1373.5,4,228.91666666666666
ABQ,XNA,9.0,2365.56,8,262.84
ABQ,YUM,1.0,307.0,1,307.0
ACT,AVL,1.0,259.0,1,259.0
ACT,BTR,3.0,676.5,3,225.5
ACT,CID,1.0,483.5,1,483.5
ACT,CMI,1.0,287.0,1,287.0
ACT,COU,2.0,419.0,1,209.5
ACT,DAB,1.0,292.0,1,292.0
ACT,FAR,1.0,288.45,1,288.45
ACT,FAY,1.0,251.0,1,251.0
ACT,GJT,1.0,293.5,1,293.5
ACT,GRR,1.0,249.0,1,249.0
ACT,HOU,1.0,414.0,1,414.0
ACT,HRL,3.0,423.5,3,141.16666666666666
ACT,JAN,3.0,667.0,3,222.33333333333334
ACT,JAX,1.0,252.94,1,252.94
ACT,LEX,2.0,588.5,2,294.25
ACT,LFT,1.0,229.0,1,229.0
ACT,MHK,1.0,270.0,1,270.0
ACT,MSN,1.0,271.0,1,271.0
ACT,RAP,1.0,272.0,1,272.0
ACT,TLH,1.0,594.56,1,594.56
ACT,TUL,1.0,238.5,1,238.5
ACY,CID,1.0,363.5,1,363.5
ACY,HHH,1.0,277.0,1,277.0
ACY,ICT,1.0,297.5,1,297.5
ACY,LCH,1.0,240.5,1,240.5
ACY,XNA,1.0,217.27,1,217.27
AEX,CHA,1.0,583.0,1,583.0
AEX,COS,1.0,249.0,1,249.0
AEX,DAY,1.0,544.0,1,544.0
AEX,DFW,1.0,149.24,1,149.24
AEX,DRO,1.0,448.5,1,448.5
AEX,FAY,1.0,224.0,1,224.0
AEX,FSD,1.0,468.9,1,468.9
AEX,GJT,1.0,278.0,1,278.0
AEX,GRB,1.0,254.0,1,254.0
AEX,LBB,1.0,343.5,1,343.5
AEX,LEX,1.0,304.0,1,304.0
AEX,MAF,5.0,1568.5,5,313.7
AEX,MFE,1.0,289.03,1,289.03
AEX,MHK,5.0,3165.5,4,633.1
AEX,MLI,1.0,1276.67,1,1276.67
AEX,MYR,1.0,214.0,1,214.0
AEX,RAP,3.0,874.5,3,291.5
AEX,SGF,2.0,798.0,2,399.0
AEX,TLH,1.0,289.0,1,289.0
AEX,XNA,1.0,239.0,1,239.0
AGS,ABI,3.0,992.52,3,330.84
AGS,ABQ,6.0,1819.47,6,303.245
AGS,ACT,1.0,460.0,1,460.0
AGS,ALB,1.0,291.5,1,291.5
AGS,AMA,1.0,308.25,1,308.25
AGS,ANC,1.0,297.8,1,297.8
AGS,ASE,1.0,385.0,1,385.0
AGS,ATW,10.0,3297.2,10,329.71999999999997
AGS,AUS,8.0,2083.95,8,260.49375
AGS,AVP,2.0,588.5,2,294.25
AGS,BFL,1.0,442.18,1,442.18
AGS,BIL,6.0,2342.13,6,390.355
AGS,BIS,1.0,5.0,1,5.0
AGS,BNA,4.0,1106.5,4,276.625
AGS,BOS,4.0,980.0,4,245.0
AGS,BTR,1.0,257.0,1,257.0
AGS,BTV,1.0,371.0,1,371.0
AGS,BUF,1.0,252.64,1,252.64
AGS,BUR,3.0,1185.0,3,395.0
AGS,BWI,1.0,247.0,1,247.0
AGS,BZN,2.0,536.4200000000001,2,268.21000000000004
AGS,CID,3.0,961.3299999999999,3,320.4433333333333
AGS,CKB,1.0,297.5,1,297.5
AGS,CLE,2.0,166.5,2,83.25
AGS,COS,9.0,2175.29,9,241.6988888888889
AGS,COU,1.0,579.37,1,579.37
AGS,CRP,3.0,1043.25,3,347.75
AGS,DAB,1.0,278.5,1,278.5
AGS,DAY,1.0,291.5,1,291.5
AGS,DCA,8.0,2352.05,8,294.00625
AGS,DEN,9.0,2713.86,9,301.54
AGS,DFW,146.0,39803.39,118,272.6259589041096
AGS,DSM,1.0,284.0,1,284.0
AGS,DTW,1.0,90.52,1,90.52
AGS,EGE,1.0,734.0,1,734.0
AGS,ELP,12.0,4339.46,12,361.62166666666667
AGS,EVV,1.0,286.0,1,286.0
AGS,EWR,7.0,1550.0,7,221.42857142857142
AGS,FAI,1.0,595.0,1,595.0
AGS,FAR,1.0,527.0,1,527.0
AGS,FAT,1.0,355.32,1,355.32
AGS,FLG,1.0,5.0,1,5.0
AGS,FLL,6.0,1346.0,4,224.33333333333334
AGS,FNT,1.0,382.0,1,382.0
AGS,FWA,1.0,434.5,1,434.5
AGS,GRI,1.0,409.0,1,409.0
AGS,GRK,9.0,1988.5,8,220.94444444444446
AGS,GUC,1.0,376.5,1,376.5
AGS,HNL,9.0,7934.65,9,881.6277777777777
AGS,HOU,3.0,1009.65,3,336.55
AGS,HPN,1.0,186.0,1,186.0
AGS,IAD,2.0,231.5,2,115.75
AGS,IAH,14.0,3608.66,14,257.76142857142855
AGS,ICT,2.0,746.4,2,373.2
AGS,IND,8.0,1485.95,7,185.74375
AGS,JAC,2.0,841.86,2,420.93
AGS,JAN,1.0,147.0,1,147.0
AGS,JFK,10.0,2833.5,9,283.35
AGS,LAS,15.0,5919.17,14,394.61133333333333
AGS,LAW,1.0,264.0,1,264.0
AGS,LAX,11.0,4055.06,11,368.64181818181817
AGS,LBB,1.0,413.38,1,413.38
AGS,LCH,1.0,264.0,1,264.0
AGS,LEX,1.0,257.5,1,257.5
AGS,LGA,15.0,3541.58,13,236.10533333333333
AGS,LIT,6.0,1251.5,6,208.58333333333334
AGS,LRD,1.0,637.0,1,637.0
AGS,MAF,2.0,1081.5,2,540.75
AGS,MCI,3.0,708.47,3,236.15666666666667
AGS,MCO,6.0,1152.5,6,192.08333333333334
AGS,MDT,1.0,346.0,1,346.0
AGS,MEM,1.0,187.0,1,187.0
AGS,MFE,6.0,2544.5,6,424.0833333333333
AGS,MHK,2.0,354.32,2,177.16
AGS,MHT,2.0,297.51,2,148.755
AGS,MIA,5.0,1390.92,5,278.184
AGS,MLB,1.0,326.5,1,326.5
AGS,MRY,1.0,713.0,1,713.0
AGS,MSN,1.0,766.0,1,766.0
AGS,MSO,1.0,269.0,1,269.0
AGS,MSP,5.0,1430.0,5,286.0
AGS,MSY,2.0,777.0,2,388.5
AGS,MTJ,2.0,782.0,2,391.0
AGS,OGG,1.0,574.5,1,574.5
AGS,OKC,4.0,1069.03,4,267.2575
AGS,OMA,2.0,725.45,2,362.725
AGS,ONT,3.0,597.5,3,199.16666666666666
AGS,ORD,3.0,1069.6100000000001,3,356.5366666666667
AGS,ORF,3.0,813.5,3,271.1666666666667
AGS,PBI,2.0,198.0,2,99.0
AGS,PDX,5.0,2965.5,5,593.1
AGS,PHF,1.0,269.5,1,269.5
AGS,PHL,8.0,1919.0,7,239.875
AGS,PHX,17.0,5868.4,17,345.2
AGS,PIT,1.0,233.0,1,233.0
AGS,PSP,4.0,2091.65,4,522.9125
AGS,PWM,3.0,925.84,3,308.61333333333334
AGS,RAP,2.0,635.0,2,317.5
AGS,RDU,1.0,242.0,1,242.0
AGS,RIC,3.0,558.0,3,186.0
AGS,RNO,4.0,1350.0,4,337.5
AGS,ROC,1.0,349.0,1,349.0
AGS,ROW,1.0,276.65,1,276.65
AGS,RSW,1.0,356.5,1,356.5
AGS,SAN,8.0,2435.8199999999997,8,304.47749999999996
AGS,SAT,18.0,5904.85,18,328.0472222222222
AGS,SBA,1.0,213.0,1,213.0
AGS,SBP,1.0,415.14,1,415.14
AGS,SBY,1.0,397.0,1,397.0
AGS,SDF,3.0,628.5,3,209.5
AGS,SEA,4.0,1986.18,4,496.545
AGS,SFO,5.0,2211.23,5,442.246
AGS,SGF,8.0,3086.82,8,385.8525
AGS,SHV,1.0,297.36,1,297.36
AGS,SJT,3.0,1590.97,3,530.3233333333334
AGS,SLC,6.0,2398.9700000000003,5,399.8283333333334
AGS,SMF,2.0,707.37,2,353.685
AGS,SNA,5.0,1865.0,5,373.0
AGS,STL,2.0,633.0,2,316.5
AGS,SYR,1.0,183.0,1,183.0
AGS,TLH,1.0,5.0,1,5.0
AGS,TPA,9.0,2055.5,8,228.38888888888889
AGS,TUS,11.0,3860.13,10,350.9209090909091
AGS,VPS,1.0,155.5,1,155.5
AGS,XNA,8.0,3104.23,8,388.02875
AGS,YUM,3.0,1339.5,3,446.5
ALB,ABI,3.0,1285.3,3,428.43333333333334
ALB,ABQ,1.0,331.0,1,331.0
ALB,AGS,1.0,291.5,1,291.5
ALB,ANC,2.0,1133.0,2,566.5
ALB,ATL,1.0,5.0,1,5.0
ALB,ATW,1.0,468.0,1,468.0
ALB,AUS,3.0,1155.77,3,385.25666666666666
ALB,BMI,1.0,228.5,1,228.5
ALB,BNA,1.0,303.5,1,303.5
ALB,CID,2.0,1149.6,2,574.8
ALB,CMH,1.0,196.35,1,196.35
ALB,CMI,1.0,449.7,1,449.7
ALB,COU,3.0,720.49,3,240.16333333333333
ALB,CVG,1.0,252.25,1,252.25
ALB,DEN,4.0,937.35,4,234.3375
ALB,DFW,3.0,856.5699999999999,3,285.5233333333333
ALB,DSM,1.0,222.14,1,222.14
ALB,ELP,1.0,226.0,1,226.0
ALB,FAI,2.0,1412.0,2,706.0
ALB,FWA,1.0,432.47,1,432.47
ALB,GRB,1.0,385.0,1,385.0
ALB,GRK,3.0,1048.58,3,349.52666666666664
ALB,GRR,1.0,304.75,1,304.75
ALB,GSP,2.0,454.4,2,227.2
ALB,HHH,1.0,199.0,1,199.0
ALB,HSV,1.0,270.0,1,270.0
ALB,IAH,1.0,478.0,1,478.0
ALB,LAS,5.0,2368.5,5,473.7
ALB,LAX,1.0,631.0,1,631.0
ALB,LBB,1.0,512.45,1,512.45
ALB,LEX,1.0,218.48,1,218.48
ALB,LIT,7.0,2019.22,7,288.46
ALB,LSE,1.0,294.0,1,294.0
ALB,MFE,1.0,467.0,1,467.0
ALB,MKE,1.0,235.54,1,235.54
ALB,MSN,4.0,1032.3,4,258.075
ALB,MSP,6.0,2007.87,6,334.645
ALB,OMA,1.0,228.0,1,228.0
ALB,ORD,9.0,2201.07,9,244.56333333333336
ALB,PHX,2.0,727.5,2,363.75
ALB,PIA,1.0,449.59,1,449.59
ALB,RAP,1.0,728.81,1,728.81
ALB,SAN,4.0,990.31,4,247.5775
ALB,SEA,3.0,1249.15,3,416.3833333333334
ALB,SFO,5.0,1623.0,5,324.6
ALB,SGF,3.0,1156.81,3,385.6033333333333
ALB,SLC,2.0,776.0,2,388.0
ALB,SNA,3.0,1533.1399999999999,3,511.0466666666666
ALB,STL,3.0,790.44,3,263.48
ALB,TLH,1.0,5.51,1,5.51
ALB,TUL,1.0,5.62,1,5.62
ALB,TUS,3.0,1009.0,3,336.3333333333333
ALB,TVC,1.0,420.0,1,420.0
ALB,XNA,2.0,603.98,2,301.99
ALO,ATL,3.0,1106.0,3,368.6666666666667
ALO,ATW,1.0,404.0,1,404.0
ALO,AUS,1.0,584.0,1,584.0
ALO,BDL,1.0,448.75,1,448.75
ALO,BNA,7.0,2618.63,7,374.09000000000003
ALO,BOS,6.0,1738.0,6,289.6666666666667
ALO,BUF,1.0,229.5,1,229.5
ALO,BWI,1.0,254.0,1,254.0
ALO,CHS,1.0,191.0,1,191.0
ALO,CLT,2.0,811.0,2,405.5
ALO,CVG,1.0,379.0,1,379.0
ALO,DCA,1.0,274.0,1,274.0
ALO,DFW,3.0,870.55,3,290.18333333333334
ALO,DRO,1.0,346.0,1,346.0
ALO,DTW,2.0,393.0,2,196.5
ALO,EUG,1.0,6.27,1,6.27
ALO,EWN,1.0,589.0,1,589.0
ALO,EWR,2.0,886.0,2,443.0
ALO,EYW,1.0,221.0,1,221.0
ALO,FLL,2.0,535.23,2,267.615
ALO,FSM,1.0,290.0,1,290.0
ALO,GRR,1.0,304.0,1,304.0
ALO,ICT,2.0,432.0,2,216.0
ALO,IND,2.0,763.0,2,381.5
ALO,JAX,1.0,301.0,1,301.0
ALO,LAS,3.0,842.0,3,280.6666666666667
ALO,LAX,3.0,958.0,3,319.3333333333333
ALO,LGA,6.0,1673.5,6,278.9166666666667
ALO,LIT,1.0,249.0,1,249.0
ALO,LYH,1.0,302.0,1,302.0
ALO,MCO,18.0,3833.21,15,212.9561111111111
ALO,MGM,1.0,293.03,1,293.03
ALO,MIA,1.0,263.5,1,263.5
ALO,MSY,3.0,796.3399999999999,3,265.44666666666666
ALO,ORD,11.0,2338.81,11,212.61909090909091
ALO,ORF,1.0,419.35,1,419.35
ALO,PBI,1.0,187.5,1,187.5
ALO,PHL,4.0,861.5,4,215.375
ALO,PHX,1.0,273.5,1,273.5
ALO,PIT,1.0,228.5,1,228.5
ALO,PVD,3.0,914.52,3,304.84
ALO,RSW,3.0,16.0,2,5.333333333333333
ALO,SAT,2.0,568.78,1,284.39
ALO,SAV,2.0,652.96,2,326.48
ALO,SDF,2.0,501.5,2,250.75
ALO,SGF,2.0,609.5,2,304.75
ALO,SJU,3.0,1199.5,3,399.8333333333333
ALO,SLC,1.0,283.5,1,283.5
ALO,SMF,1.0,643.0,1,643.0
ALO,TPA,2.0,490.7,2,245.35
ALO,TUL,1.0,460.0,1,460.0
ALO,XNA,2.0,679.0,2,339.5
AMA,AGS,1.0,360.75,1,360.75
AMA,ALB,1.0,457.0,1,457.0
AMA,ATL,4.0,1273.0,4,318.25
AMA,AUS,2.0,738.5,2,369.25
AMA,AVL,1.0,333.0,1,333.0
AMA,BHM,2.0,905.0,2,452.5
AMA,BIL,2.0,680.0,2,340.0
AMA,BMI,1.0,1053.0,1,1053.0
AMA,BNA,3.0,1182.51,3,394.17
AMA,BOS,6.0,2384.0,4,397.3333333333333
AMA,BTR,4.0,1137.5,4,284.375
AMA,BZN,1.0,343.0,1,343.0
AMA,CAE,2.0,574.0,2,287.0
AMA,CHA,7.0,1582.5,7,226.07142857142858
AMA,CHS,1.0,473.5,1,473.5
AMA,CLL,1.0,173.92,1,173.92
AMA,CMH,1.0,292.96,1,292.96
AMA,COU,1.0,304.0,1,304.0
AMA,CRP,6.0,1314.0,6,219.0
AMA,DAB,1.0,345.0,1,345.0
AMA,DAY,2.0,575.45,2,287.725
AMA,DCA,5.0,2086.46,5,417.29200000000003
AMA,DFW,32.0,6626.2699999999995,31,207.07093749999999
AMA,DSM,3.0,1049.0,3,349.6666666666667
AMA,EVV,2.0,869.5,2,434.75
AMA,EYW,2.0,697.5,2,348.75
AMA,FLL,2.0,941.5,2,470.75
AMA,FNT,1.0,308.0,1,308.0
AMA,FSD,2.0,833.0,2,416.5
AMA,FSM,1.0,339.0,1,339.0
AMA,GPT,1.0,254.0,1,254.0
AMA,GRK,1.0,219.5,1,219.5
AMA,GRR,1.0,441.0,1,441.0
AMA,GSO,1.0,319.5,1,319.5
AMA,GSP,2.0,743.0,2,371.5
AMA,HNL,2.0,1866.5,2,933.25
AMA,HOU,3.0,810.0,3,270.0
AMA,HRL,1.0,261.5,1,261.5
AMA,HSV,1.0,467.0,1,467.0
AMA,IAD,1.0,266.5,1,266.5
AMA,IAH,1.0,431.0,1,431.0
AMA,ILM,1.0,334.0,1,334.0
AMA,LAX,1.0,333.0,1,333.0
AMA,LEX,6.0,2113.5,6,352.25
AMA,LFT,2.0,711.0,2,355.5
AMA,LGA,1.0,346.5,1,346.5
AMA,MCI,2.0,507.5,2,253.75
AMA,MCO,5.0,2098.5,5,419.7
AMA,MEM,2.0,378.93,2,189.465
AMA,MFE,2.0,591.35,2,295.675
AMA,MHK,2.0,389.5,2,194.75
AMA,MIA,2.0,700.0,2,350.0
AMA,MKE,1.0,333.0,1,333.0
AMA,MSN,7.0,2409.0,7,344.14285714285717
AMA,MSP,1.0,480.56,1,480.56
AMA,MSS,1.0,420.0,1,420.0
AMA,MSY,2.0,598.69,2,299.345
AMA,MYR,3.0,712.87,3,237.62333333333333
AMA,OMA,4.0,1482.0,4,370.5
AMA,ONT,3.0,753.5,3,251.16666666666666
AMA,ORD,2.0,472.0,1,236.0
AMA,ORF,4.0,3132.0,4,783.0
AMA,PDX,2.0,338.0,2,169.0
AMA,PHL,3.0,2121.38,3,707.1266666666667
AMA,PHX,1.0,244.5,1,244.5
AMA,PIA,3.0,824.65,3,274.8833333333333
AMA,PNS,1.0,296.0,1,296.0
AMA,RAP,1.0,5.5,1,5.5
AMA,RIC,1.0,409.5,1,409.5
AMA,RSW,4.0,2194.0,4,548.5
AMA,SAT,2.0,616.5,2,308.25
AMA,SBP,1.0,299.0,1,299.0
AMA,SDF,1.0,269.0,1,269.0
AMA,SEA,3.0,1091.5,3,363.8333333333333
AMA,SFO,1.0,1796.0,1,1796.0
AMA,SGF,6.0,1369.07,6,228.1783333333333
AMA,SJT,1.0,234.0,1,234.0
AMA,SMF,1.0,205.0,1,205.0
AMA,SNA,1.0,203.5,1,203.5
AMA,SPI,1.0,329.0,1,329.0
AMA,TLH,1.0,426.5,1,426.5
AMA,TPA,2.0,717.0,2,358.5
AMA,TUS,1.0,346.5,1,346.5
AMA,TVC,1.0,299.0,1,299.0
AMA,TYS,8.0,2816.0,7,352.0
AMA,VPS,2.0,489.5,2,244.75
AMA,XNA,5.0,1584.5,5,316.9
ANC,ABI,2.0,694.96,2,347.48
ANC,AGS,1.0,289.2,1,289.2
ANC,BFL,1.0,224.5,1,224.5
ANC,BRO,1.0,384.5,1,384.5
ANC,CHA,4.0,1411.54,4,352.885
ANC,CID,3.0,1096.12,3,365.3733333333333
ANC,CLE,1.0,505.89,1,505.89
ANC,DAY,1.0,401.0,1,401.0
ANC,FAR,1.0,406.0,1,406.0
ANC,FSM,3.0,1098.08,3,366.02666666666664
ANC,GJT,1.0,369.35,1,369.35
ANC,GPT,7.0,2690.81,7,384.40142857142854
ANC,GRR,2.0,643.96,2,321.98
ANC,GSO,3.0,796.94,3,265.6466666666667
ANC,HRL,1.0,359.5,1,359.5
ANC,HSV,1.0,947.0,1,947.0
ANC,JAN,2.0,566.5,2,283.25
ANC,LAN,1.0,245.5,1,245.5
ANC,LCH,2.0,688.06,2,344.03
ANC,LEX,1.0,494.5,1,494.5
ANC,LFT,6.0,3216.48,6,536.08
ANC,LIT,4.0,1313.87,4,328.4675
ANC,MAF,1.0,264.5,1,264.5
ANC,MEM,1.0,269.2,1,269.2
ANC,MGM,1.0,379.5,1,379.5
ANC,MKE,1.0,1311.88,1,1311.88
ANC,MLI,3.0,1117.5,3,372.5
ANC,MSN,1.0,392.91,1,392.91
ANC,RIC,1.0,251.46,1,251.46
ANC,ROC,1.0,288.12,1,288.12
ANC,SGF,4.0,1827.8600000000001,4,456.96500000000003
ANC,SHV,1.0,408.39,1,408.39
ANC,SJT,3.0,1065.87,3,355.28999999999996
ANC,SYR,1.0,623.0,1,623.0
ANC,TUL,1.0,238.09,1,238.09
ANC,XNA,2.0,556.5,2,278.25
ART,FAT,1.0,248.0,1,248.0
ART,SGF,1.0,766.53,1,766.53
ASE,ABI,3.0,583.5,2,194.5
ASE,ATL,1.0,580.22,1,580.22
ASE,AUS,1.0,236.05,1,236.05
ASE,AVP,1.0,759.0,1,759.0
ASE,BDL,1.0,423.5,1,423.5
ASE,BHM,2.0,298.0,2,149.0
ASE,BTR,7.0,3104.0,6,443.42857142857144
ASE,BWI,1.0,327.5,1,327.5
ASE,CHA,2.0,1191.0,2,595.5
ASE,CMH,6.0,3909.0,5,651.5
ASE,CMI,3.0,1288.0,3,429.3333333333333
ASE,COU,1.0,871.98,1,871.98
ASE,CRP,3.0,1395.0,2,465.0
ASE,CVG,1.0,244.5,1,244.5
ASE,DTW,1.0,469.0,1,469.0
ASE,ECP,1.0,1415.5,1,1415.5
ASE,GPT,1.0,311.0,1,311.0
ASE,GRK,1.0,717.5,1,717.5
ASE,GRR,1.0,363.12,1,363.12
ASE,HPN,5.0,1021.0,4,204.2
ASE,HRL,1.0,307.5,1,307.5
ASE,HSV,1.0,5.5,1,5.5
ASE,IND,2.0,942.14,2,471.07
ASE,JAN,1.0,242.0,1,242.0
ASE,LEX,2.0,1203.5,2,601.75
ASE,LFT,2.0,1271.5,2,635.75
ASE,LGA,2.0,11.48,2,5.74
ASE,LIT,1.0,209.99,1,209.99
ASE,MGM,1.0,433.5,1,433.5
ASE,MKE,1.0,267.85,1,267.85
ASE,MQT,1.0,274.0,1,274.0
ASE,MSN,1.0,5.5,1,5.5
ASE,ORF,1.0,344.5,1,344.5
ASE,PIA,1.0,280.35,1,280.35
ASE,PNS,1.0,963.5,1,963.5
ASE,PVD,3.0,1234.56,3,411.52
ASE,RST,1.0,423.5,1,423.5
ASE,SHV,3.0,2364.5,3,788.1666666666666
ASE,SJT,1.0,509.0,1,509.0
ASE,STL,2.0,10.92,1,5.46
ASE,SYR,1.0,254.5,1,254.5
ASE,TLH,1.0,481.5,1,481.5
ASE,XNA,3.0,1089.98,3,363.32666666666665
ATL,ABI,16.0,5523.5,15,345.21875
ATL,ALO,1.0,269.0,1,269.0
ATL,AMA,2.0,731.0,2,365.5
ATL,ANC,1.0,514.0,1,514.0
ATL,ATW,2.0,504.5,2,252.25
ATL,ATY,1.0,364.0,1,364.0
ATL,AZO,2.0,356.5,2,178.25
ATL,BDL,2.0,238.5,2,119.25
ATL,BFL,12.0,3364.76,10,280.3966666666667
ATL,BIL,3.0,498.33,3,166.10999999999999
ATL,BIS,1.0,478.0,1,478.0
ATL,BOS,5.0,877.0,4,175.4
ATL,BRO,1.0,287.0,1,287.0
ATL,BTR,2.0,470.5,2,235.25
ATL,BTV,1.0,5.5,1,5.5
ATL,CID,10.0,3536.71,10,353.671
ATL,CLE,4.0,828.8,3,207.2
ATL,CLT,7.0,2021.21,7,288.7442857142857
ATL,CMH,4.0,597.53,4,149.3825
ATL,CMI,10.0,2065.68,10,206.56799999999998
ATL,COU,7.0,1707.62,7,243.94571428571427
ATL,CRP,7.0,1505.5,7,215.07142857142858
ATL,CVG,1.0,201.51,1,201.51
ATL,CWA,3.0,625.5,3,208.5
ATL,DAY,1.0,435.63,1,435.63
ATL,DCA,162.0,32974.26,113,203.54481481481483
ATL,DFW,12.0,2298.17,12,191.51416666666668
ATL,DRO,8.0,4274.5,8,534.3125
ATL,DSM,2.0,656.59,2,328.295
ATL,ELP,2.0,1369.87,2,684.935
ATL,EWR,2.0,554.0,2,277.0
ATL,EYW,1.0,288.0,1,288.0
ATL,FAI,1.0,1166.0,1,1166.0
ATL,FAR,8.0,2615.45,8,326.93125
ATL,FNT,4.0,1599.0,4,399.75
ATL,FSD,1.0,292.69,1,292.69
ATL,FSM,7.0,2456.5,7,350.92857142857144
ATL,GJT,7.0,3153.69,7,450.52714285714285
ATL,GNV,1.0,4.5,1,4.5
ATL,GRB,6.0,2756.5,6,459.4166666666667
ATL,GRK,21.0,6979.5,17,332.35714285714283
ATL,GRR,8.0,2909.66,8,363.7075
ATL,GSO,1.0,784.0,1,784.0
ATL,HHH,1.0,5.5,1,5.5
ATL,HRL,5.0,1301.0,5,260.2
ATL,ICT,4.0,1403.85,4,350.9625
ATL,IND,8.0,1623.5,7,202.9375
ATL,JAX,2.0,391.12,2,195.56
ATL,JNU,1.0,408.0,1,408.0
ATL,KOA,1.0,383.77,1,383.77
ATL,LAN,1.0,233.0,1,233.0
ATL,LAW,1.0,379.0,1,379.0
ATL,LAX,5.0,3545.86,5,709.172
ATL,LBB,2.0,669.0,2,334.5
ATL,LCH,4.0,962.0,4,240.5
ATL,LEX,1.0,139.0,1,139.0
ATL,LFT,3.0,744.63,3,248.21
ATL,LGA,2.0,303.65999999999997,2,151.82999999999998
ATL,LIT,6.0,924.5699999999999,6,154.095
ATL,LSE,11.0,3609.5,11,328.1363636363636
ATL,MAF,6.0,2235.5,6,372.5833333333333
ATL,MCI,6.0,1531.38,6,255.23000000000002
ATL,MCO,1.0,210.62,1,210.62
ATL,MDT,1.0,523.33,1,523.33
ATL,MEM,2.0,467.5,2,233.75
ATL,MFE,1.0,340.5,1,340.5
ATL,MHK,30.0,8941.64,28,298.05466666666666
ATL,MHT,2.0,862.0,2,431.0
ATL,MIA,131.0,27088.77,87,206.7845038167939
ATL,MKE,3.0,554.44,3,184.81333333333336
ATL,MLI,2.0,521.5,2,260.75
ATL,MRY,3.0,754.49,3,251.49666666666667
ATL,MSN,8.0,1740.53,8,217.56625
ATL,MSP,3.0,693.0,3,231.0
ATL,OMA,6.0,1685.87,5,280.9783333333333
ATL,ORD,494.0,90240.45,335,182.672975708502
ATL,ORF,1.0,453.0,1,453.0
ATL,PHX,1.0,382.0,1,382.0
ATL,PIA,10.0,3302.6,10,330.26
ATL,PIT,5.0,1209.22,5,241.844
ATL,PVD,1.0,588.0,1,588.0
ATL,PWM,1.0,258.0,1,258.0
ATL,RAP,5.0,1608.5,5,321.7
ATL,ROC,1.0,181.0,1,181.0
ATL,RST,2.0,594.5,2,297.25
ATL,SAF,2.0,502.16,2,251.08
ATL,SAT,1.0,517.0,1,517.0
ATL,SBA,1.0,1267.0,1,1267.0
ATL,SBP,7.0,2146.47,7,306.6385714285714
ATL,SEA,1.0,330.81,1,330.81
ATL,SFO,1.0,338.0,1,338.0
ATL,SGF,21.0,7118.7699999999995,21,338.9890476190476
ATL,SHV,6.0,1888.6799999999998,6,314.78
ATL,SJT,5.0,1632.5,5,326.5
ATL,SNA,1.0,532.06,1,532.06
ATL,STL,6.0,804.21,6,134.035
ATL,SYR,2.0,412.34000000000003,2,206.17000000000002
ATL,TPA,1.0,136.0,1,136.0
ATL,TRI,1.0,436.0,1,436.0
ATL,TUL,1.0,273.0,1,273.0
ATL,TVC,5.0,1510.46,5,302.092
ATL,XNA,24.0,8614.75,24,358.9479166666667
ATW,ABE,1.0,393.66,1,393.66
ATW,ABI,2.0,959.39,2,479.695
ATW,ACT,1.0,742.0,1,742.0
ATW,AGS,9.0,3012.8,9,334.7555555555556
ATW,ATL,4.0,1005.5,4,251.375
ATW,AUS,16.0,4646.52,16,290.4075
ATW,AVL,2.0,412.96000000000004,2,206.48000000000002
ATW,AVP,4.0,1594.67,4,398.6675
ATW,BDL,3.0,972.0,3,324.0
ATW,BFL,1.0,217.34,1,217.34
ATW,BGR,1.0,414.0,1,414.0
ATW,BHM,2.0,689.4,2,344.7
ATW,BMI,1.0,294.0,1,294.0
ATW,BNA,12.0,3794.5,12,316.2083333333333
ATW,BOI,1.0,628.0,1,628.0
ATW,BOS,8.0,1738.5,8,217.3125
ATW,BPT,1.0,314.5,1,314.5
ATW,BRO,2.0,570.5,2,285.25
ATW,BTR,5.0,1894.8,5,378.96
ATW,BUF,2.0,517.0,2,258.5
ATW,BUR,1.0,673.68,1,673.68
ATW,BWI,4.0,1499.88,4,374.97
ATW,BZN,2.0,647.5,2,323.75
ATW,CHA,1.0,169.5,1,169.5
ATW,CHO,1.0,322.0,1,322.0
ATW,CHS,7.0,2610.7,7,372.95714285714286
ATW,CLE,2.0,503.5,2,251.75
ATW,CLT,131.0,38812.58,113,296.27923664122136
ATW,CMH,7.0,2855.0,7,407.85714285714283
ATW,COU,1.0,334.0,1,334.0
ATW,CVG,6.0,1677.5,6,279.5833333333333
ATW,DAB,8.0,2383.5,7,297.9375
ATW,DAY,5.0,1275.5,4,255.1
ATW,DCA,14.0,4531.71,13,323.69357142857143
ATW,DEN,2.0,180.5,2,90.25
ATW,DFW,14.0,4408.68,14,314.9057142857143
ATW,DSM,1.0,294.0,1,294.0
ATW,ECP,18.0,5496.5,18,305.3611111111111
ATW,ELP,2.0,711.0,2,355.5
ATW,EWR,4.0,1054.0,4,263.5
ATW,EYW,26.0,8872.54,26,341.2515384615385
ATW,FAI,2.0,551.48,2,275.74
ATW,FAR,1.0,516.0,1,516.0
ATW,FAT,2.0,924.5,2,462.25
ATW,FLL,15.0,3897.16,15,259.81066666666663
ATW,FLO,1.0,339.87,1,339.87
ATW,FNT,2.0,811.5,2,405.75
ATW,FSD,1.0,444.0,1,444.0
ATW,GCK,1.0,652.5,1,652.5
ATW,GNV,1.0,357.5,1,357.5
ATW,GPT,5.0,1289.0,5,257.8
ATW,GRK,1.0,332.0,1,332.0
ATW,GRR,5.0,2357.5,5,471.5
ATW,GSO,3.0,633.11,3,211.03666666666666
ATW,GSP,2.0,665.41,2,332.705
ATW,HHH,2.0,794.5,2,397.25
ATW,HNL,1.0,553.5,1,553.5
ATW,HPN,4.0,991.5,4,247.875
ATW,HSV,1.0,238.0,1,238.0
ATW,IAH,8.0,2501.09,8,312.63625
ATW,ICT,2.0,898.0,2,449.0
ATW,ILM,2.0,666.3,2,333.15
ATW,IND,2.0,373.0,2,186.5
ATW,JAN,3.0,1386.79,2,462.2633333333333
ATW,JAX,11.0,3811.0,11,346.45454545454544
ATW,LAS,28.0,9616.13,26,343.43321428571426
ATW,LAW,1.0,453.5,1,453.5
ATW,LAX,11.0,3562.96,11,323.9054545454546
ATW,LBB,2.0,797.0,2,398.5
ATW,LEX,3.0,941.54,3,313.84666666666664
ATW,LGA,8.0,2758.5,7,344.8125
ATW,LGB,1.0,372.5,1,372.5
ATW,LIH,1.0,1477.23,1,1477.23
ATW,LIT,7.0,1971.87,7,281.69571428571425
ATW,LYH,3.0,954.26,3,318.08666666666664
ATW,MCI,9.0,2072.0,8,230.22222222222223
ATW,MCO,44.0,12311.85,38,279.8147727272727
ATW,MDT,1.0,223.55,1,223.55
ATW,MEM,7.0,2211.65,7,315.95
ATW,MFE,5.0,1531.5,5,306.3
ATW,MGM,1.0,246.86,1,246.86
ATW,MHT,2.0,1067.0,2,533.5
ATW,MIA,26.0,9008.11,26,346.46576923076924
ATW,MLB,1.0,571.0,1,571.0
ATW,MOB,6.0,2243.51,6,373.91833333333335
ATW,MSY,11.0,2950.32,11,268.2109090909091
ATW,MYR,10.0,3161.92,10,316.192
ATW,OAJ,2.0,619.5,2,309.75
ATW,OGG,1.0,591.44,1,591.44
ATW,OKC,5.0,1582.0,4,316.4
ATW,OMA,1.0,514.0,1,514.0
ATW,ONT,1.0,1088.0,1,1088.0
ATW,ORD,18.0,3459.0,16,192.16666666666666
ATW,ORF,2.0,842.0,2,421.0
ATW,PAH,1.0,479.0,1,479.0
ATW,PBI,11.0,4271.6,11,388.32727272727277
ATW,PHL,8.0,2816.77,8,352.09625
ATW,PHX,22.0,8645.92,22,392.99636363636364
ATW,PIT,2.0,760.5,2,380.25
ATW,PNS,9.0,2980.0299999999997,9,331.1144444444444
ATW,PSP,4.0,1300.7,3,325.175
ATW,PVD,3.0,846.0,3,282.0
ATW,PWM,2.0,575.8299999999999,2,287.91499999999996
ATW,RDU,7.0,1823.62,7,260.51714285714286
ATW,RIC,3.0,1319.81,3,439.93666666666667
ATW,RNO,2.0,1546.0,2,773.0
ATW,ROA,1.0,227.0,1,227.0
ATW,ROC,2.0,284.0,2,142.0
ATW,ROW,2.0,2118.0,2,1059.0
ATW,RSW,21.0,6722.58,19,320.12285714285713
ATW,SAN,12.0,4201.93,10,350.16083333333336
ATW,SAT,19.0,4894.74,18,257.6178947368421
ATW,SAV,13.0,4263.06,11,327.9276923076923
ATW,SCE,1.0,594.0,1,594.0
ATW,SDF,3.0,883.0,3,294.3333333333333
ATW,SEA,2.0,651.5,2,325.75
ATW,SFO,4.0,1320.0,4,330.0
ATW,SGF,3.0,1149.5,3,383.1666666666667
ATW,SHV,3.0,1495.98,3,498.66
ATW,SJU,18.0,6887.22,17,382.62333333333333
ATW,SLC,3.0,1368.5,3,456.1666666666667
ATW,SMF,2.0,390.77,2,195.385
ATW,SNA,6.0,1825.5,6,304.25
ATW,SRQ,12.0,3370.76,12,280.8966666666667
ATW,STL,7.0,2622.5,7,374.64285714285717
ATW,STT,13.0,7619.57,13,586.1207692307692
ATW,STX,4.0,1705.0,3,426.25
ATW,TLH,4.0,1638.5,4,409.625
ATW,TPA,35.0,9383.960000000001,34,268.11314285714286
ATW,TRI,2.0,868.5,2,434.25
ATW,TUL,6.0,2642.0,6,440.3333333333333
ATW,TUS,9.0,2836.0,8,315.1111111111111
ATW,TYS,6.0,1724.5,6,287.4166666666667
ATW,VPS,10.0,2496.54,9,249.654
ATW,XNA,3.0,867.0,3,289.0
ATW,YUM,2.0,1008.48,2,504.24
ATY,BNA,1.0,333.5,1,333.5
ATY,CMH,1.0,287.0,1,287.0
ATY,GRB,1.0,602.0,1,602.0
ATY,HPN,1.0,295.5,1,295.5
ATY,RIC,1.0,300.0,1,300.0
AUG,MAF,1.0,469.0,1,469.0
AUS,ABE,3.0,1412.05,3,470.68333333333334
AUS,ABI,2.0,431.0,2,215.5
AUS,ABQ,279.0,55561.38,181,199.14473118279568
AUS,AGS,6.0,1543.05,6,257.175
AUS,ALB,4.0,1839.23,4,459.8075
AUS,AMA,3.0,976.5,3,325.5
AUS,ASE,2.0,516.19,2,258.095
AUS,ATW,17.0,5442.82,17,320.16588235294114
AUS,AVL,7.0,2535.87,7,362.26714285714286
AUS,AVP,1.0,211.0,1,211.0
AUS,AZO,5.0,1277.3600000000001,5,255.47200000000004
AUS,BDL,10.0,3901.05,10,390.105
AUS,BFL,8.0,2071.52,8,258.94
AUS,BGR,1.0,410.48,1,410.48
AUS,BHM,6.0,1786.48,6,297.74666666666667
AUS,BIL,5.0,2076.0,5,415.2
AUS,BIS,2.0,881.0,2,440.5
AUS,BMI,4.0,1484.0,4,371.0
AUS,BNA,738.0,136874.04,389,185.46617886178862
AUS,BOI,2.0,593.0,2,296.5
AUS,BOS,4.0,873.0,4,218.25
AUS,BTR,17.0,4207.35,16,247.49117647058824
AUS,BUF,10.0,3183.41,10,318.341
AUS,BUR,1.0,383.0,1,383.0
AUS,BWI,9.0,3140.33,9,348.92555555555555
AUS,BZN,20.0,9330.51,19,466.5255
AUS,CAE,3.0,659.0,2,219.66666666666666
AUS,CGI,2.0,395.52,2,197.76
AUS,CHA,19.0,5294.29,18,278.64684210526315
AUS,CHS,2.0,1067.03,2,533.515
AUS,CID,22.0,7949.22,22,361.3281818181818
AUS,CLE,9.0,2311.67,9,256.8522222222222
AUS,CLT,35.0,8172.83,35,233.50942857142857
AUS,CMH,5.0,1240.08,5,248.016
AUS,CMI,17.0,5908.1,17,347.5352941176471
AUS,COU,11.0,3357.63,11,305.2390909090909
AUS,CVG,426.0,73973.89,249,173.64762910798123
AUS,CWA,8.0,2853.0,8,356.625
AUS,DAB,2.0,515.77,2,257.885
AUS,DAY,8.0,3258.0,8,407.25
AUS,DCA,61.0,15201.37,57,249.20278688524593
AUS,DEN,6.0,1477.18,6,246.1966666666667
AUS,DFW,135.0,30866.51,105,228.6408148148148
AUS,DRO,10.0,2631.14,10,263.114
AUS,DSM,8.0,2110.68,8,263.835
AUS,DTW,1.0,435.0,1,435.0
AUS,ECP,27.0,6228.45,24,230.68333333333334
AUS,ELP,520.0,83777.18,212,161.10996153846153
AUS,EVV,12.0,3344.63,12,278.7191666666667
AUS,EWR,6.0,1649.57,6,274.92833333333334
AUS,EYW,9.0,2088.83,8,232.0922222222222
AUS,FAR,17.0,6406.38,17,376.8458823529412
AUS,FAT,13.0,4205.55,12,323.50384615384615
AUS,FAY,1.0,332.5,1,332.5
AUS,FLL,1.0,313.0,1,313.0
AUS,FNT,10.0,2962.0,10,296.2
AUS,FSD,7.0,2144.01,7,306.2871428571429
AUS,FSM,3.0,786.5,3,262.1666666666667
AUS,FWA,7.0,2493.0,7,356.14285714285717
AUS,GEG,2.0,734.4300000000001,2,367.21500000000003
AUS,GJT,11.0,2835.56,11,257.7781818181818
AUS,GNV,5.0,1516.22,5,303.244
AUS,GPT,4.0,648.0,4,162.0
AUS,GRB,10.0,4152.5,10,415.25
AUS,GRR,38.0,11049.8,38,290.78421052631575
AUS,GSO,6.0,1247.41,6,207.90166666666667
AUS,GSP,7.0,1979.46,7,282.78000000000003
AUS,HHH,4.0,695.0,4,173.75
AUS,HNL,2.0,912.9300000000001,2,456.46500000000003
AUS,HPN,5.0,1503.44,5,300.688
AUS,HSV,10.0,2438.2,10,243.82
AUS,IAD,2.0,288.57,2,144.285
AUS,ICT,11.0,2723.0,11,247.54545454545453
AUS,IDA,1.0,207.0,1,207.0
AUS,ILM,2.0,2208.05,2,1104.025
AUS,IND,436.0,95554.06,290,219.16068807339448
AUS,JAN,18.0,3725.37,18,206.965
AUS,JAX,11.0,2575.6,11,234.14545454545453
AUS,JFK,6.0,1929.54,6,321.59
AUS,LAN,9.0,2935.38,9,326.15333333333336
AUS,LAS,8.0,1634.19,7,204.27375
AUS,LAW,1.0,133.5,1,133.5
AUS,LAX,12.0,4091.23,12,340.93583333333333
AUS,LBB,1.0,177.0,1,177.0
AUS,LEX,21.0,6199.58,20,295.21809523809526
AUS,LFT,9.0,2857.0,9,317.44444444444446
AUS,LGA,16.0,5520.9,15,345.05625
AUS,LIH,1.0,355.0,1,355.0
AUS,LIT,15.0,4485.0,14,299.0
AUS,LSE,16.0,7080.73,15,442.545625
AUS,MAF,1.0,228.5,1,228.5
AUS,MCI,342.0,58821.54,225,171.99280701754387
AUS,MCO,10.0,1510.97,10,151.097
AUS,MDT,3.0,1024.82,3,341.6066666666666
AUS,MEM,238.0,47342.18,142,198.91672268907564
AUS,MGM,9.0,2048.19,8,227.57666666666668
AUS,MHK,18.0,2885.77,14,160.32055555555556
AUS,MIA,731.0,217474.0,507,297.5020519835841
AUS,MKE,21.0,6137.4,21,292.25714285714287
AUS,MLI,18.0,6010.09,16,333.8938888888889
AUS,MOB,3.0,1350.5,3,450.1666666666667
AUS,MQT,1.0,222.0,1,222.0
AUS,MRY,5.0,1464.1399999999999,5,292.828
AUS,MSN,24.0,6223.77,24,259.32375
AUS,MSP,8.0,2905.6,7,363.2
AUS,MSY,779.0,139795.56,383,179.45514762516046
AUS,MWA,4.0,870.25,3,217.5625
AUS,MYR,2.0,1005.0,2,502.5
AUS,OAJ,1.0,365.41,1,365.41
AUS,OKC,59.0,9971.94,47,169.01593220338984
AUS,OMA,6.0,1226.28,6,204.38
AUS,ONT,2.0,498.0,2,249.0
AUS,ORD,652.0,174251.37,408,267.2567024539877
AUS,ORF,1.0,377.89,1,377.89
AUS,OWB,2.0,268.0,2,134.0
AUS,PBI,2.0,610.73,2,305.365
AUS,PDX,1.0,203.0,1,203.0
AUS,PHF,1.0,195.01,1,195.01
AUS,PHL,8.0,3083.1,8,385.3875
AUS,PHX,8.0,2383.7599999999998,8,297.96999999999997
AUS,PIA,26.0,8558.53,26,329.1742307692308
AUS,PIT,15.0,5798.86,14,386.59066666666666
AUS,PSP,266.0,83084.43,191,312.3474812030075
AUS,PVD,5.0,1314.3899999999999,5,262.878
AUS,PWM,1.0,339.0,1,339.0
AUS,RAP,3.0,903.0,3,301.0
AUS,RDU,783.0,163920.9,404,209.34980842911875
AUS,RIC,8.0,2053.22,8,256.6525
AUS,RNO,237.0,77631.54,168,327.5592405063291
AUS,ROC,9.0,2378.56,8,264.28444444444443
AUS,RST,14.0,4452.58,14,318.0414285714286
AUS,RSW,230.0,68968.55,141,299.86326086956524
AUS,SAF,5.0,958.48,5,191.696
AUS,SAN,1.0,197.82,1,197.82
AUS,SAV,11.0,3463.75,11,314.8863636363636
AUS,SBA,5.0,1287.69,5,257.538
AUS,SBN,1.0,522.0,1,522.0
AUS,SBP,6.0,2158.92,6,359.82
AUS,SDF,14.0,4440.37,14,317.1692857142857
AUS,SEA,1.0,265.0,1,265.0
AUS,SFO,4.0,1449.3500000000001,4,362.33750000000003
AUS,SGF,38.0,10229.39,34,269.1944736842105
AUS,SHV,4.0,1276.0,4,319.0
AUS,SJC,1.0,239.0,1,239.0
AUS,SJU,18.0,6553.78,17,364.0988888888889
AUS,SLC,5.0,2628.59,5,525.7180000000001
AUS,SMF,2.0,178.72,2,89.36
AUS,SNA,6.0,1649.18,6,274.86333333333334
AUS,STL,267.0,45035.39,175,168.67187265917602
AUS,STS,11.0,3370.96,11,306.4509090909091
AUS,STT,1.0,350.85,1,350.85
AUS,STX,1.0,522.36,1,522.36
AUS,SYR,10.0,3985.32,10,398.53200000000004
AUS,TLH,6.0,2238.12,6,373.02
AUS,TPA,6.0,1464.06,6,244.01
AUS,TRI,1.0,406.5,1,406.5
AUS,TUL,212.0,34715.2,150,163.7509433962264
AUS,TUS,5.0,1453.65,5,290.73
AUS,TVC,7.0,2642.95,7,377.5642857142857
AUS,TYS,3.0,617.65,3,205.88333333333333
AUS,VPS,25.0,6034.28,24,241.3712
AUS,XNA,42.0,11853.0,37,282.2142857142857
AUS,YUM,3.0,699.52,3,233.17333333333332
AVL,ABQ,11.0,3795.02,11,345.0018181818182
AVL,ACT,2.0,1543.0,2,771.5
AVL,AMA,2.0,643.0,2,321.5
AVL,ATW,2.0,410.03999999999996,2,205.01999999999998
AVL,AUS,12.0,3835.13,11,319.5941666666667
AVL,BFL,1.0,244.0,1,244.0
AVL,BIS,1.0,443.74,1,443.74
AVL,BLI,1.0,649.0,1,649.0
AVL,BOI,4.0,1144.0,4,286.0
AVL,BRO,1.0,281.75,1,281.75
AVL,BUR,4.0,1622.46,4,405.615
AVL,BZN,3.0,1066.0,3,355.3333333333333
AVL,COS,5.0,1298.0,4,259.6
AVL,COU,2.0,639.27,2,319.635
AVL,CRP,2.0,609.0,2,304.5
AVL,DEN,8.0,2036.51,8,254.56375
AVL,DFW,234.0,76722.99,154,327.87602564102565
AVL,DRO,2.0,604.06,2,302.03
AVL,DSM,2.0,163.0,2,81.5
AVL,EGE,2.0,693.0,2,346.5
AVL,ELP,7.0,2619.5,7,374.2142857142857
AVL,FAT,7.0,2649.52,7,378.5028571428571
AVL,FSD,1.0,288.0,1,288.0
AVL,FSM,1.0,214.0,1,214.0
AVL,GEG,1.0,848.0,1,848.0
AVL,GJT,2.0,272.5,2,136.25
AVL,GRK,2.0,872.0,2,436.0
AVL,GUC,4.0,1336.0,4,334.0
AVL,HDN,2.0,809.5,2,404.75
AVL,HNL,1.0,596.49,1,596.49
AVL,HOU,2.0,327.0,2,163.5
AVL,HRL,2.0,760.0,2,380.0
AVL,IAH,12.0,3085.55,12,257.12916666666666
AVL,ICT,1.0,369.0,1,369.0
AVL,IDA,1.0,386.0,1,386.0
AVL,JAC,1.0,518.5,1,518.5
AVL,LAS,15.0,6792.48,13,452.832
AVL,LAW,1.0,341.32,1,341.32
AVL,LAX,15.0,4517.71,15,301.1806666666667
AVL,LBB,2.0,701.0,2,350.5
AVL,LCH,1.0,218.5,1,218.5
AVL,LIT,1.0,270.19,1,270.19
AVL,LRD,1.0,388.55,1,388.55
AVL,MAF,6.0,2091.5,6,348.5833333333333
AVL,MCI,2.0,492.44,2,246.22
AVL,MEM,1.0,212.5,1,212.5
AVL,MHK,1.0,272.5,1,272.5
AVL,MRY,7.0,1501.17,7,214.45285714285714
AVL,MSO,2.0,580.5,2,290.25
AVL,MTJ,3.0,1314.25,3,438.0833333333333
AVL,OGG,1.0,270.5,1,270.5
AVL,OKC,5.0,1617.06,5,323.412
AVL,OMA,2.0,744.06,2,372.03
AVL,ONT,6.0,2096.5,6,349.4166666666667
AVL,PDX,7.0,2985.68,7,426.5257142857143
AVL,PHX,13.0,5063.11,13,389.46999999999997
AVL,PSP,13.0,5221.23,11,401.6330769230769
AVL,RAP,2.0,952.0,2,476.0
AVL,RNO,13.0,6826.85,13,525.1423076923077
AVL,ROW,2.0,585.0,2,292.5
AVL,RST,1.0,435.74,1,435.74
AVL,SAF,1.0,5.17,1,5.17
AVL,SAN,16.0,5406.27,15,337.891875
AVL,SAT,3.0,777.58,3,259.1933333333333
AVL,SBA,5.0,1595.04,5,319.008
AVL,SBP,2.0,648.5,2,324.25
AVL,SEA,5.0,2054.64,5,410.928
AVL,SFO,16.0,6124.15,15,382.759375
AVL,SGF,4.0,1071.65,4,267.9125
AVL,SHV,1.0,229.0,1,229.0
AVL,SJC,7.0,1841.0,6,263.0
AVL,SJT,1.0,409.0,1,409.0
AVL,SLC,11.0,3192.44,11,290.2218181818182
AVL,SMF,9.0,3458.1,9,384.23333333333335
AVL,SNA,17.0,5971.81,17,351.2829411764706
AVL,STS,2.0,1063.0,2,531.5
AVL,SWO,1.0,202.0,1,202.0
AVL,TLH,1.0,487.5,1,487.5
AVL,TUL,3.0,798.58,3,266.1933333333333
AVL,TUS,11.0,3114.5,11,283.1363636363636
AVL,XNA,1.0,272.5,1,272.5
AVP,AGS,1.0,143.5,1,143.5
AVP,ANC,1.0,11.0,1,11.0
AVP,ASE,1.0,759.0,1,759.0
AVP,ATW,2.0,761.3299999999999,2,380.66499999999996
AVP,ATY,1.0,278.0,1,278.0
AVP,AUS,1.0,211.0,1,211.0
AVP,BNA,3.0,1048.29,3,349.43
AVP,BOI,2.0,1148.0,2,574.0
AVP,BUR,1.0,278.11,1,278.11
AVP,CID,2.0,690.0,1,345.0
AVP,CLT,3.0,403.64,3,134.54666666666665
AVP,CMH,1.0,346.96,1,346.96
AVP,CWA,1.0,310.0,1,310.0
AVP,DAY,5.0,1564.1,5,312.82
AVP,DEN,3.0,1387.3899999999999,3,462.4633333333333
AVP,DFW,30.0,9190.2,30,306.34000000000003
AVP,EGE,1.0,471.0,1,471.0
AVP,ELP,1.0,176.0,1,176.0
AVP,FAT,1.0,459.0,1,459.0
AVP,FLL,1.0,171.27,1,171.27
AVP,FSM,2.0,1116.98,2,558.49
AVP,FWA,2.0,704.22,2,352.11
AVP,GGG,1.0,407.0,1,407.0
AVP,GRB,2.0,782.5,2,391.25
AVP,GSP,1.0,334.5,1,334.5
AVP,HHH,5.0,1012.5,5,202.5
AVP,HNL,1.0,5.5,1,5.5
AVP,IAH,1.0,345.47,1,345.47
AVP,ICT,2.0,1960.87,2,980.435
AVP,IND,9.0,3366.79,9,374.0877777777778
AVP,JAX,2.0,1112.54,2,556.27
AVP,KOA,1.0,5.0,1,5.0
AVP,LAN,1.0,298.0,1,298.0
AVP,LAS,12.0,5689.47,11,474.1225
AVP,LAX,13.0,6287.97,13,483.69
AVP,LEX,1.0,270.37,1,270.37
AVP,LSE,2.0,409.5,2,204.75
AVP,MAF,4.0,2143.5,4,535.875
AVP,MCI,2.0,648.1999999999999,2,324.09999999999997
AVP,MCO,4.0,1300.88,4,325.22
AVP,MEM,1.0,390.5,1,390.5
AVP,MIA,2.0,517.29,2,258.645
AVP,MKE,1.0,188.38,1,188.38
AVP,MLI,2.0,544.0,2,272.0
AVP,MLU,1.0,414.0,1,414.0
AVP,MSN,4.0,1235.02,4,308.755
AVP,MSY,4.0,1617.6399999999999,4,404.40999999999997
AVP,ONT,2.0,870.0,1,435.0
AVP,ORD,59.0,12842.42,50,217.66813559322034
AVP,PBI,3.0,971.03,3,323.6766666666667
AVP,PHX,21.0,9397.05,21,447.4785714285714
AVP,RNO,2.0,1246.5,2,623.25
AVP,RSW,1.0,5.0,1,5.0
AVP,SAN,1.0,557.32,1,557.32
AVP,SAT,3.0,494.73,3,164.91
AVP,SBP,1.0,436.25,1,436.25
AVP,SGF,8.0,2423.5299999999997,8,302.94124999999997
AVP,SJC,1.0,405.0,1,405.0
AVP,STL,2.0,725.77,2,362.885
AVP,TUL,1.0,531.73,1,531.73
AVP,TUS,5.0,1798.0,5,359.6
AVP,XNA,5.0,1741.0,5,348.2
AZO,ABQ,1.0,213.0,1,213.0
AZO,ATL,2.0,409.5,2,204.75
AZO,AUS,4.0,947.64,4,236.91
AZO,BDL,1.0,295.5,1,295.5
AZO,BGR,1.0,5.0,1,5.0
AZO,BNA,7.0,1540.5,7,220.07142857142858
AZO,BOS,3.0,738.51,3,246.17
AZO,BRO,1.0,238.0,1,238.0
AZO,BWI,3.0,534.5,3,178.16666666666666
AZO,CHS,1.0,643.67,1,643.67
AZO,CID,1.0,476.0,1,476.0
AZO,CLL,1.0,1076.0,1,1076.0
AZO,CLT,1.0,226.0,1,226.0
AZO,DAB,1.0,165.28,1,165.28
AZO,DCA,3.0,399.0,3,133.0
AZO,DEN,2.0,309.5,2,154.75
AZO,DFW,10.0,2389.99,10,238.99899999999997
AZO,DSM,2.0,490.5,2,245.25
AZO,EWR,2.0,417.0,2,208.5
AZO,EYW,1.0,513.5,1,513.5
AZO,FLL,4.0,693.4,4,173.35
AZO,GSO,1.0,208.5,1,208.5
AZO,HNL,1.0,5.39,1,5.39
AZO,HPN,1.0,222.0,1,222.0
AZO,HSV,1.0,303.0,1,303.0
AZO,IAH,5.0,1580.5,5,316.1
AZO,ICT,1.0,153.0,1,153.0
AZO,JAN,1.0,364.0,1,364.0
AZO,JAX,3.0,581.0,3,193.66666666666666
AZO,LAS,7.0,1719.04,7,245.57714285714286
AZO,LAX,6.0,2354.5,6,392.4166666666667
AZO,LFT,2.0,540.5,2,270.25
AZO,LGA,4.0,719.0,4,179.75
AZO,MCI,4.0,912.0,4,228.0
AZO,MCO,8.0,2333.03,8,291.62875
AZO,MEM,1.0,329.0,1,329.0
AZO,MFE,1.0,298.0,1,298.0
AZO,MHK,2.0,319.0,2,159.5
AZO,MIA,8.0,1411.27,8,176.40875
AZO,MQT,1.0,230.0,1,230.0
AZO,MSP,3.0,940.0,3,313.3333333333333
AZO,OKC,1.0,186.5,1,186.5
AZO,OMA,1.0,312.0,1,312.0
AZO,ORD,6.0,1423.5,5,237.25
AZO,ORF,1.0,150.5,1,150.5
AZO,PBI,5.0,1115.0,5,223.0
AZO,PHL,3.0,783.0,3,261.0
AZO,PHX,13.0,4027.63,12,309.8176923076923
AZO,PNS,1.0,875.0,1,875.0
AZO,PSP,3.0,218.4,3,72.8
AZO,RDU,4.0,1077.1,4,269.275
AZO,RST,1.0,138.5,1,138.5
AZO,RSW,6.0,1735.77,6,289.295
AZO,SAN,5.0,1311.0,5,262.2
AZO,SAT,2.0,618.0,2,309.0
AZO,SEA,3.0,420.79,3,140.26333333333335
AZO,SFO,2.0,504.0,2,252.0
AZO,SGF,1.0,83.0,1,83.0
AZO,SJU,1.0,493.0,1,493.0
AZO,SNA,7.0,1637.0,7,233.85714285714286
AZO,SRQ,2.0,169.27,2,84.635
AZO,STL,5.0,1198.5,5,239.7
AZO,TPA,4.0,1369.0,4,342.25
AZO,TUS,4.0,566.0,3,141.5
AZO,TXK,1.0,532.0,1,532.0
AZO,TYS,1.0,279.0,1,279.0
AZO,XNA,1.0,343.5,1,343.5
AZO,YUM,1.0,645.0,1,645.0
BDL,ABI,2.0,779.74,2,389.87
BDL,ALO,1.0,103.25,1,103.25
BDL,ASE,1.0,423.5,1,423.5
BDL,ATL,1.0,97.5,1,97.5
BDL,ATW,2.0,613.0,2,306.5
BDL,AUS,6.0,2152.95,6,358.825
BDL,AZO,1.0,295.5,1,295.5
BDL,BHM,3.0,1125.0,1,375.0
BDL,BMI,1.0,228.5,1,228.5
BDL,BNA,1.0,303.5,1,303.5
BDL,BRO,3.0,1295.77,2,431.92333333333335
BDL,BZN,1.0,152.0,1,152.0
BDL,CAK,1.0,235.0,1,235.0
BDL,CGI,1.0,377.94,1,377.94
BDL,CID,3.0,1228.31,3,409.43666666666667
BDL,CLE,1.0,263.01,1,263.01
BDL,CLT,4.0,1032.74,4,258.185
BDL,CMH,4.0,802.5,4,200.625
BDL,CMI,6.0,1861.1100000000001,6,310.185
BDL,COU,2.0,460.0,2,230.0
BDL,CRP,1.0,582.6,1,582.6
BDL,CVG,10.0,2110.73,10,211.073
BDL,CWA,3.0,898.5,3,299.5
BDL,DAY,2.0,241.33,2,120.665
BDL,DCA,39.0,8512.0,36,218.25641025641025
BDL,DEN,5.0,1092.57,5,218.51399999999998
BDL,DSM,6.0,1090.51,6,181.75166666666667
BDL,DTW,1.0,278.76,1,278.76
BDL,FAY,1.0,459.0,1,459.0
BDL,FNT,1.0,538.0,1,538.0
BDL,FSD,1.0,298.5,1,298.5
BDL,GJT,1.0,5.37,1,5.37
BDL,GRR,4.0,941.56,4,235.39
BDL,GSO,3.0,782.0,3,260.6666666666667
BDL,HRL,3.0,1649.7,3,549.9
BDL,HSV,1.0,127.32,1,127.32
BDL,IAH,6.0,819.34,6,136.55666666666667
BDL,ICT,1.0,362.07,1,362.07
BDL,IND,1.0,233.03,1,233.03
BDL,JAX,2.0,404.93,2,202.465
BDL,LAS,10.0,2933.27,10,293.327
BDL,LAX,13.0,3769.56,12,289.9661538461538
BDL,LEX,4.0,892.79,4,223.1975
BDL,LIT,8.0,1994.18,8,249.2725
BDL,LSE,6.0,2376.5,6,396.0833333333333
BDL,MAF,1.0,531.72,1,531.72
BDL,MCI,2.0,778.62,2,389.31
BDL,MCO,1.0,504.0,1,504.0
BDL,MEM,2.0,755.09,2,377.545
BDL,MHK,5.0,3917.69,5,783.538
BDL,MIA,3.0,474.09000000000003,3,158.03
BDL,MKE,2.0,965.1100000000001,2,482.55500000000006
BDL,MLI,5.0,1828.5,5,365.7
BDL,MQT,1.0,312.0,1,312.0
BDL,MRY,1.0,367.06,1,367.06
BDL,MSN,5.0,2655.98,5,531.196
BDL,OKC,3.0,922.14,3,307.38
BDL,OMA,3.0,890.5,3,296.8333333333333
BDL,ORD,85.0,24054.96,75,282.9995294117647
BDL,ORF,1.0,331.1,1,331.1
BDL,PBI,3.0,509.68,3,169.89333333333335
BDL,PHX,13.0,4995.26,13,384.25076923076927
BDL,PIA,6.0,2204.59,6,367.4316666666667
BDL,PIT,2.0,445.0,2,222.5
BDL,PNS,4.0,700.36,4,175.09
BDL,PSP,1.0,405.0,1,405.0
BDL,RST,2.0,736.0,2,368.0
BDL,RSW,8.0,1514.3,8,189.2875
BDL,SAN,9.0,4217.82,8,468.64666666666665
BDL,SDF,1.0,244.33,1,244.33
BDL,SFO,5.0,1677.2,5,335.44
BDL,SGF,5.0,1841.53,5,368.306
BDL,SMF,2.0,367.29999999999995,2,183.64999999999998
BDL,SNA,21.0,5661.2,18,269.5809523809524
BDL,STL,8.0,1988.73,8,248.59125
BDL,TLH,1.0,564.0,1,564.0
BDL,TUL,1.0,301.24,1,301.24
BDL,TUS,7.0,1429.0,6,204.14285714285714
BDL,TYS,1.0,301.0,1,301.0
BDL,XNA,7.0,1964.08,7,280.5828571428571
BFD,LAS,1.0,364.37,1,364.37
BFL,ABI,3.0,865.5,3,288.5
BFL,ABQ,9.0,2716.81,7,301.86777777777775
BFL,AGS,1.0,483.82,1,483.82
BFL,ANC,1.0,224.5,1,224.5
BFL,ATL,16.0,4317.24,14,269.8275
BFL,ATW,1.0,239.66,1,239.66
BFL,AUS,10.0,2677.48,10,267.748
BFL,AVL,1.0,244.0,1,244.0
BFL,BLI,1.0,479.0,1,479.0
BFL,BNA,1.0,806.17,1,806.17
BFL,BOI,10.0,2347.5,10,234.75
BFL,BOS,6.0,2246.33,6,374.3883333333333
BFL,BTR,3.0,1024.97,3,341.6566666666667
BFL,CHA,2.0,863.02,2,431.51
BFL,CLL,1.0,515.89,1,515.89
BFL,CLT,11.0,3656.43,11,332.40272727272725
BFL,CMH,1.0,5.5,1,5.5
BFL,COU,1.0,442.5,1,442.5
BFL,CRP,1.0,274.14,1,274.14
BFL,CRW,1.0,566.0,1,566.0
BFL,CVG,3.0,1154.9099999999999,3,384.96999999999997
BFL,DCA,5.0,2157.32,5,431.46400000000006
BFL,DEN,19.0,4634.0,19,243.89473684210526
BFL,DFW,8.0,2111.58,8,263.9475
BFL,DSM,1.0,443.5,1,443.5
BFL,DTW,6.0,2131.52,6,355.25333333333333
BFL,ELP,8.0,2813.5,8,351.6875
BFL,EUG,1.0,545.0,1,545.0
BFL,EVV,1.0,463.5,1,463.5
BFL,EWR,8.0,4685.88,8,585.735
BFL,FAR,2.0,782.3599999999999,2,391.17999999999995
BFL,FLG,5.0,1328.54,5,265.70799999999997
BFL,FSM,1.0,1419.0,1,1419.0
BFL,GEG,5.0,2035.13,5,407.026
BFL,GJT,1.0,509.0,1,509.0
BFL,GPT,3.0,743.83,3,247.94333333333336
BFL,GRR,3.0,1328.0,3,442.6666666666667
BFL,GSP,1.0,449.0,1,449.0
BFL,HOU,1.0,231.35,1,231.35
BFL,HRL,1.0,249.0,1,249.0
BFL,HSV,2.0,592.0,2,296.0
BFL,IAH,8.0,2061.46,8,257.6825
BFL,ICT,2.0,652.9,2,326.45
BFL,IDA,4.0,1047.5,4,261.875
BFL,IND,12.0,3928.69,12,327.3908333333333
BFL,ITO,1.0,621.0,1,621.0
BFL,JAC,1.0,248.5,1,248.5
BFL,JAN,2.0,913.0,2,456.5
BFL,JAX,1.0,508.76,1,508.76
BFL,JFK,4.0,1692.0,4,423.0
BFL,LBB,3.0,840.0799999999999,3,280.02666666666664
BFL,LCH,1.0,388.77,1,388.77
BFL,LEX,3.0,937.0,3,312.3333333333333
BFL,LFT,4.0,1831.22,4,457.805
BFL,LIT,5.0,2416.14,5,483.22799999999995
BFL,LYH,1.0,859.13,1,859.13
BFL,MAF,18.0,5616.39,17,312.0216666666667
BFL,MCI,7.0,2657.94,7,379.7057142857143
BFL,MCO,17.0,4976.93,17,292.7605882352941
BFL,MFE,1.0,198.0,1,198.0
BFL,MGM,2.0,713.5,2,356.75
BFL,MIA,8.0,3082.5,8,385.3125
BFL,MLI,2.0,663.0,2,331.5
BFL,MOB,1.0,404.0,1,404.0
BFL,MSP,4.0,2122.59,4,530.6475
BFL,MSY,12.0,4553.05,9,379.42083333333335
BFL,MYR,1.0,428.5,1,428.5
BFL,OKC,13.0,5278.0,13,406.0
BFL,OMA,3.0,622.85,3,207.61666666666667
BFL,ORD,11.0,4644.93,11,422.2663636363637
BFL,PDX,6.0,2109.5,6,351.5833333333333
BFL,PHL,8.0,3774.0,8,471.75
BFL,PHX,221.0,52936.85,178,239.53325791855204
BFL,PIT,3.0,1204.38,3,401.46000000000004
BFL,RDU,1.0,387.66,1,387.66
BFL,SAF,5.0,1206.5,5,241.3
BFL,SAT,7.0,2486.0,7,355.14285714285717
BFL,SAV,1.0,269.0,1,269.0
BFL,SDF,1.0,379.0,1,379.0
BFL,SEA,3.0,973.0,3,324.3333333333333
BFL,SGF,4.0,1942.66,4,485.665
BFL,SHV,2.0,839.6800000000001,2,419.84000000000003
BFL,SLC,22.0,6512.0,21,296.0
BFL,STL,7.0,2692.07,7,384.5814285714286
BFL,SYR,1.0,423.77,1,423.77
BFL,TLH,1.0,344.0,1,344.0
BFL,TPA,3.0,1946.5,3,648.8333333333334
BFL,TRI,1.0,304.0,1,304.0
BFL,TUL,3.0,1286.97,3,428.99
BFL,TUS,8.0,2422.5,8,302.8125
BFL,TVC,2.0,1397.65,2,698.825
BFL,XNA,3.0,1030.63,3,343.54333333333335
BGR,ATW,1.0,414.0,1,414.0
BGR,AUS,1.0,394.52,1,394.52
BGR,BNA,1.0,177.5,1,177.5
BGR,BRO,1.0,695.5,1,695.5
BGR,CMH,1.0,210.5,1,210.5
BGR,CRP,1.0,328.0,1,328.0
BGR,CVG,1.0,311.66,1,311.66
BGR,DCA,1.0,362.0,1,362.0
BGR,EYW,1.0,418.0,1,418.0
BGR,GJT,2.0,528.68,1,264.34
BGR,HSV,1.0,400.0,1,400.0
BGR,LAX,1.0,11.0,1,11.0
BGR,LIT,1.0,223.0,1,223.0
BGR,MAF,1.0,366.0,1,366.0
BGR,MCO,1.0,221.73,1,221.73
BGR,SEA,1.0,5.0,1,5.0
BGR,SGF,3.0,1797.0,2,599.0
BGR,STL,1.0,198.0,1,198.0
BGR,TUS,1.0,166.59,1,166.59
BGR,TYS,1.0,683.0,1,683.0
BHB,ORD,1.0,192.0,1,192.0
BHM,ABI,1.0,284.0,1,284.0
BHM,ABQ,2.0,584.0,2,292.0
BHM,ALB,2.0,756.0,2,378.0
BHM,ALO,1.0,564.0,1,564.0
BHM,AMA,3.0,1243.0,3,414.3333333333333
BHM,ASE,2.0,298.0,2,149.0
BHM,ATW,1.0,232.6,1,232.6
BHM,AUS,6.0,2331.52,5,388.58666666666664
BHM,BDL,7.0,2151.0,5,307.2857142857143
BHM,BIL,1.0,391.0,1,391.0
BHM,BOI,2.0,439.0,2,219.5
BHM,BOS,8.0,2424.0,8,303.0
BHM,BTV,1.0,457.0,1,457.0
BHM,BUF,2.0,630.0,2,315.0
BHM,BUR,2.0,315.5,2,157.75
BHM,CAK,3.0,875.5,3,291.8333333333333
BHM,CHO,1.0,768.0,1,768.0
BHM,CHS,6.0,1494.13,6,249.02166666666668
BHM,CID,7.0,3027.93,7,432.56142857142856
BHM,CLE,8.0,2272.2,8,284.025
BHM,CLL,1.0,122.0,1,122.0
BHM,CLT,93.0,25386.58,80,272.9739784946237
BHM,CMH,11.0,3371.85,11,306.53181818181815
BHM,CMI,1.0,589.0,1,589.0
BHM,COS,1.0,317.5,1,317.5
BHM,CRP,3.0,832.0,3,277.3333333333333
BHM,CRW,2.0,642.5,2,321.25
BHM,CVG,8.0,1723.63,7,215.45375
BHM,CWA,2.0,609.5,2,304.75
BHM,DAB,2.0,729.5,2,364.75
BHM,DAY,2.0,467.29999999999995,2,233.64999999999998
BHM,DCA,48.0,11259.25,42,234.56770833333334
BHM,DEN,2.0,473.44,2,236.72
BHM,DFW,157.0,40772.06,135,259.69464968152863
BHM,DRO,5.0,2326.0,5,465.2
BHM,DRT,1.0,174.0,1,174.0
BHM,DSM,12.0,3218.56,10,268.2133333333333
BHM,DTW,1.0,87.29,1,87.29
BHM,ELP,3.0,1354.0,3,451.3333333333333
BHM,EWR,17.0,4946.21,13,290.9535294117647
BHM,EYW,8.0,2508.58,8,313.5725
BHM,FAI,1.0,518.0,1,518.0
BHM,FAR,4.0,1534.58,4,383.645
BHM,FAT,3.0,899.5,3,299.8333333333333
BHM,FLL,2.0,218.98999999999998,2,109.49499999999999
BHM,FLO,2.0,643.0,2,321.5
BHM,FNT,1.0,176.42,1,176.42
BHM,FSM,1.0,431.0,1,431.0
BHM,FWA,1.0,488.0,1,488.0
BHM,GCK,1.0,873.0,1,873.0
BHM,GEG,2.0,532.0,2,266.0
BHM,GJT,7.0,3394.0,7,484.85714285714283
BHM,GNV,3.0,787.0,3,262.3333333333333
BHM,GRB,2.0,921.5,2,460.75
BHM,GRK,4.0,1095.0,4,273.75
BHM,GRR,8.0,2092.24,8,261.53
BHM,GSO,4.0,1033.5,3,258.375
BHM,GSP,5.0,1527.5,5,305.5
BHM,HNL,1.0,438.5,1,438.5
BHM,HOU,2.0,516.0,2,258.0
BHM,HPN,2.0,12.32,2,6.16
BHM,HRL,2.0,398.0,2,199.0
BHM,IAH,4.0,1309.45,4,327.3625
BHM,ICT,2.0,445.0,2,222.5
BHM,ILM,5.0,2170.0,5,434.0
BHM,IND,8.0,2212.64,7,276.58
BHM,JAX,3.0,815.51,3,271.83666666666664
BHM,JFK,3.0,846.63,3,282.21
BHM,JNU,1.0,5.0,1,5.0
BHM,KTN,1.0,5.54,1,5.54
BHM,LAN,3.0,504.88,3,168.29333333333332
BHM,LAS,40.0,17786.62,39,444.66549999999995
BHM,LAW,1.0,186.5,1,186.5
BHM,LAX,21.0,7797.19,20,371.2947619047619
BHM,LBB,1.0,355.0,1,355.0
BHM,LEX,2.0,570.47,2,285.235
BHM,LGA,3.0,1023.36,3,341.12
BHM,LIT,1.0,261.1,1,261.1
BHM,LSE,3.0,1174.5,3,391.5
BHM,LYH,1.0,472.0,1,472.0
BHM,MAF,2.0,634.5,2,317.25
BHM,MCI,9.0,2622.52,8,291.3911111111111
BHM,MCO,33.0,7077.74,32,214.4769696969697
BHM,MDT,1.0,310.0,1,310.0
BHM,MFE,1.0,295.5,1,295.5
BHM,MHK,1.0,252.5,1,252.5
BHM,MIA,290.0,100288.6,193,345.8227586206897
BHM,MKE,5.0,1311.77,5,262.354
BHM,MQT,1.0,322.5,1,322.5
BHM,MRY,4.0,1593.0,4,398.25
BHM,MSN,5.0,1368.1100000000001,5,273.622
BHM,MSP,21.0,5211.94,20,248.18761904761902
BHM,MYR,2.0,712.0,2,356.0
BHM,OKC,6.0,1528.0,6,254.66666666666666
BHM,OMA,9.0,3255.23,9,361.6922222222222
BHM,ONT,2.0,1236.59,2,618.295
BHM,ORD,215.0,40577.72,144,188.73358139534884
BHM,ORF,4.0,1456.5,4,364.125
BHM,PDX,4.0,1955.0,4,488.75
BHM,PHF,1.0,245.5,1,245.5
BHM,PHL,5.0,1527.5700000000002,5,305.514
BHM,PHX,26.0,9384.61,26,360.94653846153847
BHM,PIA,3.0,1036.55,3,345.51666666666665
BHM,PIT,1.0,188.9,1,188.9
BHM,PSP,3.0,866.5,3,288.8333333333333
BHM,RAP,3.0,685.0,3,228.33333333333334
BHM,RDM,1.0,623.0,1,623.0
BHM,RDU,17.0,4680.5,17,275.3235294117647
BHM,RIC,9.0,2566.5,7,285.1666666666667
BHM,RNO,1.0,364.0,1,364.0
BHM,ROA,2.0,455.5,2,227.75
BHM,RST,4.0,1340.8200000000002,4,335.20500000000004
BHM,SAN,21.0,6385.26,20,304.06
BHM,SAT,6.0,1476.01,5,246.00166666666667
BHM,SBA,2.0,956.0,2,478.0
BHM,SBP,2.0,570.0,2,285.0
BHM,SEA,6.0,1697.61,6,282.935
BHM,SFO,7.0,1608.69,7,229.81285714285715
BHM,SGF,8.0,3133.79,8,391.72375
BHM,SHD,3.0,1081.5,3,360.5
BHM,SHV,1.0,294.0,1,294.0
BHM,SJC,2.0,1004.0,2,502.0
BHM,SJU,15.0,6285.34,15,419.0226666666667
BHM,SLC,8.0,4867.45,8,608.43125
BHM,SMF,2.0,458.0,2,229.0
BHM,SNA,6.0,2100.5,6,350.0833333333333
BHM,STL,4.0,577.86,4,144.465
BHM,STT,12.0,5153.3,11,429.44166666666666
BHM,STX,5.0,2447.5,5,489.5
BHM,SYR,3.0,643.58,3,214.52666666666667
BHM,TPA,16.0,4212.2,15,263.2625
BHM,TRI,1.0,177.5,1,177.5
BHM,TUL,6.0,1942.42,6,323.7366666666667
BHM,TUS,9.0,2946.0,9,327.3333333333333
BHM,TVC,1.0,253.5,1,253.5
BHM,TXK,1.0,269.0,1,269.0
BHM,TYS,1.0,223.0,1,223.0
BHM,XNA,7.0,2293.44,7,327.63428571428574
BIL,ABI,2.0,964.5,2,482.25
BIL,ABQ,2.0,770.0,1,385.0
BIL,AGS,5.0,1702.87,5,340.57399999999996
BIL,AMA,2.0,680.0,2,340.0
BIL,ATL,10.0,3079.67,9,307.967
BIL,AUS,9.0,2494.0,9,277.1111111111111
BIL,AVL,1.0,333.0,1,333.0
BIL,BDL,1.0,433.0,1,433.0
BIL,BHM,1.0,391.0,1,391.0
BIL,BMI,1.0,592.0,1,592.0
BIL,BNA,11.0,3448.77,11,313.52454545454543
BIL,BOS,1.0,724.0,1,724.0
BIL,BRO,1.0,431.0,1,431.0
BIL,BTR,5.0,2558.0,5,511.6
BIL,BUF,6.0,2526.0,6,421.0
BIL,BWI,1.0,218.0,1,218.0
BIL,CAE,2.0,669.0,2,334.5
BIL,CHA,2.0,507.5,2,253.75
BIL,CHS,2.0,629.5,2,314.75
BIL,CLL,2.0,1062.0,2,531.0
BIL,CLT,7.0,2732.2,7,390.3142857142857
BIL,COU,1.0,425.5,1,425.5
BIL,CRP,2.0,801.0,2,400.5
BIL,CSG,2.0,746.5,2,373.25
BIL,CVG,1.0,358.0,1,358.0
BIL,DAB,2.0,1160.5,2,580.25
BIL,DAY,1.0,238.5,1,238.5
BIL,DCA,4.0,1956.5,4,489.125
BIL,DFW,143.0,45899.5,115,320.9755244755245
BIL,ECP,3.0,940.0,3,313.3333333333333
BIL,ELP,3.0,732.8900000000001,3,244.2966666666667
BIL,EVV,4.0,1275.0,4,318.75
BIL,EWR,1.0,503.0,1,503.0
BIL,EYW,3.0,1567.0,3,522.3333333333334
BIL,FLL,4.0,1318.0,4,329.5
BIL,FWA,2.0,825.0,2,412.5
BIL,GCK,1.0,370.0,1,370.0
BIL,GNV,2.0,830.74,2,415.37
BIL,GPT,5.0,1805.0,5,361.0
BIL,GRI,1.0,385.0,1,385.0
BIL,GRK,1.0,5.5,1,5.5
BIL,GRR,1.0,5.0,1,5.0
BIL,GSO,3.0,991.5,3,330.5
BIL,GSP,1.0,248.5,1,248.5
BIL,HNL,1.0,372.11,1,372.11
BIL,HOU,2.0,676.26,2,338.13
BIL,HRL,3.0,1333.0,3,444.3333333333333
BIL,IAD,1.0,309.0,1,309.0
BIL,IAH,13.0,5007.5,13,385.1923076923077
BIL,IND,1.0,152.5,1,152.5
BIL,JAN,2.0,688.5,2,344.25
BIL,JAX,5.0,1871.5,5,374.3
BIL,LAW,1.0,475.5,1,475.5
BIL,LCH,1.0,283.0,1,283.0
BIL,LFT,3.0,1544.5,3,514.8333333333334
BIL,LGA,6.0,1063.0,5,177.16666666666666
BIL,LIH,1.0,703.0,1,703.0
BIL,LIT,1.0,339.0,1,339.0
BIL,MAF,4.0,1844.2,4,461.05
BIL,MCO,21.0,6418.54,17,305.6447619047619
BIL,MFE,5.0,1636.0,5,327.2
BIL,MGM,2.0,712.0,2,356.0
BIL,MHK,1.0,452.0,1,452.0
BIL,MIA,7.0,3366.7200000000003,7,480.96000000000004
BIL,MLU,2.0,627.0,2,313.5
BIL,MOB,1.0,423.0,1,423.0
BIL,MSN,1.0,546.0,1,546.0
BIL,MSY,4.0,1732.0,4,433.0
BIL,MYR,1.0,348.5,1,348.5
BIL,OGG,2.0,632.0,2,316.0
BIL,OKC,7.0,2623.0,7,374.7142857142857
BIL,ORD,1.0,411.0,1,411.0
BIL,ORF,1.0,404.86,1,404.86
BIL,PBI,3.0,1279.0,3,426.3333333333333
BIL,PHL,3.0,1076.0,3,358.6666666666667
BIL,PHX,2.0,1095.0,2,547.5
BIL,PIT,3.0,917.0,3,305.6666666666667
BIL,PNS,2.0,759.5,2,379.75
BIL,RDU,2.0,497.0,1,248.5
BIL,RIC,4.0,1226.69,4,306.6725
BIL,RSW,3.0,1410.5,3,470.1666666666667
BIL,SAT,7.0,2493.56,7,356.22285714285715
BIL,SAV,1.0,351.0,1,351.0
BIL,SBN,3.0,1061.5,3,353.8333333333333
BIL,SCE,1.0,462.0,1,462.0
BIL,SDF,1.0,490.5,1,490.5
BIL,SGF,2.0,717.5,2,358.75
BIL,SJT,1.0,268.0,1,268.0
BIL,SJU,6.0,2499.49,6,416.58166666666665
BIL,SRQ,1.0,309.0,1,309.0
BIL,STL,3.0,1355.0,3,451.6666666666667
BIL,SYR,1.0,538.0,1,538.0
BIL,TLH,3.0,1024.0,3,341.3333333333333
BIL,TPA,7.0,2260.39,7,322.91285714285715
BIL,TRI,3.0,922.5,3,307.5
BIL,TUL,5.0,2555.0,5,511.0
BIL,TUS,2.0,791.5,2,395.75
BIL,TXK,1.0,368.0,1,368.0
BIL,VPS,1.0,323.0,1,323.0
BIL,XNA,1.0,477.0,1,477.0
BIL,YUM,1.0,363.5,1,363.5
BIS,ABI,3.0,1902.5,3,634.1666666666666
BIS,ATL,2.0,1097.0,2,548.5
BIS,AUS,1.0,568.38,1,568.38
BIS,AVL,1.0,487.26,1,487.26
BIS,BFL,1.0,619.0,1,619.0
BIS,BNA,2.0,798.0,2,399.0
BIS,BOS,1.0,5.0,1,5.0
BIS,BRO,2.0,548.0,2,274.0
BIS,BUF,1.0,279.0,1,279.0
BIS,CAE,1.0,238.5,1,238.5
BIS,CHS,1.0,441.0,1,441.0
BIS,CLT,2.0,827.5899999999999,2,413.79499999999996
BIS,CMI,1.0,518.5,1,518.5
BIS,CRP,1.0,308.5,1,308.5
BIS,DAY,2.0,932.0,2,466.0
BIS,DFW,50.0,18479.32,40,369.58639999999997
BIS,ELP,4.0,630.0,4,157.5
BIS,EYW,1.0,248.5,1,248.5
BIS,FLL,5.0,1779.5,5,355.9
BIS,FSM,1.0,581.0,1,581.0
BIS,GGG,1.0,298.5,1,298.5
BIS,GPT,2.0,436.0,2,218.0
BIS,GRK,1.0,248.5,1,248.5
BIS,GSP,1.0,5.0,1,5.0
BIS,HOU,1.0,328.0,1,328.0
BIS,HRL,1.0,324.0,1,324.0
BIS,IAH,5.0,2024.0,5,404.8
BIS,JAN,2.0,872.0,2,436.0
BIS,JAX,2.0,1238.0,1,619.0
BIS,LAS,2.0,424.0,2,212.0
BIS,LAX,1.0,247.16,1,247.16
BIS,LFT,3.0,2106.5,3,702.1666666666666
BIS,LIT,2.0,1129.5,2,564.75
BIS,MAF,2.0,958.0,2,479.0
BIS,MCI,1.0,275.0,1,275.0
BIS,MCO,5.0,988.5,5,197.7
BIS,MDT,1.0,364.0,1,364.0
BIS,MFE,5.0,2135.0,4,427.0
BIS,MIA,9.0,2905.5,9,322.8333333333333
BIS,MLU,1.0,554.0,1,554.0
BIS,MSY,3.0,641.5,3,213.83333333333334
BIS,OKC,1.0,335.86,1,335.86
BIS,PBI,1.0,5.0,1,5.0
BIS,PHX,5.0,1918.92,5,383.784
BIS,PIA,1.0,319.0,1,319.0
BIS,PNS,1.0,319.0,1,319.0
BIS,RDU,2.0,1166.0,2,583.0
BIS,RIC,1.0,5.5,1,5.5
BIS,RSW,3.0,1069.5,3,356.5
BIS,SAN,2.0,246.5,2,123.25
BIS,SAT,4.0,1203.0,4,300.75
BIS,SDF,1.0,198.5,1,198.5
BIS,SFO,1.0,778.0,1,778.0
BIS,SGF,5.0,1164.31,5,232.862
BIS,SJU,1.0,273.0,1,273.0
BIS,SMF,1.0,379.0,1,379.0
BIS,TLH,1.0,424.0,1,424.0
BIS,TPA,2.0,254.0,2,127.0
BIS,TXK,1.0,273.5,1,273.5
BIS,TYS,1.0,339.0,1,339.0
BIS,VPS,3.0,540.5,3,180.16666666666666
BIS,XNA,2.0,777.0,2,388.5
BKW,DFW,1.0,415.53,1,415.53
BKW,TLH,1.0,323.0,1,323.0
BKW,XNA,1.0,329.0,1,329.0
BLI,BFL,1.0,479.0,1,479.0
BLI,BMI,1.0,614.0,1,614.0
BLI,CVG,1.0,1151.41,1,1151.41
BMI,ABE,2.0,755.5,2,377.75
BMI,ABI,1.0,450.5,1,450.5
BMI,ABQ,2.0,1003.1,2,501.55
BMI,ALB,1.0,228.5,1,228.5
BMI,ATL,1.0,477.0,1,477.0
BMI,ATW,1.0,294.0,1,294.0
BMI,AUS,3.0,766.0,3,255.33333333333334
BMI,BDL,1.0,228.5,1,228.5
BMI,BIL,1.0,592.0,1,592.0
BMI,BLI,1.0,614.0,1,614.0
BMI,BOI,1.0,246.0,1,246.0
BMI,BOS,1.0,319.0,1,319.0
BMI,BRO,1.0,465.0,1,465.0
BMI,BUR,3.0,1057.2,3,352.40000000000003
BMI,BWI,2.0,503.0,2,251.5
BMI,CLE,2.0,683.5,2,341.75
BMI,CLT,5.0,1243.82,5,248.76399999999998
BMI,CMH,1.0,428.5,1,428.5
BMI,CRP,1.0,5.5,1,5.5
BMI,DAY,1.0,369.0,1,369.0
BMI,DCA,12.0,2216.0,10,184.66666666666666
BMI,DEN,9.0,2917.41,9,324.15666666666664
BMI,DFW,95.0,23590.93,76,248.32557894736843
BMI,DTW,3.0,861.0,3,287.0
BMI,EGE,1.0,5.0,1,5.0
BMI,ELP,1.0,420.0,1,420.0
BMI,EWR,3.0,1676.0,3,558.6666666666666
BMI,EYW,1.0,246.37,1,246.37
BMI,FAR,1.0,608.5,1,608.5
BMI,FAT,1.0,431.5,1,431.5
BMI,FLL,3.0,1189.03,3,396.3433333333333
BMI,GRB,1.0,179.0,1,179.0
BMI,GSP,1.0,229.0,1,229.0
BMI,HNL,1.0,5.46,1,5.46
BMI,HOU,5.0,1792.87,5,358.57399999999996
BMI,HPN,1.0,659.0,1,659.0
BMI,HRL,2.0,482.37,2,241.185
BMI,HSV,1.0,5.0,1,5.0
BMI,IAH,6.0,1927.0,6,321.1666666666667
BMI,ICT,2.0,574.48,2,287.24
BMI,IDA,1.0,404.0,1,404.0
BMI,IND,1.0,165.0,1,165.0
BMI,JAX,2.0,773.5,2,386.75
BMI,LAN,1.0,179.0,1,179.0
BMI,LAS,17.0,6761.17,17,397.7158823529412
BMI,LAX,11.0,3357.21,10,305.2009090909091
BMI,LCH,1.0,244.0,1,244.0
BMI,LGA,2.0,683.63,2,341.815
BMI,LIT,3.0,1410.5,3,470.1666666666667
BMI,MCI,5.0,1239.0,5,247.8
BMI,MCO,10.0,2817.4,10,281.74
BMI,MEM,2.0,379.0,2,189.5
BMI,MFE,2.0,16.0,2,8.0
BMI,MIA,7.0,2161.84,6,308.8342857142857
BMI,MRY,1.0,277.77,1,277.77
BMI,MSP,2.0,597.0,2,298.5
BMI,MSY,1.0,265.48,1,265.48
BMI,OKC,3.0,1264.35,3,421.45
BMI,ONT,2.0,670.5,2,335.25
BMI,ORD,3.0,796.0,3,265.3333333333333
BMI,PBI,3.0,532.17,3,177.39
BMI,PDX,1.0,5.5,1,5.5
BMI,PHL,3.0,1215.5,3,405.1666666666667
BMI,PHX,14.0,3773.65,13,269.5464285714286
BMI,PIT,3.0,1033.5,3,344.5
BMI,PNS,1.0,296.0,1,296.0
BMI,PSP,5.0,2361.0,5,472.2
BMI,RAP,1.0,352.0,1,352.0
BMI,RDU,3.0,1081.0,3,360.3333333333333
BMI,RIC,1.0,489.0,1,489.0
BMI,RNO,1.0,5.5,1,5.5
BMI,ROC,1.0,442.0,1,442.0
BMI,RSW,5.0,1811.8400000000001,5,362.36800000000005
BMI,SAF,1.0,271.0,1,271.0
BMI,SAN,12.0,4915.11,12,409.5925
BMI,SAT,7.0,2115.35,7,302.1928571428571
BMI,SBA,1.0,5.0,1,5.0
BMI,SBP,1.0,464.0,1,464.0
BMI,SEA,6.0,2233.2,6,372.2
BMI,SFO,11.0,3832.54,11,348.4127272727273
BMI,SHV,1.0,5.0,1,5.0
BMI,SJC,5.0,2308.0,5,461.6
BMI,SJT,1.0,348.0,1,348.0
BMI,SLC,5.0,2058.27,5,411.654
BMI,SMF,2.0,1295.0,2,647.5
BMI,SNA,3.0,1056.95,3,352.31666666666666
BMI,SRQ,1.0,193.0,1,193.0
BMI,SYR,2.0,832.0,2,416.0
BMI,TPA,7.0,1715.81,7,245.1157142857143
BMI,TUL,2.0,888.0,1,444.0
BMI,TUS,6.0,2038.54,6,339.75666666666666
BMI,TVC,1.0,369.0,1,369.0
BMI,TYS,1.0,613.5,1,613.5
BMI,VPS,1.0,303.0,1,303.0
BMI,XNA,2.0,681.27,2,340.635
BNA,ABI,26.0,6719.5,14,258.4423076923077
BNA,ABQ,8.0,1540.21,8,192.52625
BNA,AGS,2.0,543.5,2,271.75
BNA,ALB,7.0,1733.5,7,247.64285714285714
BNA,ALO,5.0,1766.5,5,353.3
BNA,AMA,2.0,887.49,2,443.745
BNA,ATW,12.0,3598.5,12,299.875
BNA,ATY,1.0,333.5,1,333.5
BNA,AUS,746.0,138337.77,394,185.43936997319034
BNA,AVP,3.0,883.71,3,294.57
BNA,AZO,9.0,1902.5,9,211.38888888888889
BNA,BDL,2.0,819.5,2,409.75
BNA,BFL,1.0,600.83,1,600.83
BNA,BGR,2.0,959.5,2,479.75
BNA,BIL,5.0,1623.23,5,324.646
BNA,BIS,1.0,294.0,1,294.0
BNA,BMI,2.0,1042.0,2,521.0
BNA,BOI,3.0,973.0,2,324.3333333333333
BNA,BOS,16.0,3440.63,14,215.039375
BNA,BRO,2.0,708.0,2,354.0
BNA,BTR,1.0,288.0,1,288.0
BNA,BTV,8.0,2516.5,8,314.5625
BNA,BUF,6.0,2432.0,6,405.3333333333333
BNA,BZN,3.0,904.4200000000001,3,301.47333333333336
BNA,CAK,1.0,775.0,1,775.0
BNA,CHS,1.0,327.0,1,327.0
BNA,CID,9.0,3451.41,9,383.49
BNA,CKB,1.0,298.0,1,298.0
BNA,CLE,10.0,2038.05,10,203.805
BNA,CLT,58.0,6962.07,58,120.0356896551724
BNA,CMH,8.0,1387.16,8,173.395
BNA,CMI,6.0,1614.0,6,269.0
BNA,COS,1.0,440.0,1,440.0
BNA,COU,3.0,821.08,3,273.6933333333333
BNA,CRP,6.0,1867.0,6,311.1666666666667
BNA,CWA,9.0,3373.5,9,374.8333333333333
BNA,DCA,369.0,64994.28,304,176.13626016260162
BNA,DEN,5.0,625.17,5,125.03399999999999
BNA,DFW,22.0,5125.99,22,232.99954545454545
BNA,DRO,5.0,1689.0,5,337.8
BNA,DSM,5.0,1098.5,5,219.7
BNA,DTW,2.0,710.8,2,355.4
BNA,ELP,24.0,6044.86,24,251.86916666666664
BNA,EYW,20.0,7383.26,18,369.163
BNA,FAI,1.0,11.0,1,11.0
BNA,FAR,6.0,1914.5,6,319.0833333333333
BNA,FLG,1.0,318.44,1,318.44
BNA,FNT,3.0,743.0,3,247.66666666666666
BNA,FSD,3.0,1000.5,3,333.5
BNA,FSM,6.0,1845.5,6,307.5833333333333
BNA,FWA,1.0,310.0,1,310.0
BNA,GJT,10.0,2742.0,10,274.2
BNA,GRB,10.0,3216.5,10,321.65
BNA,GRK,14.0,3455.0,14,246.78571428571428
BNA,GRR,15.0,3669.5,15,244.63333333333333
BNA,GSP,5.0,1131.0,5,226.2
BNA,HHH,7.0,1728.5,6,246.92857142857142
BNA,HNL,1.0,604.72,1,604.72
BNA,HPN,1.0,87.5,1,87.5
BNA,HRL,2.0,557.5,2,278.75
BNA,ICT,22.0,6234.13,22,283.36954545454546
BNA,IND,12.0,2636.7200000000003,9,219.7266666666667
BNA,JAC,1.0,388.5,1,388.5
BNA,JAX,2.0,431.35,2,215.675
BNA,JFK,2.0,425.3,2,212.65
BNA,LAN,8.0,1601.54,8,200.1925
BNA,LAS,3.0,686.0,3,228.66666666666666
BNA,LAX,13.0,3501.68,13,269.36
BNA,LBB,5.0,1332.5,5,266.5
BNA,LCH,7.0,1865.0,7,266.42857142857144
BNA,LFT,10.0,2719.15,10,271.915
BNA,LGA,2.0,387.28,2,193.64
BNA,LIT,3.0,791.72,3,263.9066666666667
BNA,LSE,13.0,4858.0,13,373.6923076923077
BNA,MAF,5.0,1396.0,5,279.2
BNA,MCI,5.0,1023.92,5,204.784
BNA,MCO,1.0,402.0,1,402.0
BNA,MDT,1.0,987.0,1,987.0
BNA,MHK,14.0,3622.56,14,258.7542857142857
BNA,MHT,7.0,2485.09,7,355.0128571428572
BNA,MIA,628.0,156332.2,444,248.93662420382168
BNA,MKE,6.0,1272.73,6,212.12166666666667
BNA,MLI,10.0,2978.5,10,297.85
BNA,MRY,6.0,1361.34,6,226.89
BNA,MSN,8.0,2462.64,8,307.83
BNA,MSO,1.0,268.5,1,268.5
BNA,MSP,18.0,4203.1900000000005,17,233.51055555555558
BNA,MSY,8.0,1332.24,8,166.53
BNA,OKC,7.0,1152.8600000000001,7,164.69428571428574
BNA,OMA,23.0,5152.95,23,224.04130434782607
BNA,ORD,635.0,129675.63,420,204.2135905511811
BNA,ORF,6.0,2411.0,6,401.8333333333333
BNA,PDX,5.0,904.5,5,180.9
BNA,PHL,2.0,460.53999999999996,2,230.26999999999998
BNA,PHX,20.0,6811.22,20,340.56100000000004
BNA,PIA,9.0,2845.86,9,316.2066666666667
BNA,PIT,5.0,1519.74,5,303.948
BNA,PSP,6.0,1969.25,6,328.2083333333333
BNA,PVD,8.0,2306.33,8,288.29125
BNA,PWM,23.0,5672.99,19,246.65173913043478
BNA,RAP,6.0,2755.5,6,459.25
BNA,RNO,17.0,4365.37,16,256.78647058823526
BNA,ROC,5.0,1117.1399999999999,5,223.42799999999997
BNA,RST,10.0,2484.0,10,248.4
BNA,RSW,2.0,852.1,2,426.05
BNA,SAN,4.0,1626.25,4,406.5625
BNA,SAV,1.0,114.13,1,114.13
BNA,SBA,1.0,11.0,1,11.0
BNA,SBP,3.0,1475.96,3,491.9866666666667
BNA,SEA,5.0,888.0,5,177.6
BNA,SFO,3.0,636.61,3,212.20333333333335
BNA,SGF,17.0,5949.79,17,349.98764705882354
BNA,SHV,12.0,3825.0,12,318.75
BNA,SJT,9.0,3305.0,8,367.22222222222223
BNA,SJU,9.0,5656.03,9,628.4477777777778
BNA,SLC,1.0,271.0,1,271.0
BNA,SMF,8.0,1676.5,8,209.5625
BNA,SNA,2.0,675.0,2,337.5
BNA,SRQ,1.0,130.63,1,130.63
BNA,STL,3.0,691.5799999999999,3,230.52666666666664
BNA,STS,3.0,807.13,3,269.04333333333335
BNA,SYR,16.0,3924.7,15,245.29375
BNA,TLH,4.0,1483.87,4,370.9675
BNA,TPA,990.0,174935.91,519,176.7029393939394
BNA,TUL,2.0,563.61,2,281.805
BNA,TVC,6.0,1587.0,6,264.5
BNA,VPS,1.0,237.0,1,237.0
BNA,XNA,37.0,11021.8,37,297.8864864864865
BOI,ABI,3.0,1059.0,1,353.0
BOI,AVL,2.0,632.0,2,316.0
BOI,BFL,5.0,1204.5,5,240.9
BOI,BRO,1.0,307.0,1,307.0
BOI,BTR,2.0,807.0,2,403.5
BOI,CHA,1.0,519.5,1,519.5
BOI,COU,2.0,823.5,2,411.75
BOI,CRP,3.0,1674.0,3,558.0
BOI,DAY,1.0,599.5,1,599.5
BOI,DRO,1.0,211.33,1,211.33
BOI,EVV,1.0,479.0,1,479.0
BOI,FAT,2.0,561.0,2,280.5
BOI,FSM,1.0,544.77,1,544.77
BOI,GNV,2.0,534.0,2,267.0
BOI,GRR,1.0,411.07,1,411.07
BOI,HSV,2.0,283.77,2,141.885
BOI,JAN,2.0,454.0,2,227.0
BOI,LBB,2.0,560.36,2,280.18
BOI,LFT,1.0,837.52,1,837.52
BOI,MAF,4.0,1175.51,4,293.8775
BOI,MGM,4.0,938.5,4,234.625
BOI,MHK,4.0,1871.62,4,467.905
BOI,MOB,2.0,556.5,2,278.25
BOI,MQT,1.0,251.12,1,251.12
BOI,PIA,1.0,298.5,1,298.5
BOI,PNS,1.0,409.5,1,409.5
BOI,SAT,1.0,623.68,1,623.68
BOI,SBP,4.0,890.5,4,222.625
BOI,SGF,4.0,1419.5,4,354.875
BOI,SHV,2.0,446.0,1,223.0
BOI,TVC,1.0,325.84,1,325.84
BOI,XNA,4.0,1343.0,4,335.75
BOS,ABI,6.0,1782.52,6,297.08666666666664
BOS,AGS,1.0,3.64,1,3.64
BOS,ALO,5.0,1321.29,5,264.258
BOS,AMA,3.0,1028.0,3,342.6666666666667
BOS,ATL,1.0,281.01,1,281.01
BOS,ATW,2.0,699.5,2,349.75
BOS,AUS,4.0,1033.0,4,258.25
BOS,AZO,2.0,726.49,2,363.245
BOS,BFL,4.0,1141.67,4,285.4175
BOS,BHM,3.0,794.0,3,264.6666666666667
BOS,BMI,1.0,319.0,1,319.0
BOS,BNA,5.0,1177.4,5,235.48000000000002
BOS,BRO,2.0,815.03,2,407.515
BOS,BTR,2.0,355.21000000000004,2,177.60500000000002
BOS,BUR,1.0,490.46,1,490.46
BOS,BZN,5.0,1293.71,3,258.742
BOS,CID,14.0,4814.15,14,343.86785714285713
BOS,CLT,3.0,152.89999999999998,2,50.96666666666666
BOS,CMH,179.0,36867.28,130,205.96245810055865
BOS,CMI,12.0,4016.63,12,334.7191666666667
BOS,COU,5.0,1345.5,5,269.1
BOS,CRP,7.0,2778.71,7,396.9585714285714
BOS,CVG,286.0,71668.28,199,250.58839160839162
BOS,CWA,5.0,1602.69,5,320.538
BOS,DAY,1.0,364.81,1,364.81
BOS,DEN,10.0,1903.03,9,190.303
BOS,DFW,6.0,2024.4099999999999,6,337.40166666666664
BOS,DRO,4.0,1316.27,4,329.0675
BOS,DSM,14.0,3207.65,14,229.11785714285716
BOS,DTW,1.0,476.0,1,476.0
BOS,ELP,6.0,1338.33,6,223.05499999999998
BOS,EYW,4.0,830.18,4,207.545
BOS,FAR,1.0,187.68,1,187.68
BOS,FAT,1.0,381.18,1,381.18
BOS,FNT,3.0,649.0,3,216.33333333333334
BOS,FSD,3.0,536.62,3,178.87333333333333
BOS,FSM,4.0,1439.5,4,359.875
BOS,FWA,1.0,151.18,1,151.18
BOS,GJT,3.0,1064.76,3,354.92
BOS,GNV,1.0,148.0,1,148.0
BOS,GRK,2.0,413.14,2,206.57
BOS,GRR,9.0,2285.41,9,253.93444444444444
BOS,GSP,4.0,1135.59,4,283.8975
BOS,HHH,6.0,1033.25,6,172.20833333333334
BOS,HOU,2.0,614.24,2,307.12
BOS,HSV,4.0,844.09,4,211.0225
BOS,IAH,4.0,1717.15,4,429.2875
BOS,ICT,10.0,2985.32,10,298.53200000000004
BOS,ILM,1.0,325.97,1,325.97
BOS,IND,4.0,1118.0700000000002,4,279.51750000000004
BOS,JAC,4.0,986.81,4,246.7025
BOS,JAX,1.0,268.67,1,268.67
BOS,LAN,1.0,265.0,1,265.0
BOS,LAS,16.0,5454.84,16,340.9275
BOS,LAW,3.0,887.86,3,295.9533333333333
BOS,LAX,8.0,2085.02,8,260.6275
BOS,LBB,1.0,273.5,1,273.5
BOS,LCH,2.0,526.0,2,263.0
BOS,LEX,16.0,4356.15,16,272.259375
BOS,LFT,2.0,641.55,2,320.775
BOS,LIT,26.0,7856.79,25,302.1842307692308
BOS,LSE,2.0,937.5,2,468.75
BOS,MAF,2.0,784.5,2,392.25
BOS,MCI,10.0,2098.21,10,209.821
BOS,MDT,1.0,108.9,1,108.9
BOS,MEM,17.0,4841.1,15,284.77058823529416
BOS,MFE,2.0,1466.3899999999999,2,733.1949999999999
BOS,MHK,8.0,2206.44,8,275.805
BOS,MIA,1.0,105.5,1,105.5
BOS,MKE,2.0,233.27,2,116.635
BOS,MKG,1.0,143.0,1,143.0
BOS,MLI,8.0,2290.5,8,286.3125
BOS,MQT,1.0,262.0,1,262.0
BOS,MRY,2.0,509.19,2,254.595
BOS,MSN,5.0,1667.24,5,333.448
BOS,MSY,1.0,112.72,1,112.72
BOS,OKC,6.0,2732.89,6,455.4816666666666
BOS,OMA,6.0,2033.42,6,338.90333333333336
BOS,ORD,689.0,123762.01,434,179.6255587808418
BOS,PHX,5.0,2948.3199999999997,5,589.664
BOS,PIA,13.0,3399.01,13,261.4623076923077
BOS,RST,4.0,853.0,4,213.25
BOS,SAF,4.0,1590.33,4,397.5825
BOS,SAN,3.0,1900.8,3,633.6
BOS,SAT,1.0,131.0,1,131.0
BOS,SAV,1.0,62.98,1,62.98
BOS,SBP,6.0,2283.24,5,380.53999999999996
BOS,SDF,28.0,8606.21,27,307.3646428571428
BOS,SEA,1.0,11.0,1,11.0
BOS,SFO,1.0,1387.0,1,1387.0
BOS,SGF,25.0,7196.52,24,287.86080000000004
BOS,SHV,7.0,2325.39,7,332.1985714285714
BOS,SJT,6.0,1794.55,6,299.09166666666664
BOS,SLC,5.0,862.99,5,172.598
BOS,SMF,3.0,670.0,3,223.33333333333334
BOS,SNA,1.0,159.0,1,159.0
BOS,STL,42.0,9591.28,32,228.36380952380955
BOS,TLH,5.0,1463.13,5,292.62600000000003
BOS,TUS,2.0,559.0,2,279.5
BOS,TVC,2.0,752.5,2,376.25
BOS,TYS,1.0,161.48,1,161.48
BOS,UIN,1.0,255.21,1,255.21
BOS,XNA,56.0,18816.85,55,336.0151785714285
BPT,ATW,1.0,314.5,1,314.5
BPT,CMI,1.0,292.0,1,292.0
BPT,DRO,1.0,360.5,1,360.5
BPT,EVV,1.0,279.0,1,279.0
BPT,FNT,1.0,332.5,1,332.5
BPT,ICT,1.0,194.5,1,194.5
BPT,LBB,1.0,143.0,1,143.0
BPT,LIT,1.0,114.5,1,114.5
BPT,MAF,2.0,394.0,2,197.0
BPT,MLI,1.0,399.0,1,399.0
BPT,MSN,1.0,298.82,1,298.82
BPT,RAP,2.0,851.0,1,425.5
BPT,SGF,1.0,274.5,1,274.5
BRL,HPN,1.0,177.5,1,177.5
BRL,OKC,1.0,179.0,1,179.0
BRO,ABI,1.0,286.0,1,286.0
BRO,ABQ,2.0,220.0,2,110.0
BRO,ACT,1.0,1139.0,1,1139.0
BRO,AEX,1.0,429.0,1,429.0
BRO,ALB,1.0,402.0,1,402.0
BRO,AMA,3.0,728.0,3,242.66666666666666
BRO,ANC,1.0,384.5,1,384.5
BRO,ATL,19.0,8469.0,13,445.7368421052632
BRO,ATW,2.0,570.5,2,285.25
BRO,AUS,4.0,1587.5,4,396.875
BRO,AVL,1.0,251.25,1,251.25
BRO,AVP,1.0,497.0,1,497.0
BRO,AZO,1.0,238.0,1,238.0
BRO,BDL,6.0,2657.23,5,442.87166666666667
BRO,BFL,3.0,1207.0,3,402.3333333333333
BRO,BGR,1.0,695.5,1,695.5
BRO,BHM,2.0,585.0,2,292.5
BRO,BIL,3.0,1334.0,3,444.6666666666667
BRO,BIS,4.0,1442.0,4,360.5
BRO,BMI,1.0,465.0,1,465.0
BRO,BNA,11.0,4231.0,10,384.6363636363636
BRO,BOI,1.0,307.0,1,307.0
BRO,BOS,21.0,8716.35,16,415.06428571428575
BRO,BTR,3.0,1161.5,3,387.1666666666667
BRO,BTV,2.0,1571.27,2,785.635
BRO,BUF,1.0,5.2,1,5.2
BRO,BWI,7.0,3387.86,7,483.98
BRO,CHA,1.0,464.0,1,464.0
BRO,CHO,1.0,378.0,1,378.0
BRO,CHS,5.0,2047.0,5,409.4
BRO,CID,4.0,1296.5,4,324.125
BRO,CLE,3.0,559.0,3,186.33333333333334
BRO,CLL,3.0,651.0,3,217.0
BRO,CLT,18.0,7702.28,15,427.90444444444444
BRO,CMH,18.0,6391.69,14,355.09388888888884
BRO,COS,5.0,1648.5,5,329.7
BRO,COU,2.0,198.5,2,99.25
BRO,CVG,8.0,4348.0,7,543.5
BRO,CWA,1.0,306.5,1,306.5
BRO,DAB,1.0,587.41,1,587.41
BRO,DAY,2.0,802.0,2,401.0
BRO,DCA,15.0,5010.05,11,334.00333333333333
BRO,DEN,14.0,4939.82,12,352.8442857142857
BRO,DFW,125.0,35657.95,88,285.2636
BRO,DRO,3.0,745.5,3,248.5
BRO,DSM,9.0,3153.0,9,350.3333333333333
BRO,DTW,28.0,12786.5,26,456.6607142857143
BRO,EGE,1.0,457.0,1,457.0
BRO,ELP,9.0,2419.14,9,268.7933333333333
BRO,EVV,3.0,1025.5,3,341.8333333333333
BRO,EWR,13.0,4988.5,13,383.7307692307692
BRO,EYW,1.0,825.0,1,825.0
BRO,FAR,1.0,308.5,1,308.5
BRO,FAT,3.0,1232.5,2,410.8333333333333
BRO,FAY,1.0,368.0,1,368.0
BRO,FLL,22.0,8621.72,14,391.8963636363636
BRO,FSD,6.0,2165.75,6,360.9583333333333
BRO,FSM,1.0,238.0,1,238.0
BRO,FWA,2.0,807.0,2,403.5
BRO,GEG,2.0,2302.0,2,1151.0
BRO,GGG,1.0,269.0,1,269.0
BRO,GJT,5.0,1598.5,5,319.7
BRO,GNV,2.0,917.88,2,458.94
BRO,GPT,1.0,329.0,1,329.0
BRO,GRI,1.0,280.0,1,280.0
BRO,GRK,2.0,363.0,2,181.5
BRO,GRR,12.0,4130.83,11,344.23583333333335
BRO,GSO,2.0,608.0,2,304.0
BRO,GSP,1.0,773.0,1,773.0
BRO,HNL,2.0,2037.0,2,1018.5
BRO,HOU,1.0,222.0,1,222.0
BRO,HPN,1.0,447.0,1,447.0
BRO,HSV,2.0,1291.0,2,645.5
BRO,IAD,2.0,1032.0,2,516.0
BRO,IAH,7.0,2130.5,7,304.35714285714283
BRO,ICT,4.0,1153.5,4,288.375
BRO,IDA,1.0,244.0,1,244.0
BRO,IND,16.0,6253.0,12,390.8125
BRO,JAX,2.0,625.0,2,312.5
BRO,JFK,15.0,8151.38,13,543.4253333333334
BRO,LAS,9.0,2720.0,7,302.22222222222223
BRO,LAX,33.0,11941.42,23,361.86121212121213
BRO,LBB,2.0,402.0,2,201.0
BRO,LCH,1.0,134.0,1,134.0
BRO,LEX,5.0,2350.0,5,470.0
BRO,LFT,1.0,674.0,1,674.0
BRO,LGA,36.0,12593.33,27,349.8147222222222
BRO,LIT,7.0,2060.0,7,294.2857142857143
BRO,LSE,1.0,334.0,1,334.0
BRO,MAF,6.0,1445.0,6,240.83333333333334
BRO,MCI,8.0,2490.0,7,311.25
BRO,MCO,13.0,5833.56,13,448.73538461538465
BRO,MEM,9.0,2439.5,8,271.05555555555554
BRO,MFR,1.0,1554.0,1,1554.0
BRO,MHK,2.0,471.5,2,235.75
BRO,MHT,1.0,405.0,1,405.0
BRO,MIA,34.0,11841.0,26,348.2647058823529
BRO,MKE,8.0,2959.0,8,369.875
BRO,MLI,1.0,355.5,1,355.5
BRO,MSN,11.0,4607.07,11,418.82454545454544
BRO,MSP,12.0,4264.5,11,355.375
BRO,MSY,3.0,735.0,3,245.0
BRO,MTJ,1.0,411.0,1,411.0
BRO,MYR,1.0,649.0,1,649.0
BRO,OKC,7.0,1700.5,6,242.92857142857142
BRO,OMA,8.0,3034.0,7,379.25
BRO,ONT,11.0,4338.0,8,394.3636363636364
BRO,ORD,30.0,14269.64,27,475.6546666666666
BRO,ORF,1.0,11.0,1,11.0
BRO,PBI,11.0,5108.0,8,464.3636363636364
BRO,PDX,3.0,1091.5,3,363.8333333333333
BRO,PHL,31.0,12746.5,21,411.1774193548387
BRO,PHX,9.0,3112.9,6,345.8777777777778
BRO,PIA,1.0,540.5,1,540.5
BRO,PIT,11.0,3449.0,10,313.54545454545456
BRO,PNS,2.0,915.0,2,457.5
BRO,PSP,1.0,383.0,1,383.0
BRO,PVD,2.0,872.19,2,436.095
BRO,RAP,3.0,1026.0,3,342.0
BRO,RDU,8.0,3007.0,7,375.875
BRO,RIC,2.0,1091.0,2,545.5
BRO,RNO,4.0,1885.5,4,471.375
BRO,ROA,1.0,629.0,1,629.0
BRO,RSW,7.0,2098.0,7,299.7142857142857
BRO,SAF,3.0,810.0,3,270.0
BRO,SAN,19.0,6066.0,16,319.2631578947368
BRO,SAT,4.0,1037.0,4,259.25
BRO,SAV,1.0,464.0,1,464.0
BRO,SBA,2.0,368.0,2,184.0
BRO,SBN,2.0,1165.0,2,582.5
BRO,SBY,1.0,649.0,1,649.0
BRO,SDF,3.0,1317.0,3,439.0
BRO,SEA,9.0,3399.0,7,377.6666666666667
BRO,SFO,20.0,7392.0,14,369.6
BRO,SGF,6.0,1831.5,6,305.25
BRO,SHV,1.0,212.0,1,212.0
BRO,SJC,2.0,781.96,2,390.98
BRO,SJT,1.0,399.0,1,399.0
BRO,SJU,2.0,847.5,2,423.75
BRO,SLC,8.0,2030.5,8,253.8125
BRO,SMF,8.0,3083.0,5,385.375
BRO,SNA,3.0,378.5,3,126.16666666666667
BRO,SRQ,1.0,916.0,1,916.0
BRO,STL,11.0,3852.5,11,350.22727272727275
BRO,TBN,1.0,253.0,1,253.0
BRO,TPA,10.0,3359.5,9,335.95
BRO,TRI,1.0,374.0,1,374.0
BRO,TUL,8.0,2350.0,5,293.75
BRO,TUS,5.0,1850.5,5,370.1
BRO,TYR,2.0,771.0,2,385.5
BRO,TYS,4.0,1460.5,4,365.125
BRO,XNA,2.0,662.0,2,331.0
BTR,ABI,2.0,929.0,2,464.5
BTR,ABQ,14.0,3229.0,13,230.64285714285714
BTR,ACT,4.0,1070.5,4,267.625
BTR,AMA,4.0,1092.5,4,273.125
BTR,ASE,8.0,3623.0,7,452.875
BTR,ATW,3.0,1015.2,3,338.40000000000003
BTR,AUS,20.0,4743.65,19,237.18249999999998
BTR,BDL,1.0,568.0,1,568.0
BTR,BFL,3.0,1017.03,3,339.01
BTR,BIL,2.0,721.0,2,360.5
BTR,BNA,3.0,653.0,3,217.66666666666666
BTR,BOI,3.0,1220.0,3,406.6666666666667
BTR,BOS,3.0,612.79,3,204.26333333333332
BTR,BRO,2.0,866.5,2,433.25
BTR,BUR,4.0,1345.5,4,336.375
BTR,BWI,4.0,1701.5,4,425.375
BTR,BZN,5.0,1154.0,5,230.8
BTR,CHS,2.0,1000.84,2,500.42
BTR,CID,2.0,241.0,2,120.5
BTR,CLE,5.0,1240.76,5,248.152
BTR,CLT,2.0,628.73,2,314.365
BTR,CMH,6.0,1375.69,6,229.28166666666667
BTR,COS,6.0,1703.5,6,283.9166666666667
BTR,CRP,1.0,235.0,1,235.0
BTR,CVG,2.0,816.81,2,408.405
BTR,DAY,3.0,1460.25,3,486.75
BTR,DCA,9.0,2793.4,8,310.3777777777778
BTR,DEN,36.0,10192.97,36,283.1380555555555
BTR,DFW,298.0,81186.13,235,272.436677852349
BTR,DRO,8.0,3085.0,8,385.625
BTR,DSM,1.0,212.93,1,212.93
BTR,DTW,1.0,408.0,1,408.0
BTR,EGE,16.0,5937.25,14,371.078125
BTR,ELP,8.0,2593.5,8,324.1875
BTR,EVV,2.0,522.75,2,261.375
BTR,EWR,4.0,815.8299999999999,4,203.95749999999998
BTR,FAR,4.0,1614.0,4,403.5
BTR,FAT,4.0,1239.0,3,309.75
BTR,FAY,1.0,156.0,1,156.0
BTR,FLL,2.0,1575.76,2,787.88
BTR,FSD,4.0,1644.5,4,411.125
BTR,FSM,4.0,1274.0,4,318.5
BTR,GJT,8.0,1752.0,8,219.0
BTR,GRK,7.0,1367.5,7,195.35714285714286
BTR,GRR,2.0,516.0,2,258.0
BTR,GSP,1.0,240.0,1,240.0
BTR,GUC,2.0,886.0,2,443.0
BTR,HDN,11.0,3518.0,11,319.8181818181818
BTR,HNL,10.0,7382.9400000000005,10,738.2940000000001
BTR,HOU,1.0,342.5,1,342.5
BTR,HRL,2.0,470.0,1,235.0
BTR,IAH,2.0,83.0,2,41.5
BTR,ICT,10.0,3179.0,9,317.9
BTR,ILM,1.0,412.66,1,412.66
BTR,IND,6.0,1740.0900000000001,6,290.01500000000004
BTR,IRK,1.0,384.0,1,384.0
BTR,JAC,10.0,3091.0,10,309.1
BTR,JHM,1.0,467.5,1,467.5
BTR,KOA,1.0,342.5,1,342.5
BTR,LAN,1.0,70.18,1,70.18
BTR,LAS,36.0,16893.0,33,469.25
BTR,LAW,1.0,153.0,1,153.0
BTR,LAX,23.0,7012.74,22,304.90173913043475
BTR,LBB,8.0,2121.5,8,265.1875
BTR,LEX,1.0,280.0,1,280.0
BTR,LGA,10.0,2353.04,10,235.304
BTR,LRD,2.0,326.0,2,163.0
BTR,MAF,15.0,5026.0,15,335.06666666666666
BTR,MCI,11.0,3599.34,10,327.2127272727273
BTR,MCO,4.0,965.8,4,241.45
BTR,MFE,6.0,1459.4,6,243.23333333333335
BTR,MHK,4.0,1023.5,4,255.875
BTR,MIA,8.0,1400.2,8,175.025
BTR,MKE,1.0,279.0,1,279.0
BTR,MLI,3.0,1698.0,3,566.0
BTR,MQT,1.0,231.5,1,231.5
BTR,MRY,3.0,759.5699999999999,3,253.18999999999997
BTR,MSN,7.0,3042.9,7,434.7
BTR,MSO,3.0,2336.08,3,778.6933333333333
BTR,MSP,12.0,3338.42,12,278.20166666666665
BTR,MTJ,6.0,2275.0,6,379.1666666666667
BTR,OAK,1.0,309.0,1,309.0
BTR,OGG,4.0,759.99,4,189.9975
BTR,OKC,16.0,3518.5,16,219.90625
BTR,OMA,2.0,853.5,2,426.75
BTR,ONT,14.0,4350.27,13,310.73357142857145
BTR,ORD,8.0,2339.59,7,292.44875
BTR,ORF,1.0,284.0,1,284.0
BTR,PBI,3.0,2005.0,3,668.3333333333334
BTR,PDX,10.0,2572.5,9,257.25
BTR,PHL,2.0,423.8,2,211.9
BTR,PHX,31.0,12251.1,30,395.1967741935484
BTR,PIA,2.0,627.9200000000001,2,313.96000000000004
BTR,PIT,6.0,2701.46,6,450.24333333333334
BTR,PSP,3.0,1900.5,3,633.5
BTR,RAP,1.0,854.5,1,854.5
BTR,RDU,3.0,429.55,3,143.18333333333334
BTR,RNO,6.0,1651.5,6,275.25
BTR,ROW,1.0,286.0,1,286.0
BTR,RST,1.0,276.0,1,276.0
BTR,RSW,2.0,480.0,1,240.0
BTR,SAF,6.0,2491.0,6,415.1666666666667
BTR,SAN,19.0,5208.5,17,274.13157894736844
BTR,SAT,17.0,4253.39,17,250.1994117647059
BTR,SAV,1.0,240.0,1,240.0
BTR,SBA,2.0,791.5,2,395.75
BTR,SDF,5.0,1986.17,5,397.23400000000004
BTR,SEA,21.0,6459.42,21,307.5914285714286
BTR,SFO,18.0,4992.5,16,277.3611111111111
BTR,SGF,8.0,2729.4,8,341.175
BTR,SJC,13.0,3477.29,11,267.4838461538462
BTR,SJT,1.0,539.0,1,539.0
BTR,SJU,1.0,5.0,1,5.0
BTR,SLC,28.0,12813.61,27,457.6289285714286
BTR,SMF,11.0,3479.0,11,316.27272727272725
BTR,SNA,8.0,2600.0,8,325.0
BTR,SPI,1.0,723.0,1,723.0
BTR,STL,10.0,3161.0699999999997,8,316.10699999999997
BTR,STS,3.0,1316.0,3,438.6666666666667
BTR,SWO,1.0,170.0,1,170.0
BTR,TRI,1.0,461.25,1,461.25
BTR,TUL,11.0,3466.0,11,315.09090909090907
BTR,TUS,10.0,2963.36,10,296.336
BTR,TVC,1.0,610.12,1,610.12
BTR,TYR,4.0,1167.5,4,291.875
BTR,TYS,1.0,173.8,1,173.8
BTR,UIN,1.0,427.5,1,427.5
BTR,XNA,12.0,3818.0,12,318.1666666666667
BTR,YUM,2.0,654.0,2,327.0
BTV,AGS,1.0,371.0,1,371.0
BTV,ATL,1.0,5.5,1,5.5
BTV,BHM,1.0,457.0,1,457.0
BTV,BNA,3.0,976.5,3,325.5
BTV,BRO,1.0,836.73,1,836.73
BTV,CHS,1.0,158.5,1,158.5
BTV,CMH,2.0,535.46,2,267.73
BTV,CVG,2.0,655.89,2,327.945
BTV,LIT,2.0,1043.3,2,521.65
BTV,MHK,1.0,5.5,1,5.5
BTV,TLH,2.0,557.0,1,278.5
BTV,XNA,4.0,1909.0,4,477.25
BUF,ABQ,3.0,572.2,3,190.73333333333335
BUF,AGS,1.0,281.36,1,281.36
BUF,ALO,1.0,229.5,1,229.5
BUF,ANC,2.0,868.0,2,434.0
BUF,ATW,1.0,239.0,1,239.0
BUF,AUS,11.0,2591.59,11,235.59909090909093
BUF,BIL,3.0,939.0,3,313.0
BUF,BIS,1.0,279.0,1,279.0
BUF,BNA,1.0,5.0,1,5.0
BUF,BRO,1.0,5.8,1,5.8
BUF,BZN,2.0,570.02,2,285.01
BUF,CID,3.0,1006.0,3,335.3333333333333
BUF,CLT,1.0,115.09,1,115.09
BUF,CMH,1.0,220.59,1,220.59
BUF,CMI,2.0,339.5,2,169.75
BUF,CVG,4.0,887.69,4,221.9225
BUF,CWA,1.0,308.5,1,308.5
BUF,DEN,12.0,3222.32,10,268.5266666666667
BUF,DFW,11.0,4567.76,11,415.2509090909091
BUF,DSM,3.0,935.5,3,311.8333333333333
BUF,EGE,2.0,460.0,2,230.0
BUF,ELP,6.0,1872.1399999999999,6,312.0233333333333
BUF,EUG,1.0,321.0,1,321.0
BUF,EYW,1.0,323.0,1,323.0
BUF,FAR,2.0,982.41,2,491.205
BUF,FNT,1.0,455.0,1,455.0
BUF,FSD,1.0,258.5,1,258.5
BUF,FSM,1.0,294.52,1,294.52
BUF,GEG,1.0,1951.0,1,1951.0
BUF,GRB,1.0,250.5,1,250.5
BUF,GRR,1.0,327.0,1,327.0
BUF,GSP,1.0,261.41,1,261.41
BUF,HHH,3.0,543.0,3,181.0
BUF,IAH,10.0,2558.92,10,255.892
BUF,ICT,3.0,648.72,3,216.24
BUF,IND,4.0,340.0,4,85.0
BUF,JAC,4.0,1223.1599999999999,4,305.78999999999996
BUF,LAN,1.0,208.5,1,208.5
BUF,LAS,35.0,9979.68,32,285.1337142857143
BUF,LAX,33.0,9294.0,26,281.6363636363636
BUF,LEX,3.0,912.41,3,304.13666666666666
BUF,LIT,4.0,1057.13,4,264.2825
BUF,LSE,1.0,339.0,1,339.0
BUF,MCI,3.0,826.5,3,275.5
BUF,MEM,1.0,405.19,1,405.19
BUF,MHK,1.0,675.0,1,675.0
BUF,MIA,3.0,847.32,2,282.44
BUF,MKE,3.0,642.5,3,214.16666666666666
BUF,MLI,2.0,1221.0,2,610.5
BUF,MSN,2.0,637.5,2,318.75
BUF,MSP,7.0,1898.48,7,271.2114285714286
BUF,MSY,1.0,212.75,1,212.75
BUF,OKC,3.0,965.92,3,321.9733333333333
BUF,OMA,4.0,1120.85,4,280.2125
BUF,ORD,87.0,17560.48,66,201.8445977011494
BUF,PDX,4.0,1786.0,4,446.5
BUF,PHX,28.0,8479.1,26,302.825
BUF,PIA,1.0,204.0,1,204.0
BUF,PSG,1.0,1003.0,1,1003.0
BUF,PSP,4.0,819.9,4,204.975
BUF,RAP,2.0,838.0,2,419.0
BUF,RNO,1.0,451.0,1,451.0
BUF,RST,8.0,2816.5,8,352.0625
BUF,RSW,1.0,188.0,1,188.0
BUF,SAN,11.0,3491.86,10,317.4418181818182
BUF,SAT,1.0,5.5,1,5.5
BUF,SDF,1.0,208.86,1,208.86
BUF,SEA,4.0,1401.5,4,350.375
BUF,SFO,9.0,3153.36,9,350.37333333333333
BUF,SGF,6.0,1810.6299999999999,6,301.77166666666665
BUF,SLC,7.0,2394.36,6,342.0514285714286
BUF,SMF,6.0,1816.77,6,302.795
BUF,SNA,21.0,6164.46,20,293.54571428571427
BUF,STL,6.0,1335.5900000000001,4,222.59833333333336
BUF,TLH,2.0,597.5,2,298.75
BUF,TPA,3.0,1370.15,3,456.7166666666667
BUF,TUL,1.0,169.5,1,169.5
BUF,TUS,7.0,2170.59,7,310.0842857142857
BUF,TYR,1.0,234.94,1,234.94
BUF,XNA,15.0,5980.44,15,398.69599999999997
BUR,ABI,2.0,256.85,2,128.425
BUR,ATW,1.0,750.32,1,750.32
BUR,AVL,2.0,715.54,2,357.77
BUR,AVP,1.0,304.89,1,304.89
BUR,BHM,2.0,315.5,2,157.75
BUR,BMI,3.0,1044.8,3,348.26666666666665
BUR,BOS,1.0,478.54,1,478.54
BUR,BTR,2.0,584.5,2,292.25
BUR,CHA,4.0,1337.5,4,334.375
BUR,CID,1.0,310.73,1,310.73
BUR,CMH,1.0,237.95,1,237.95
BUR,CMI,4.0,1484.3,4,371.075
BUR,COU,3.0,719.5,2,239.83333333333334
BUR,DAY,2.0,582.0,2,291.0
BUR,DFW,1.0,196.57,1,196.57
BUR,ECP,1.0,540.0,1,540.0
BUR,FSD,2.0,809.31,2,404.655
BUR,FSM,1.0,415.0,1,415.0
BUR,FWA,1.0,543.87,1,543.87
BUR,GJT,6.0,881.5,6,146.91666666666666
BUR,GPT,2.0,767.5,2,383.75
BUR,GRR,2.0,529.54,2,264.77
BUR,HSV,1.0,321.5,1,321.5
BUR,LBB,1.0,194.0,1,194.0
BUR,LCH,1.0,764.26,1,764.26
BUR,LEX,5.0,2226.34,5,445.26800000000003
BUR,LFT,7.0,2182.5,7,311.7857142857143
BUR,LIT,4.0,1002.5,4,250.625
BUR,LSE,1.0,959.5,1,959.5
BUR,MAF,3.0,826.0,3,275.3333333333333
BUR,MGM,3.0,918.88,3,306.29333333333335
BUR,MHK,2.0,582.5,2,291.25
BUR,MLI,2.0,289.06,2,144.53
BUR,MOB,3.0,1131.0,2,377.0
BUR,MSN,2.0,257.44,2,128.72
BUR,PHX,1.0,1.9,1,1.9
BUR,PVD,1.0,430.27,1,430.27
BUR,ROC,1.0,587.18,1,587.18
BUR,SAF,2.0,291.0,2,145.5
BUR,SDF,3.0,879.0,3,293.0
BUR,SGF,2.0,1375.0,2,687.5
BUR,SHV,1.0,248.5,1,248.5
BUR,TLH,1.0,353.5,1,353.5
BUR,TUL,4.0,1311.13,4,327.7825
BUR,TUS,2.0,504.47,2,252.235
BUR,TYS,2.0,811.0,2,405.5
BUR,XNA,5.0,1585.6100000000001,5,317.122
BWI,ABI,4.0,855.5,4,213.875
BWI,ABQ,3.0,761.5,3,253.83333333333334
BWI,ALO,1.0,254.0,1,254.0
BWI,ANC,4.0,2175.0,3,543.75
BWI,ASE,1.0,327.5,1,327.5
BWI,ATW,4.0,1593.12,4,398.28
BWI,AUS,4.0,1427.67,4,356.9175
BWI,AZO,3.0,534.5,3,178.16666666666666
BWI,BMI,1.0,209.0,1,209.0
BWI,BNA,1.0,186.0,1,186.0
BWI,BRO,1.0,450.14,1,450.14
BWI,BTR,1.0,204.5,1,204.5
BWI,BZN,4.0,905.3399999999999,4,226.33499999999998
BWI,CHS,1.0,201.16,1,201.16
BWI,CID,12.0,4474.74,12,372.895
BWI,CMH,5.0,992.98,5,198.596
BWI,CMI,5.0,1314.0,5,262.8
BWI,COU,5.0,2009.44,5,401.88800000000003
BWI,CVG,1.0,259.86,1,259.86
BWI,CWA,1.0,498.0,1,498.0
BWI,DAY,7.0,2026.98,6,289.56857142857143
BWI,DFW,10.0,3087.7,10,308.77
BWI,DRO,1.0,234.0,1,234.0
BWI,DSM,4.0,1785.66,4,446.415
BWI,DTW,3.0,541.45,3,180.48333333333335
BWI,EGE,1.0,5.02,1,5.02
BWI,ELP,4.0,972.8,4,243.2
BWI,EYW,1.0,146.67,1,146.67
BWI,FAI,3.0,1889.81,3,629.9366666666666
BWI,FAR,5.0,2444.3900000000003,5,488.87800000000004
BWI,FSD,5.0,1840.0,5,368.0
BWI,FSM,2.0,998.93,2,499.465
BWI,FWA,4.0,1291.31,4,322.8275
BWI,GGG,1.0,582.0,1,582.0
BWI,GJT,4.0,1453.23,4,363.3075
BWI,GRB,3.0,1394.0,3,464.6666666666667
BWI,GRK,7.0,3785.44,7,540.7771428571428
BWI,GRR,3.0,862.3299999999999,3,287.4433333333333
BWI,HHH,1.0,299.5,1,299.5
BWI,HSV,1.0,289.92,1,289.92
BWI,IAH,3.0,547.37,3,182.45666666666668
BWI,IND,6.0,1376.5,6,229.41666666666666
BWI,JAC,3.0,518.0,3,172.66666666666666
BWI,LAN,6.0,1458.0,6,243.0
BWI,LAS,3.0,1299.12,3,433.03999999999996
BWI,LAX,15.0,2864.61,14,190.97400000000002
BWI,LCH,1.0,215.5,1,215.5
BWI,LEX,4.0,1035.22,4,258.805
BWI,LFT,3.0,1303.35,3,434.45
BWI,LIT,7.0,1806.29,7,258.0414285714286
BWI,LSE,1.0,249.0,1,249.0
BWI,MAF,2.0,855.0,2,427.5
BWI,MCI,6.0,1124.25,6,187.375
BWI,MEM,3.0,1004.52,3,334.84
BWI,MFE,2.0,807.06,2,403.53
BWI,MHK,8.0,2675.52,8,334.44
BWI,MIA,2.0,567.0,2,283.5
BWI,MKE,6.0,2273.0,6,378.8333333333333
BWI,MLI,3.0,1836.51,3,612.17
BWI,MRY,2.0,409.75,2,204.875
BWI,MSN,7.0,2023.26,7,289.03714285714284
BWI,MSP,3.0,654.35,3,218.11666666666667
BWI,MSY,1.0,279.0,1,279.0
BWI,MWA,1.0,664.0,1,664.0
BWI,OKC,4.0,1605.0,3,401.25
BWI,OMA,2.0,235.0,2,117.5
BWI,ONT,1.0,523.39,1,523.39
BWI,ORD,224.0,45962.87,155,205.19138392857144
BWI,PHX,15.0,6075.24,15,405.01599999999996
BWI,PIA,8.0,2288.88,8,286.11
BWI,RAP,1.0,430.0,1,430.0
BWI,RST,3.0,760.5,3,253.5
BWI,RSW,1.0,387.0,1,387.0
BWI,SAN,6.0,1502.37,6,250.39499999999998
BWI,SAT,6.0,1538.26,6,256.37666666666667
BWI,SDF,1.0,192.66,1,192.66
BWI,SEA,14.0,4012.02,14,286.5728571428571
BWI,SFO,2.0,487.0,2,243.5
BWI,SGF,26.0,9412.61,26,362.02346153846156
BWI,SHV,2.0,609.6,2,304.8
BWI,SJT,3.0,1240.9299999999998,3,413.64333333333326
BWI,SLC,1.0,238.5,1,238.5
BWI,SNA,8.0,2788.2200000000003,7,348.52750000000003
BWI,STL,10.0,2915.84,9,291.584
BWI,TLH,2.0,658.0,2,329.0
BWI,TUL,6.0,1920.5,6,320.0833333333333
BWI,TUS,3.0,1091.22,3,363.74
BWI,TVC,4.0,680.0,4,170.0
BWI,UIN,1.0,290.0,1,290.0
BWI,XNA,11.0,4659.2,11,423.56363636363636
BZN,ABE,1.0,224.0,1,224.0
BZN,ABI,1.0,712.0,1,712.0
BZN,AGS,2.0,521.58,2,260.79
BZN,AMA,1.0,343.0,1,343.0
BZN,ATL,2.0,439.0,2,219.5
BZN,ATW,1.0,469.5,1,469.5
BZN,AUS,20.0,7463.8,19,373.19
BZN,AVL,3.0,1066.0,3,355.3333333333333
BZN,AVP,1.0,831.0,1,831.0
BZN,BDL,4.0,1250.0,4,312.5
BZN,BGR,1.0,359.0,1,359.0
BZN,BNA,5.0,1551.58,5,310.316
BZN,BOS,33.0,13831.29,25,419.13000000000005
BZN,BTR,4.0,901.0,4,225.25
BZN,BTV,1.0,192.0,1,192.0
BZN,BUF,2.0,664.98,2,332.49
BZN,BWI,7.0,2028.6599999999999,7,289.8085714285714
BZN,CHA,3.0,726.5,3,242.16666666666666
BZN,CLT,11.0,3857.0,9,350.6363636363636
BZN,CMH,9.0,3695.81,8,410.6455555555556
BZN,CMI,1.0,404.0,1,404.0
BZN,CRP,2.0,485.5,2,242.75
BZN,CVG,4.0,1323.8400000000001,4,330.96000000000004
BZN,DAY,2.0,486.0,2,243.0
BZN,DCA,11.0,2873.33,10,261.21181818181816
BZN,DFW,3.0,926.11,3,308.7033333333333
BZN,DSM,1.0,293.08,1,293.08
BZN,DTW,6.0,2063.0,5,343.8333333333333
BZN,EVV,1.0,672.5,1,672.5
BZN,EWR,2.0,10.0,2,5.0
BZN,FLL,4.0,2043.27,4,510.8175
BZN,FSM,1.0,305.0,1,305.0
BZN,GPT,3.0,2390.0,3,796.6666666666666
BZN,GRK,1.0,558.36,1,558.36
BZN,GRR,4.0,1413.74,4,353.435
BZN,GSO,2.0,761.76,2,380.88
BZN,HOU,1.0,5.5,1,5.5
BZN,HPN,5.0,1284.0,5,256.8
BZN,HRL,2.0,1064.0,2,532.0
BZN,HSV,4.0,2233.0,4,558.25
BZN,IAH,1.0,319.0,1,319.0
BZN,IND,6.0,2439.95,6,406.6583333333333
BZN,JAN,13.0,3816.0,13,293.53846153846155
BZN,JFK,5.0,1226.0,5,245.2
BZN,LAN,2.0,866.5,2,433.25
BZN,LEX,5.0,1881.23,5,376.246
BZN,LFT,3.0,1670.5,3,556.8333333333334
BZN,LGA,11.0,3594.0,10,326.72727272727275
BZN,LIT,3.0,1051.0,3,350.3333333333333
BZN,MCO,14.0,3498.29,9,249.87785714285715
BZN,MDT,1.0,383.68,1,383.68
BZN,MEM,1.0,306.5,1,306.5
BZN,MGM,3.0,295.0,2,98.33333333333333
BZN,MHK,2.0,895.02,2,447.51
BZN,MIA,12.0,5575.75,12,464.6458333333333
BZN,MOB,1.0,512.5,1,512.5
BZN,MSN,1.0,326.0,1,326.0
BZN,MSY,5.0,1359.3600000000001,5,271.872
BZN,OKC,2.0,794.85,2,397.425
BZN,ORD,161.0,45695.69,116,283.82416149068325
BZN,ORF,1.0,4.95,1,4.95
BZN,PHL,9.0,3321.8,9,369.0888888888889
BZN,PIA,3.0,738.94,3,246.31333333333336
BZN,PIT,3.0,431.0,3,143.66666666666666
BZN,RDU,5.0,1218.76,5,243.752
BZN,RIC,4.0,1032.34,4,258.085
BZN,ROC,1.0,319.0,1,319.0
BZN,RSW,1.0,228.0,1,228.0
BZN,SAV,1.0,351.0,1,351.0
BZN,SGF,2.0,319.8,2,159.9
BZN,SJU,3.0,1594.0,3,531.3333333333334
BZN,STL,1.0,461.0,1,461.0
BZN,STT,3.0,905.79,3,301.93
BZN,TLH,1.0,1348.5,1,1348.5
BZN,TPA,6.0,2236.0,6,372.6666666666667
BZN,TRI,1.0,754.0,1,754.0
BZN,TUL,2.0,724.25,2,362.125
BZN,TVC,2.0,596.5,2,298.25
BZN,XNA,3.0,826.0,3,275.3333333333333
CAE,ABI,2.0,1878.0,2,939.0
CAE,AMA,2.0,574.0,2,287.0
CAE,BIL,1.0,279.0,1,279.0
CAE,BIS,1.0,238.5,1,238.5
CAE,CMH,1.0,237.65,1,237.65
CAE,COU,2.0,450.05,2,225.025
CAE,CRP,1.0,298.5,1,298.5
CAE,CVG,1.0,199.58,1,199.58
CAE,DFW,2.0,731.54,2,365.77
CAE,GJT,2.0,613.0,2,306.5
CAE,GNV,2.0,409.54,1,204.77
CAE,GRK,5.0,1868.5,5,373.7
CAE,GRR,1.0,176.36,1,176.36
CAE,HOU,3.0,711.5,3,237.16666666666666
CAE,HRL,2.0,969.5,2,484.75
CAE,IAH,1.0,195.04,1,195.04
CAE,LAW,1.0,327.0,1,327.0
CAE,LEX,1.0,187.5,1,187.5
CAE,LSE,2.0,600.78,2,300.39
CAE,MAF,2.0,751.5,2,375.75
CAE,MEM,2.0,440.0,2,220.0
CAE,MFE,1.0,425.59,1,425.59
CAE,MHK,1.0,324.27,1,324.27
CAE,MRY,2.0,934.0,2,467.0
CAE,RAP,2.0,254.0,2,127.0
CAE,SAF,1.0,381.0,1,381.0
CAE,SDY,1.0,371.0,1,371.0
CAE,SGF,14.0,3395.66,13,242.54714285714286
CAE,SHV,3.0,847.6800000000001,3,282.56
CAE,SMF,1.0,865.8,1,865.8
CAE,TUL,1.0,296.05,1,296.05
CAE,XNA,3.0,816.29,3,272.09666666666664
CAK,ABI,2.0,624.5,2,312.25
CAK,BHM,2.0,451.5,2,225.75
CAK,CHS,3.0,655.35,3,218.45000000000002
CAK,HHH,2.0,266.0,2,133.0
CAK,LBB,1.0,528.09,1,528.09
CAK,MEM,1.0,274.22,1,274.22
CAK,SGF,4.0,1635.62,4,408.905
CAK,XNA,1.0,217.5,1,217.5
CGI,AUS,2.0,379.48,2,189.74
CGI,BDL,1.0,346.06,1,346.06
CGI,DCA,3.0,663.5,3,221.16666666666666
CGI,ELP,1.0,365.0,1,365.0
CGI,ORD,1.0,269.8,1,269.8
CGI,ROC,1.0,530.0,1,530.0
CGI,SLC,1.0,406.0,1,406.0
CGI,TPA,6.0,1469.68,6,244.9466666666667
CHA,ABI,1.0,323.5,1,323.5
CHA,ABQ,16.0,3722.0,14,232.625
CHA,ACT,1.0,5.0,1,5.0
CHA,AEX,2.0,989.0,2,494.5
CHA,AMA,10.0,1995.5,10,199.55
CHA,ANC,4.0,1370.46,4,342.615
CHA,ASE,3.0,1196.0,3,398.6666666666667
CHA,ATW,1.0,169.5,1,169.5
CHA,AUS,25.0,6837.71,23,273.5084
CHA,BFL,4.0,1115.98,4,278.995
CHA,BIL,3.0,865.5,3,288.5
CHA,BOI,3.0,1511.5,3,503.8333333333333
CHA,BPT,1.0,270.0,1,270.0
CHA,BRO,1.0,464.0,1,464.0
CHA,BTR,3.0,776.0,3,258.6666666666667
CHA,BUR,5.0,1535.5,5,307.1
CHA,BZN,7.0,2749.5,7,392.7857142857143
CHA,CID,2.0,493.54,2,246.77
CHA,CLL,2.0,1285.0,2,642.5
CHA,CLT,1.0,123.87,1,123.87
CHA,CMH,1.0,156.5,1,156.5
CHA,COS,12.0,3311.5,12,275.9583333333333
CHA,CRP,5.0,1566.5,5,313.3
CHA,DEN,28.0,7530.58,25,268.94928571428574
CHA,DFW,373.0,111490.1,216,298.901072386059
CHA,DRO,1.0,723.5,1,723.5
CHA,DRT,2.0,472.0,2,236.0
CHA,DSM,3.0,1120.8600000000001,3,373.62000000000006
CHA,EGE,4.0,1485.0,4,371.25
CHA,ELP,13.0,4731.5,9,363.96153846153845
CHA,FAR,4.0,1616.0,3,404.0
CHA,FAT,10.0,3527.5,9,352.75
CHA,FLG,1.0,348.0,1,348.0
CHA,FSD,1.0,512.0,1,512.0
CHA,FSM,4.0,1203.0,4,300.75
CHA,GCK,1.0,584.0,1,584.0
CHA,GEG,1.0,461.0,1,461.0
CHA,GJT,3.0,2135.38,3,711.7933333333334
CHA,GRK,1.0,293.5,1,293.5
CHA,GUC,4.0,656.0,3,164.0
CHA,HDN,4.0,1209.0,4,302.25
CHA,HNL,5.0,3709.37,5,741.874
CHA,HOU,13.0,4468.19,12,343.70692307692303
CHA,HRL,5.0,1815.0,5,363.0
CHA,IAH,23.0,8051.47,21,350.0639130434783
CHA,ICT,4.0,1541.0,3,385.25
CHA,JAC,9.0,3060.5,9,340.05555555555554
CHA,KOA,2.0,3665.0,2,1832.5
CHA,LAS,53.0,18194.64,48,343.2950943396226
CHA,LAW,1.0,269.0,1,269.0
CHA,LAX,32.0,11072.119999999999,31,346.00374999999997
CHA,LBB,8.0,2717.0,8,339.625
CHA,LCH,1.0,264.5,1,264.5
CHA,LFT,2.0,1057.74,2,528.87
CHA,LRD,1.0,319.0,1,319.0
CHA,MAF,9.0,3643.5,9,404.8333333333333
CHA,MCI,3.0,841.2,3,280.40000000000003
CHA,MFE,12.0,3384.5,9,282.0416666666667
CHA,MHK,2.0,426.76,2,213.38
CHA,MIA,1.0,280.9,1,280.9
CHA,MLU,2.0,641.0,2,320.5
CHA,MRY,4.0,1304.5,4,326.125
CHA,MSO,1.0,175.0,1,175.0
CHA,MSP,8.0,3648.25,8,456.03125
CHA,MSY,10.0,3087.42,9,308.742
CHA,MTJ,1.0,655.0,1,655.0
CHA,OGG,4.0,2875.5,4,718.875
CHA,OKC,15.0,3144.48,14,209.632
CHA,OMA,2.0,568.5799999999999,2,284.28999999999996
CHA,ONT,28.0,7937.41,25,283.4789285714286
CHA,ORD,1.0,352.69,1,352.69
CHA,PDX,14.0,5570.77,14,397.9121428571429
CHA,PHL,1.0,188.28,1,188.28
CHA,PHX,26.0,11927.95,26,458.7673076923077
CHA,PSP,13.0,4408.81,13,339.1392307692308
CHA,RAP,3.0,1092.77,3,364.25666666666666
CHA,RIC,1.0,393.3,1,393.3
CHA,RNO,13.0,5319.93,13,409.22538461538466
CHA,SAF,4.0,1124.5,4,281.125
CHA,SAN,26.0,10082.33,26,387.7819230769231
CHA,SAT,16.0,5421.49,16,338.843125
CHA,SBA,3.0,855.5,3,285.1666666666667
CHA,SBP,5.0,1715.71,5,343.142
CHA,SEA,14.0,4684.93,14,334.6378571428572
CHA,SFO,13.0,5260.47,12,404.6515384615385
CHA,SGF,10.0,2352.31,10,235.231
CHA,SHV,2.0,553.3199999999999,2,276.65999999999997
CHA,SJC,10.0,3876.84,10,387.684
CHA,SJT,2.0,568.0,2,284.0
CHA,SLC,19.0,6270.5,19,330.0263157894737
CHA,SMF,15.0,6175.18,13,411.6786666666667
CHA,SNA,30.0,10559.0,30,351.96666666666664
CHA,SPS,1.0,609.0,1,609.0
CHA,STS,1.0,474.0,1,474.0
CHA,STT,1.0,585.42,1,585.42
CHA,TUL,13.0,4354.93,12,334.99461538461543
CHA,TUS,15.0,4814.5,15,320.96666666666664
CHA,TXK,1.0,235.0,1,235.0
CHA,TYR,1.0,264.0,1,264.0
CHA,XNA,11.0,3680.84,11,334.6218181818182
CHA,YUM,1.0,643.0,1,643.0
CHO,ATW,1.0,322.0,1,322.0
CHO,CRP,1.0,326.85,1,326.85
CHO,ELP,1.0,347.5,1,347.5
CHO,GRK,1.0,478.0,1,478.0
CHO,HHH,1.0,338.0,1,338.0
CHO,MAF,1.0,508.5,1,508.5
CHO,SHV,1.0,382.4,1,382.4
CHO,XNA,7.0,2632.0,7,376.0
CHS,ABI,4.0,1813.71,4,453.4275
CHS,ALO,1.0,191.0,1,191.0
CHS,AMA,1.0,473.5,1,473.5
CHS,ATW,4.0,1685.3,4,421.325
CHS,AUS,1.0,344.97,1,344.97
CHS,AZO,1.0,88.33,1,88.33
CHS,BDL,1.0,377.0,1,377.0
CHS,BIL,1.0,282.5,1,282.5
CHS,BIS,1.0,441.0,1,441.0
CHS,BOS,1.0,192.0,1,192.0
CHS,BTR,1.0,516.16,1,516.16
CHS,BTV,1.0,158.5,1,158.5
CHS,BWI,1.0,168.84,1,168.84
CHS,CAK,5.0,1240.65,4,248.13000000000002
CHS,CID,1.0,281.31,1,281.31
CHS,CMH,15.0,3500.88,14,233.392
CHS,CMI,1.0,752.0,1,752.0
CHS,COU,3.0,758.31,3,252.76999999999998
CHS,CRP,4.0,1374.56,4,343.64
CHS,CRW,1.0,229.0,1,229.0
CHS,CVG,15.0,3944.91,15,262.99399999999997
CHS,CWA,3.0,1331.18,3,443.7266666666667
CHS,DAY,2.0,602.8299999999999,2,301.41499999999996
CHS,DCA,226.0,51324.43,180,227.0992477876106
CHS,DFW,1.0,155.95,1,155.95
CHS,DRO,1.0,262.0,1,262.0
CHS,DSM,2.0,1822.5,2,911.25
CHS,DTW,4.0,1720.26,4,430.065
CHS,ELP,1.0,184.0,1,184.0
CHS,EYW,5.0,1058.8200000000002,5,211.76400000000004
CHS,FAR,4.0,1611.93,4,402.9825
CHS,FLL,2.0,304.63,2,152.315
CHS,FNT,1.0,328.11,1,328.11
CHS,GGG,1.0,441.48,1,441.48
CHS,GJT,4.0,1585.0,4,396.25
CHS,GRK,1.0,167.5,1,167.5
CHS,GRR,1.0,172.13,1,172.13
CHS,HPN,4.0,653.0,4,163.25
CHS,IAH,1.0,376.0,1,376.0
CHS,ICT,3.0,904.23,3,301.41
CHS,IND,1.0,269.0,1,269.0
CHS,JFK,1.0,88.0,1,88.0
CHS,LAN,1.0,122.0,1,122.0
CHS,LAX,1.0,1540.0,1,1540.0
CHS,LBB,2.0,587.61,2,293.805
CHS,LCH,1.0,428.0,1,428.0
CHS,LFT,3.0,803.49,2,267.83
CHS,LGA,1.0,153.0,1,153.0
CHS,LIT,2.0,348.0,2,174.0
CHS,LSE,1.0,199.63,1,199.63
CHS,MAF,1.0,229.0,1,229.0
CHS,MCI,2.0,567.8299999999999,2,283.91499999999996
CHS,MCO,8.0,1344.16,8,168.02
CHS,MEM,2.0,489.0,2,244.5
CHS,MHK,5.0,1642.2,5,328.44
CHS,MHT,1.0,667.0,1,667.0
CHS,MIA,521.0,108887.14,262,208.99642994241842
CHS,MLI,1.0,208.86,1,208.86
CHS,MQT,1.0,222.21,1,222.21
CHS,MRY,1.0,897.5,1,897.5
CHS,MSY,1.0,76.0,1,76.0
CHS,ORD,25.0,6869.16,25,274.7664
CHS,ORF,6.0,2321.76,6,386.96000000000004
CHS,PBI,1.0,185.66,1,185.66
CHS,PHL,1.0,336.38,1,336.38
CHS,PHX,3.0,985.71,3,328.57
CHS,PIT,8.0,1712.5,8,214.0625
CHS,PVD,3.0,541.0,3,180.33333333333334
CHS,PWM,2.0,672.0,2,336.0
CHS,RAP,2.0,551.0,2,275.5
CHS,ROC,3.0,1925.0,2,641.6666666666666
CHS,RST,2.0,816.51,2,408.255
CHS,RSW,1.0,239.94,1,239.94
CHS,SAT,6.0,1454.72,6,242.45333333333335
CHS,SDF,3.0,286.0,3,95.33333333333333
CHS,SGF,14.0,3892.01,13,278.0007142857143
CHS,SHV,1.0,281.06,1,281.06
CHS,SJT,1.0,393.5,1,393.5
CHS,SJU,8.0,4204.54,8,525.5675
CHS,SLC,1.0,343.56,1,343.56
CHS,STL,4.0,1135.85,4,283.9625
CHS,STS,1.0,299.0,1,299.0
CHS,STT,13.0,4676.04,13,359.6953846153846
CHS,STX,5.0,1961.33,5,392.26599999999996
CHS,TLH,1.0,252.5,1,252.5
CHS,TPA,4.0,669.83,4,167.4575
CHS,TUL,2.0,592.0,2,296.0
CHS,TVC,2.0,471.0,2,235.5
CHS,XNA,23.0,6019.89,21,261.73434782608695
CID,ABI,3.0,1023.0,3,341.0
CID,ABQ,5.0,2174.67,5,434.934
CID,ACT,1.0,483.5,1,483.5
CID,ACY,1.0,363.5,1,363.5
CID,AGS,1.0,517.67,1,517.67
CID,ALB,2.0,853.4,2,426.7
CID,ANC,4.0,1407.88,4,351.97
CID,ATL,16.0,5539.29,16,346.205625
CID,AUS,25.0,9387.78,25,375.51120000000003
CID,AZO,3.0,1332.0,3,444.0
CID,BDL,4.0,1707.69,4,426.9225
CID,BHM,4.0,1311.73,4,327.9325
CID,BNA,12.0,4674.59,12,389.5491666666667
CID,BOS,20.0,7553.56,20,377.678
CID,BRO,5.0,1775.5,5,355.1
CID,BTR,2.0,241.0,2,120.5
CID,BUF,5.0,1706.0,5,341.2
CID,BUR,1.0,367.27,1,367.27
CID,BWI,12.0,4231.26,12,352.605
CID,BZN,1.0,482.0,1,482.0
CID,CHA,1.0,429.08,1,429.08
CID,CHS,2.0,489.69,2,244.845
CID,CLE,6.0,1958.0,6,326.3333333333333
CID,CLL,3.0,972.5,3,324.1666666666667
CID,CLT,28.0,8887.18,28,317.3992857142857
CID,CMH,6.0,1889.5,6,314.9166666666667
CID,CMI,1.0,381.5,1,381.5
CID,COS,3.0,1148.72,3,382.9066666666667
CID,CRP,2.0,852.5,2,426.25
CID,CVG,11.0,4222.2,11,383.8363636363636
CID,DAY,3.0,1201.0,3,400.3333333333333
CID,DCA,28.0,10157.5,27,362.76785714285717
CID,DEN,3.0,381.48,3,127.16000000000001
CID,DFW,137.0,46234.03,124,337.4746715328467
CID,DRO,1.0,370.0,1,370.0
CID,DTW,8.0,2556.0,8,319.5
CID,ECP,4.0,1193.51,4,298.3775
CID,ELP,7.0,2334.06,7,333.4371428571429
CID,EWR,13.0,3699.87,13,284.6053846153846
CID,EYW,3.0,1237.9,3,412.6333333333334
CID,FAI,1.0,1756.0,1,1756.0
CID,FAR,2.0,659.0,2,329.5
CID,FLL,4.0,1118.0,4,279.5
CID,FNT,2.0,529.0,2,264.5
CID,FSM,2.0,855.5,2,427.75
CID,FWA,2.0,563.0,2,281.5
CID,GCK,1.0,336.0,1,336.0
CID,GEG,1.0,368.0,1,368.0
CID,GNV,1.0,308.0,1,308.0
CID,GPT,2.0,432.07,2,216.035
CID,GRK,4.0,1635.0,4,408.75
CID,GRR,3.0,1304.3,3,434.76666666666665
CID,GSO,6.0,1495.97,6,249.32833333333335
CID,GSP,3.0,1241.15,3,413.7166666666667
CID,HHH,2.0,342.65,2,171.325
CID,HNL,2.0,1009.73,2,504.865
CID,HOU,5.0,1664.0,5,332.8
CID,HPN,12.0,3588.66,12,299.055
CID,HRL,3.0,1242.0,3,414.0
CID,HSV,1.0,328.0,1,328.0
CID,IAH,21.0,6907.66,19,328.93619047619046
CID,ICT,4.0,1281.41,4,320.3525
CID,IDA,2.0,830.0,2,415.0
CID,IND,5.0,1619.0,5,323.8
CID,JAN,3.0,1032.5,3,344.1666666666667
CID,JAX,7.0,2545.74,7,363.6771428571428
CID,JFK,3.0,921.5,3,307.1666666666667
CID,KOA,2.0,819.62,2,409.81
CID,LAN,3.0,891.0,3,297.0
CID,LAS,27.0,11394.46,27,422.017037037037
CID,LAX,8.0,4165.13,8,520.64125
CID,LCH,1.0,391.5,1,391.5
CID,LEX,3.0,715.5,3,238.5
CID,LFT,1.0,245.0,1,245.0
CID,LGA,28.0,9280.02,27,331.42928571428575
CID,LGB,1.0,443.0,1,443.0
CID,LIH,1.0,892.0,1,892.0
CID,LIT,6.0,2219.45,6,369.9083333333333
CID,LRD,1.0,956.0,1,956.0
CID,MAF,2.0,577.5,2,288.75
CID,MCO,49.0,14839.17,47,302.84020408163263
CID,MDT,1.0,329.0,1,329.0
CID,MEM,4.0,871.27,4,217.8175
CID,MFE,17.0,5479.54,16,322.32588235294116
CID,MHK,1.0,388.0,1,388.0
CID,MHT,1.0,692.0,1,692.0
CID,MIA,31.0,9637.61,30,310.89064516129037
CID,MLB,1.0,692.82,1,692.82
CID,MOB,2.0,692.3399999999999,2,346.16999999999996
CID,MQT,1.0,202.0,1,202.0
CID,MRY,2.0,557.3399999999999,2,278.66999999999996
CID,MSY,12.0,3630.04,12,302.50333333333333
CID,OAK,1.0,421.5,1,421.5
CID,OGG,1.0,393.0,1,393.0
CID,OKC,12.0,4436.05,12,369.67083333333335
CID,ONT,3.0,1044.5,2,348.1666666666667
CID,ORD,46.0,9189.89,45,199.78021739130435
CID,PBG,1.0,608.0,1,608.0
CID,PBI,6.0,1997.38,6,332.8966666666667
CID,PDX,3.0,1395.0,3,465.0
CID,PHL,23.0,8190.3,20,356.1
CID,PHX,29.0,9037.88,28,311.6510344827586
CID,PIT,6.0,1696.0,6,282.6666666666667
CID,PNS,6.0,2039.25,6,339.875
CID,PSC,1.0,618.0,1,618.0
CID,PSP,3.0,643.95,3,214.65
CID,PVD,4.0,1363.12,4,340.78
CID,RDU,14.0,4566.54,13,326.18142857142857
CID,RIC,7.0,2189.05,7,312.7214285714286
CID,ROA,1.0,372.0,1,372.0
CID,ROC,2.0,617.0,2,308.5
CID,RSW,19.0,6218.8,18,327.30526315789473
CID,SAN,14.0,5233.36,14,373.81142857142856
CID,SAT,15.0,5200.68,14,346.71200000000005
CID,SAV,1.0,247.57,1,247.57
CID,SBP,2.0,878.0,2,439.0
CID,SDF,2.0,560.5,2,280.25
CID,SEA,12.0,3466.77,12,288.8975
CID,SFO,9.0,3579.25,9,397.69444444444446
CID,SGF,3.0,1654.5,3,551.5
CID,SHV,2.0,1146.72,2,573.36
CID,SJC,1.0,311.33,1,311.33
CID,SJT,1.0,579.0,1,579.0
CID,SJU,8.0,2730.68,7,341.335
CID,SLC,1.0,641.5,1,641.5
CID,SMF,3.0,1038.24,3,346.08
CID,SNA,7.0,2533.24,7,361.89142857142855
CID,SRQ,5.0,729.25,5,145.85
CID,STL,3.0,1077.5,3,359.1666666666667
CID,STS,2.0,511.5,2,255.75
CID,STT,3.0,1568.71,2,522.9033333333333
CID,SYR,6.0,2877.5,6,479.5833333333333
CID,TPA,14.0,4126.78,13,294.77
CID,TUL,3.0,1263.29,3,421.09666666666664
CID,TUS,5.0,2177.91,5,435.582
CID,TVC,1.0,163.5,1,163.5
CID,TYS,1.0,333.0,1,333.0
CID,VPS,1.0,502.58,1,502.58
CID,XNA,6.0,2074.76,6,345.79333333333335
CKB,AGS,1.0,297.5,1,297.5
CKB,HHH,1.0,297.0,1,297.0
CKB,MAF,1.0,441.0,1,441.0
CLE,ABI,1.0,294.0,1,294.0
CLE,AGS,1.0,161.5,1,161.5
CLE,ANC,1.0,424.11,1,424.11
CLE,ATL,1.0,179.2,1,179.2
CLE,ATW,2.0,503.5,2,251.75
CLE,AUS,9.0,4624.33,8,513.8144444444445
CLE,BDL,1.0,235.99,1,235.99
CLE,BHM,5.0,1119.75,5,223.95
CLE,BMI,1.0,244.5,1,244.5
CLE,BNA,4.0,1089.97,4,272.4925
CLE,BOI,1.0,400.0,1,400.0
CLE,BOS,2.0,559.0,2,279.5
CLE,BRO,1.0,230.0,1,230.0
CLE,BTR,2.0,485.24,2,242.62
CLE,CID,8.0,2872.0,7,359.0
CLE,CLT,5.0,992.65,5,198.53
CLE,CMI,5.0,1682.0,5,336.4
CLE,COU,4.0,1454.16,4,363.54
CLE,CRP,6.0,1832.5,6,305.4166666666667
CLE,CWA,4.0,1254.0,4,313.5
CLE,DEN,11.0,2109.26,9,191.75090909090912
CLE,DFW,19.0,5440.01,19,286.3163157894737
CLE,DRO,1.0,5.5,1,5.5
CLE,DSM,10.0,2342.5,9,234.25
CLE,EUG,1.0,258.0,1,258.0
CLE,FAR,3.0,743.5,3,247.83333333333334
CLE,FSD,1.0,288.5,1,288.5
CLE,FSM,1.0,420.0,1,420.0
CLE,FWA,1.0,228.5,1,228.5
CLE,GJT,1.0,414.0,1,414.0
CLE,GRB,3.0,915.5,3,305.1666666666667
CLE,GRK,5.0,2151.5,5,430.3
CLE,GRR,3.0,733.12,3,244.37333333333333
CLE,GSP,1.0,227.5,1,227.5
CLE,HHH,3.0,493.0,3,164.33333333333334
CLE,HNL,2.0,1124.07,2,562.035
CLE,HOU,3.0,770.0,3,256.6666666666667
CLE,HRL,5.0,1331.0,5,266.2
CLE,HSV,2.0,392.05,2,196.025
CLE,IAH,2.0,98.49,2,49.245
CLE,ICT,7.0,2114.15,7,302.0214285714286
CLE,IND,5.0,1476.5,5,295.3
CLE,JAN,1.0,267.98,1,267.98
CLE,JAX,1.0,172.0,1,172.0
CLE,LAS,19.0,6699.05,19,352.5815789473684
CLE,LAX,19.0,4654.21,18,244.9584210526316
CLE,LCH,1.0,157.5,1,157.5
CLE,LFT,4.0,1327.8899999999999,4,331.97249999999997
CLE,LIT,15.0,4654.34,15,310.28933333333333
CLE,LSE,2.0,725.0,2,362.5
CLE,MAF,8.0,2923.33,8,365.41625
CLE,MCI,3.0,684.0,3,228.0
CLE,MCO,2.0,515.74,2,257.87
CLE,MEM,16.0,3359.23,16,209.951875
CLE,MHK,5.0,1159.3899999999999,5,231.878
CLE,MIA,4.0,1337.53,4,334.3825
CLE,MKE,11.0,2798.59,11,254.41727272727275
CLE,MKG,1.0,270.0,1,270.0
CLE,MLI,6.0,2279.0,6,379.8333333333333
CLE,MSN,10.0,2051.09,10,205.109
CLE,MSP,2.0,183.5,2,91.75
CLE,OGG,1.0,319.6,1,319.6
CLE,OKC,3.0,922.24,3,307.41333333333336
CLE,OMA,8.0,2713.04,7,339.13
CLE,ORD,231.0,44791.91,189,193.9043722943723
CLE,PHL,2.0,185.26,2,92.63
CLE,PHX,48.0,15754.27,45,328.2139583333333
CLE,PIA,7.0,2101.44,7,300.2057142857143
CLE,PVD,1.0,7.26,1,7.26
CLE,RST,4.0,1436.5,4,359.125
CLE,RSW,2.0,905.1,2,452.55
CLE,SAN,10.0,4415.91,10,441.591
CLE,SAT,4.0,1074.16,4,268.54
CLE,SAV,1.0,159.34,1,159.34
CLE,SBP,1.0,561.94,1,561.94
CLE,SDF,1.0,207.5,1,207.5
CLE,SEA,1.0,308.0,1,308.0
CLE,SFO,3.0,1079.51,3,359.83666666666664
CLE,SGF,9.0,3668.33,9,407.59222222222223
CLE,SHV,3.0,1083.28,3,361.0933333333333
CLE,SJU,2.0,259.78,2,129.89
CLE,SLC,4.0,870.5,4,217.625
CLE,SMF,2.0,410.07,2,205.035
CLE,SNA,13.0,3028.7200000000003,12,232.97846153846154
CLE,STL,8.0,1834.0,7,229.25
CLE,STS,1.0,198.0,1,198.0
CLE,TLH,1.0,323.0,1,323.0
CLE,TPA,1.0,148.0,1,148.0
CLE,TUL,7.0,1765.37,7,252.19571428571427
CLE,TUS,2.0,635.3299999999999,2,317.66499999999996
CLE,TVC,1.0,153.0,1,153.0
CLE,XNA,8.0,3375.15,8,421.89375
CLE,YUM,1.0,644.0,1,644.0
CLL,BFL,1.0,508.11,1,508.11
CLL,BRO,2.0,383.0,2,191.5
CLL,CHA,1.0,443.0,1,443.0
CLL,CID,2.0,679.5,2,339.75
CLL,CMI,3.0,1641.0,3,547.0
CLL,COS,1.0,5.5,1,5.5
CLL,ECP,1.0,238.5,1,238.5
CLL,ELP,1.0,241.0,1,241.0
CLL,FAR,1.0,263.5,1,263.5
CLL,FSD,1.0,404.0,1,404.0
CLL,GNV,1.0,302.5,1,302.5
CLL,GRR,1.0,264.53,1,264.53
CLL,HSV,3.0,950.5,3,316.8333333333333
CLL,IND,1.0,5.5,1,5.5
CLL,JAN,3.0,786.0,3,262.0
CLL,LBB,1.0,294.0,1,294.0
CLL,LEX,5.0,1572.5,5,314.5
CLL,LIT,2.0,648.0,2,324.0
CLL,MAF,4.0,1279.0,4,319.75
CLL,MHK,1.0,318.5,1,318.5
CLL,MSN,1.0,527.0,1,527.0
CLL,ORF,1.0,527.64,1,527.64
CLL,RAP,2.0,546.5,2,273.25
CLL,SBP,1.0,266.01,1,266.01
CLL,SGF,4.0,645.69,3,161.4225
CLL,TRI,1.0,273.5,1,273.5
CLL,TYS,1.0,342.0,1,342.0
CLL,XNA,1.0,5.5,1,5.5
CLT,ABI,18.0,6010.73,18,333.9294444444444
CLT,ABQ,1.0,361.0,1,361.0
CLT,AGS,1.0,306.0,1,306.0
CLT,ATL,7.0,2191.0,6,313.0
CLT,ATW,121.0,34812.78,107,287.7089256198347
CLT,AUS,32.0,6188.06,32,193.376875
CLT,AZO,1.0,226.0,1,226.0
CLT,BDL,4.0,861.26,4,215.315
CLT,BFL,10.0,3652.57,10,365.257
CLT,BHM,75.0,21140.45,65,281.8726666666667
CLT,BIL,4.0,1751.8,4,437.95
CLT,BIS,1.0,399.41,1,399.41
CLT,BMI,5.0,1467.1799999999998,5,293.436
CLT,BNA,14.0,2427.74,14,173.41
CLT,BOS,1.0,50.66,1,50.66
CLT,BRO,4.0,1217.72,4,304.43
CLT,BTR,8.0,2058.21,8,257.27625
CLT,BWI,2.0,186.94,2,93.47
CLT,CAK,1.0,79.37,1,79.37
CLT,CHS,1.0,91.47,1,91.47
CLT,CID,27.0,7226.21,27,267.6374074074074
CLT,CLE,6.0,896.04,6,149.34
CLT,CLL,1.0,583.9,1,583.9
CLT,CMH,10.0,1215.58,10,121.55799999999999
CLT,CMI,6.0,1781.5,6,296.9166666666667
CLT,COU,13.0,3367.36,13,259.0276923076923
CLT,CRP,14.0,3628.48,13,259.1771428571429
CLT,CVG,7.0,795.86,7,113.69428571428571
CLT,CWA,6.0,1900.29,6,316.715
CLT,DAB,1.0,3.34,1,3.34
CLT,DAY,1.0,165.64,1,165.64
CLT,DEN,2.0,603.4300000000001,2,301.71500000000003
CLT,DFW,64.0,18769.83,63,293.27859375
CLT,DRO,8.0,4081.01,8,510.12625
CLT,DSM,10.0,2617.77,10,261.777
CLT,DTW,6.0,1246.81,6,207.80166666666665
CLT,ELP,24.0,7511.49,23,312.97875
CLT,EVV,8.0,1032.09,8,129.01125
CLT,EYW,13.0,3883.94,13,298.7646153846154
CLT,FAR,5.0,1022.59,5,204.518
CLT,FLL,4.0,842.28,4,210.57
CLT,FNT,4.0,1178.5,4,294.625
CLT,FSD,6.0,2231.85,5,371.97499999999997
CLT,FSM,9.0,2695.23,9,299.47
CLT,FWA,2.0,412.22,2,206.11
CLT,GJT,17.0,6790.99,17,399.46999999999997
CLT,GNV,3.0,554.91,3,184.97
CLT,GPT,2.0,147.39,2,73.695
CLT,GRB,3.0,1314.04,3,438.0133333333333
CLT,GRK,7.0,3193.35,7,456.1928571428571
CLT,GRR,13.0,2643.8,13,203.3692307692308
CLT,HHH,26.0,6579.55,22,253.0596153846154
CLT,HOU,1.0,267.66,1,267.66
CLT,HRL,3.0,1372.0,3,457.3333333333333
CLT,IAH,5.0,1167.31,5,233.462
CLT,ICT,11.0,3339.6,11,303.59999999999997
CLT,IND,18.0,2313.02,18,128.5011111111111
CLT,JAN,10.0,1775.04,10,177.504
CLT,JAX,1.0,628.41,1,628.41
CLT,LAN,4.0,1179.18,4,294.795
CLT,LAW,3.0,793.77,3,264.59
CLT,LBB,1.0,5.5,1,5.5
CLT,LCH,3.0,892.8399999999999,3,297.6133333333333
CLT,LEX,9.0,1526.27,9,169.58555555555554
CLT,LFT,7.0,1257.35,7,179.62142857142857
CLT,LGA,3.0,542.3,3,180.76666666666665
CLT,LIT,22.0,4355.41,22,197.9731818181818
CLT,LSE,8.0,2512.32,8,314.04
CLT,MAF,11.0,4323.2,11,393.0181818181818
CLT,MCI,18.0,3859.62,18,214.42333333333332
CLT,MCO,8.0,1122.1100000000001,8,140.26375000000002
CLT,MEM,33.0,8477.2,31,256.88484848484853
CLT,MFE,4.0,1591.03,4,397.7575
CLT,MHK,11.0,3860.53,11,350.95727272727277
CLT,MIA,31.0,8364.18,31,269.81225806451613
CLT,MKE,9.0,1704.92,9,189.43555555555557
CLT,MLB,1.0,194.38,1,194.38
CLT,MLI,6.0,2144.44,6,357.4066666666667
CLT,MOB,4.0,569.51,4,142.3775
CLT,MQT,2.0,536.5,2,268.25
CLT,MRY,2.0,711.39,2,355.695
CLT,MSN,24.0,6010.6900000000005,23,250.4454166666667
CLT,MSP,15.0,3369.12,15,224.608
CLT,MSY,8.0,1213.85,6,151.73125
CLT,MYR,1.0,90.54,1,90.54
CLT,OKC,2.0,351.63,2,175.815
CLT,OMA,5.0,1302.43,5,260.486
CLT,ORD,85.0,16522.88,84,194.38682352941177
CLT,PAH,1.0,154.29,1,154.29
CLT,PHL,2.0,282.71,2,141.355
CLT,PHX,2.0,515.79,2,257.895
CLT,PIA,9.0,2257.64,9,250.84888888888887
CLT,PNS,15.0,1950.56,13,130.03733333333332
CLT,PVD,2.0,467.32,2,233.66
CLT,RAP,6.0,2196.35,6,366.05833333333334
CLT,ROC,4.0,623.15,4,155.7875
CLT,RST,5.0,1978.4099999999999,5,395.68199999999996
CLT,RSW,2.0,471.60999999999996,2,235.80499999999998
CLT,SAF,3.0,1255.26,3,418.42
CLT,SAN,1.0,513.67,1,513.67
CLT,SAV,3.0,776.49,3,258.83
CLT,SBN,2.0,241.84,2,120.92
CLT,SBP,3.0,1184.6599999999999,3,394.8866666666666
CLT,SDF,7.0,1024.84,7,146.40571428571428
CLT,SGF,174.0,47877.97,137,275.1607471264368
CLT,SHV,15.0,3769.44,13,251.296
CLT,SJT,2.0,852.5,2,426.25
CLT,SJU,1.0,456.33,1,456.33
CLT,SLC,2.0,665.27,2,332.635
CLT,SRQ,2.0,131.25,2,65.625
CLT,STL,16.0,2012.48,16,125.78
CLT,STS,4.0,1655.83,4,413.9575
CLT,SYR,4.0,421.67999999999995,4,105.41999999999999
CLT,TLH,41.0,10961.19,36,267.34609756097564
CLT,TPA,14.0,2222.25,14,158.73214285714286
CLT,TUL,3.0,914.95,3,304.98333333333335
CLT,TVC,6.0,1946.3600000000001,6,324.3933333333334
CLT,VPS,1.0,176.23,1,176.23
CLT,XNA,240.0,70820.08,213,295.08366666666666
CMH,ABI,3.0,927.5,3,309.1666666666667
CMH,ABQ,9.0,2115.0099999999998,9,235.00111111111107
CMH,AGS,2.0,451.0,2,225.5
CMH,ALB,2.0,523.65,2,261.825
CMH,AMA,1.0,234.04,1,234.04
CMH,ANC,2.0,1894.0,2,947.0
CMH,ASE,7.0,3594.0,6,513.4285714285714
CMH,ATL,6.0,1232.47,6,205.41166666666666
CMH,ATW,6.0,2225.0,6,370.8333333333333
CMH,ATY,2.0,571.0,2,285.5
CMH,AUS,11.0,3558.92,11,323.53818181818184
CMH,AVP,2.0,510.67,2,255.335
CMH,AZO,1.0,116.0,1,116.0
CMH,BDL,6.0,1327.5,6,221.25
CMH,BFL,1.0,5.5,1,5.5
CMH,BGR,2.0,368.5,2,184.25
CMH,BHM,12.0,3317.78,12,276.4816666666667
CMH,BMI,3.0,1380.5,3,460.1666666666667
CMH,BNA,15.0,2701.89,15,180.126
CMH,BOS,181.0,38661.77,138,213.60093922651933
CMH,BRL,2.0,431.0,2,215.5
CMH,BRO,1.0,340.5,1,340.5
CMH,BTR,4.0,872.31,4,218.0775
CMH,BTV,2.0,540.54,2,270.27
CMH,BUF,1.0,241.0,1,241.0
CMH,BUR,1.0,225.05,1,225.05
CMH,BZN,7.0,1835.19,6,262.17
CMH,CAE,1.0,399.35,1,399.35
CMH,CHS,15.0,3414.12,14,227.608
CMH,CID,5.0,1878.5,5,375.7
CMH,CLT,6.0,930.61,6,155.10166666666666
CMH,CMI,1.0,270.0,1,270.0
CMH,COU,4.0,933.98,4,233.495
CMH,CRP,3.0,1052.0,3,350.6666666666667
CMH,CWA,6.0,1885.5,6,314.25
CMH,DAB,1.0,226.72,1,226.72
CMH,DCA,340.0,59195.32,221,174.10388235294118
CMH,DEN,19.0,5675.47,19,298.7089473684211
CMH,DFW,30.0,9834.26,30,327.8086666666667
CMH,DRO,1.0,576.04,1,576.04
CMH,DSM,14.0,3912.5,14,279.4642857142857
CMH,ECP,4.0,723.4,4,180.85
CMH,EGE,5.0,870.86,5,174.172
CMH,ELP,8.0,1917.57,8,239.69625
CMH,EWR,2.0,371.0,2,185.5
CMH,EYW,26.0,10763.07,26,413.96423076923077
CMH,FAI,1.0,293.0,1,293.0
CMH,FAR,8.0,3012.0,8,376.5
CMH,FLL,1.0,523.06,1,523.06
CMH,FSD,12.0,4183.4,10,348.6166666666666
CMH,FSM,5.0,1954.48,5,390.896
CMH,GJT,1.0,364.5,1,364.5
CMH,GNV,1.0,586.0,1,586.0
CMH,GRB,9.0,2894.8,9,321.64444444444445
CMH,GRK,4.0,829.5,3,207.375
CMH,GRR,7.0,1677.5,7,239.64285714285714
CMH,GSO,10.0,2492.73,10,249.273
CMH,GSP,11.0,2385.77,11,216.8881818181818
CMH,HHH,3.0,865.5,3,288.5
CMH,HNL,7.0,2785.67,7,397.95285714285717
CMH,HOU,2.0,459.0,2,229.5
CMH,HPN,1.0,363.0,1,363.0
CMH,HRL,6.0,2228.88,3,371.48
CMH,HSV,1.0,193.0,1,193.0
CMH,IAH,6.0,1531.29,6,255.215
CMH,ICT,13.0,3126.62,13,240.50923076923075
CMH,IDA,1.0,401.0,1,401.0
CMH,ILM,7.0,829.74,7,118.53428571428572
CMH,IND,3.0,679.31,3,226.43666666666664
CMH,JAC,7.0,2172.74,7,310.39142857142855
CMH,JAN,2.0,484.14,2,242.07
CMH,JAX,12.0,3136.6,11,261.3833333333333
CMH,JFK,6.0,1311.6399999999999,3,218.60666666666665
CMH,KOA,4.0,4443.780000000001,4,1110.9450000000002
CMH,LAS,29.0,10999.3,29,379.2862068965517
CMH,LAX,73.0,22964.03,63,314.57575342465753
CMH,LBB,3.0,1269.5,3,423.1666666666667
CMH,LCH,3.0,874.0,3,291.3333333333333
CMH,LFT,3.0,1634.04,3,544.68
CMH,LGA,9.0,1641.9499999999998,9,182.43888888888887
CMH,LGB,1.0,564.41,1,564.41
CMH,LIH,2.0,1302.58,2,651.29
CMH,LIT,11.0,2857.5699999999997,10,259.7790909090909
CMH,LSE,5.0,1924.5,5,384.9
CMH,MAF,5.0,1742.5,5,348.5
CMH,MCI,20.0,5547.19,20,277.35949999999997
CMH,MCO,28.0,5911.52,26,211.1257142857143
CMH,MEM,11.0,2418.43,11,219.85727272727271
CMH,MFE,2.0,541.15,2,270.575
CMH,MHK,8.0,1491.52,7,186.44
CMH,MHT,4.0,889.0,4,222.25
CMH,MIA,697.0,201290.51,443,288.7955667144907
CMH,MKE,26.0,6146.99,26,236.4226923076923
CMH,MLI,5.0,1797.0,5,359.4
CMH,MRY,1.0,311.53,1,311.53
CMH,MSN,22.0,5893.48,20,267.88545454545454
CMH,MSP,7.0,2077.05,7,296.7214285714286
CMH,MSY,11.0,2428.62,11,220.78363636363636
CMH,MYR,2.0,316.0,2,158.0
CMH,OGG,2.0,1261.05,2,630.525
CMH,OKC,21.0,5648.65,20,268.9833333333333
CMH,OMA,11.0,2948.86,10,268.0781818181818
CMH,ONT,1.0,746.6,1,746.6
CMH,ORD,633.0,128981.69,314,203.76254344391785
CMH,ORF,11.0,1936.62,11,176.0563636363636
CMH,PBI,3.0,463.21000000000004,3,154.40333333333334
CMH,PDX,1.0,331.0,1,331.0
CMH,PHL,3.0,765.13,3,255.04333333333332
CMH,PHX,30.0,12238.05,27,407.935
CMH,PIA,3.0,1032.28,3,344.0933333333333
CMH,PNS,1.0,5.0,1,5.0
CMH,PSP,7.0,1852.67,7,264.6671428571429
CMH,PVD,7.0,1827.73,7,261.1042857142857
CMH,PWM,4.0,1056.5,4,264.125
CMH,RDU,7.0,1385.84,6,197.97714285714284
CMH,RNO,1.0,534.55,1,534.55
CMH,ROC,1.0,225.0,1,225.0
CMH,RST,11.0,3029.5,10,275.40909090909093
CMH,RSW,18.0,5959.69,18,331.09388888888884
CMH,SAF,1.0,194.5,1,194.5
CMH,SAN,20.0,7212.34,18,360.617
CMH,SAT,16.0,5113.01,15,319.563125
CMH,SAV,7.0,1788.19,7,255.4557142857143
CMH,SEA,28.0,6772.46,27,241.87357142857144
CMH,SFO,18.0,5312.99,18,295.1661111111111
CMH,SGF,15.0,4202.82,14,280.188
CMH,SHV,2.0,951.5,2,475.75
CMH,SJT,2.0,858.0,2,429.0
CMH,SJU,20.0,7004.75,20,350.2375
CMH,SLC,28.0,9230.0,26,329.64285714285717
CMH,SMF,8.0,2388.58,8,298.5725
CMH,SNA,31.0,11201.06,31,361.32451612903225
CMH,SRQ,4.0,839.46,4,209.865
CMH,STL,16.0,4163.91,15,260.244375
CMH,STT,14.0,4255.16,14,303.94
CMH,STX,12.0,6321.2,9,526.7666666666667
CMH,SYR,9.0,2301.56,9,255.7288888888889
CMH,TLH,3.0,1033.5,3,344.5
CMH,TPA,21.0,5253.48,18,250.16571428571427
CMH,TUL,10.0,3155.87,10,315.587
CMH,TUS,14.0,4475.35,14,319.66785714285714
CMH,TVC,1.0,443.0,1,443.0
CMH,VPS,4.0,922.6700000000001,4,230.66750000000002
CMH,XNA,31.0,10391.7,29,335.2161290322581
CMH,YUM,3.0,791.04,3,263.68
CMI,ABQ,12.0,4168.5,9,347.375
CMI,ACT,1.0,287.0,1,287.0
CMI,ALB,3.0,733.3,3,244.4333333333333
CMI,AMA,2.0,984.65,2,492.325
CMI,ASE,3.0,1288.0,3,429.3333333333333
CMI,ATL,12.0,2702.39,12,225.19916666666666
CMI,AUS,24.0,5890.02,24,245.41750000000002
CMI,BDL,6.0,1701.8899999999999,6,283.6483333333333
CMI,BIS,1.0,518.5,1,518.5
CMI,BNA,6.0,1682.0,6,280.3333333333333
CMI,BOS,17.0,4802.0,16,282.47058823529414
CMI,BPT,1.0,292.0,1,292.0
CMI,BUF,3.0,508.5,3,169.5
CMI,BUR,8.0,2307.7,6,288.4625
CMI,BWI,7.0,1784.8899999999999,7,254.9842857142857
CMI,BZN,1.0,404.0,1,404.0
CMI,CID,1.0,381.5,1,381.5
CMI,CLE,6.0,2418.0,6,403.0
CMI,CLL,4.0,1652.0,4,413.0
CMI,CLT,6.0,1713.47,6,285.5783333333333
CMI,CMH,1.0,270.0,1,270.0
CMI,COS,2.0,553.5,2,276.75
CMI,CRP,6.0,2022.0,6,337.0
CMI,CVG,1.0,279.0,1,279.0
CMI,DAB,2.0,690.0,2,345.0
CMI,DCA,63.0,20197.96,58,320.60253968253966
CMI,DEN,24.0,6541.5,22,272.5625
CMI,DFW,151.0,40418.3,122,267.6708609271523
CMI,DTW,5.0,2130.5,5,426.1
CMI,EGE,2.0,11.0,1,5.5
CMI,ELP,8.0,2665.8,8,333.225
CMI,EWR,7.0,2760.5,6,394.35714285714283
CMI,EYW,10.0,3722.37,10,372.23699999999997
CMI,FAI,1.0,822.0,1,822.0
CMI,FAR,1.0,293.5,1,293.5
CMI,FAT,3.0,514.0,3,171.33333333333334
CMI,FAY,1.0,272.0,1,272.0
CMI,FLG,2.0,630.0,2,315.0
CMI,FLL,12.0,3637.61,12,303.13416666666666
CMI,FNT,1.0,399.0,1,399.0
CMI,FSD,1.0,362.0,1,362.0
CMI,FWA,1.0,394.0,1,394.0
CMI,GJT,1.0,302.0,1,302.0
CMI,GNV,3.0,933.59,3,311.19666666666666
CMI,GRK,4.0,1876.0,4,469.0
CMI,GRR,1.0,294.0,1,294.0
CMI,GSO,3.0,1241.5,3,413.8333333333333
CMI,GSP,4.0,796.94,4,199.235
CMI,HNL,4.0,1189.55,4,297.3875
CMI,HOU,9.0,3247.13,9,360.7922222222222
CMI,HPN,5.0,1373.5,5,274.7
CMI,HRL,1.0,553.5,1,553.5
CMI,HSV,1.0,209.0,1,209.0
CMI,IAH,22.0,6877.36,21,312.6072727272727
CMI,ICT,2.0,390.58,2,195.29
CMI,JAC,3.0,275.03999999999996,2,91.67999999999999
CMI,JAN,4.0,1586.23,4,396.5575
CMI,JAX,4.0,985.11,3,246.2775
CMI,JFK,3.0,1356.27,3,452.09
CMI,LAN,1.0,379.0,1,379.0
CMI,LAS,43.0,15159.9,42,352.5558139534884
CMI,LAW,1.0,796.0,1,796.0
CMI,LAX,31.0,9141.36,26,294.8825806451613
CMI,LBB,1.0,294.5,1,294.5
CMI,LCH,1.0,373.54,1,373.54
CMI,LFT,1.0,266.5,1,266.5
CMI,LGA,25.0,8070.08,22,322.8032
CMI,LGB,1.0,1623.0,1,1623.0
CMI,LIH,1.0,740.0,1,740.0
CMI,LIT,2.0,364.0,2,182.0
CMI,LSE,1.0,444.0,1,444.0
CMI,MAF,1.0,660.0,1,660.0
CMI,MCI,10.0,3494.5,10,349.45
CMI,MCO,33.0,8594.67,29,260.44454545454545
CMI,MDT,2.0,489.8,2,244.9
CMI,MEM,1.0,304.0,1,304.0
CMI,MFE,1.0,250.0,1,250.0
CMI,MIA,18.0,7124.78,18,395.8211111111111
CMI,MRY,5.0,2077.5,4,415.5
CMI,MSN,5.0,1579.5,5,315.9
CMI,MSP,8.0,2404.0,8,300.5
CMI,MSY,13.0,2580.41,13,198.4930769230769
CMI,MYR,1.0,153.5,1,153.5
CMI,OGG,3.0,1702.5,3,567.5
CMI,OKC,4.0,1337.7,3,334.425
CMI,OMA,1.0,496.5,1,496.5
CMI,ONT,8.0,3065.0,7,383.125
CMI,ORD,19.0,4253.91,15,223.89
CMI,ORF,1.0,522.0,1,522.0
CMI,PBI,8.0,2688.55,8,336.06875
CMI,PDX,13.0,4503.44,13,346.4184615384615
CMI,PHL,13.0,4989.3,13,383.7923076923077
CMI,PHX,42.0,15954.34,42,379.8652380952381
CMI,PIT,14.0,4415.29,14,315.3778571428571
CMI,PNS,3.0,1544.0,3,514.6666666666666
CMI,PSP,6.0,1453.55,6,242.25833333333333
CMI,PVD,1.0,873.5,1,873.5
CMI,RDM,1.0,714.0,1,714.0
CMI,RDU,11.0,3174.59,11,288.59909090909093
CMI,RIC,1.0,5.0,1,5.0
CMI,RNO,3.0,1027.0,3,342.3333333333333
CMI,ROC,2.0,828.39,2,414.195
CMI,RST,4.0,962.0,4,240.5
CMI,RSW,23.0,6126.45,20,266.3673913043478
CMI,SAF,1.0,534.0,1,534.0
CMI,SAN,35.0,12633.48,34,360.9565714285714
CMI,SAT,18.0,6026.18,16,334.7877777777778
CMI,SAV,1.0,477.5,1,477.5
CMI,SBA,2.0,649.0,2,324.5
CMI,SBP,2.0,857.0,2,428.5
CMI,SEA,18.0,4607.81,16,255.98944444444447
CMI,SFO,28.0,12740.42,27,455.015
CMI,SGF,1.0,175.06,1,175.06
CMI,SJC,17.0,6486.5,16,381.55882352941177
CMI,SJT,1.0,579.5,1,579.5
CMI,SJU,4.0,2163.33,4,540.8325
CMI,SLC,16.0,5742.44,16,358.9025
CMI,SMF,13.0,4824.34,12,371.1030769230769
CMI,SNA,19.0,7376.66,18,388.2452631578947
CMI,SOW,1.0,445.0,1,445.0
CMI,SRQ,5.0,874.76,5,174.952
CMI,STT,1.0,672.9,1,672.9
CMI,SYR,2.0,612.0,2,306.0
CMI,TLH,1.0,827.33,1,827.33
CMI,TPA,17.0,5456.37,16,320.96294117647057
CMI,TUL,2.0,753.37,2,376.685
CMI,TUS,16.0,5985.96,15,374.1225
CMI,TYS,1.0,210.0,1,210.0
CMI,VPS,3.0,982.0,3,327.3333333333333
CMI,XNA,1.0,358.0,1,358.0
CNM,SGF,1.0,504.0,1,504.0
COS,ABI,10.0,3253.0,10,325.3
COS,ACT,1.0,5.0,1,5.0
COS,AEX,3.0,1606.0,3,535.3333333333334
COS,AGS,6.0,1471.71,6,245.285
COS,ATL,1.0,662.0,1,662.0
COS,AUS,1.0,228.0,1,228.0
COS,AVL,4.0,1029.0,3,257.25
COS,BHM,1.0,317.5,1,317.5
COS,BNA,4.0,2135.0,4,533.75
COS,BRO,2.0,542.5,2,271.25
COS,BTR,5.0,1286.5,5,257.3
COS,BUF,1.0,278.14,1,278.14
COS,CAE,1.0,373.0,1,373.0
COS,CHA,11.0,3306.5,11,300.59090909090907
COS,CID,3.0,1250.28,3,416.76
COS,CLE,1.0,319.0,1,319.0
COS,CLL,1.0,5.5,1,5.5
COS,CLT,2.0,268.0,2,134.0
COS,CMI,2.0,553.5,2,276.75
COS,COU,6.0,2379.0,6,396.5
COS,CRP,7.0,2015.5,7,287.92857142857144
COS,DAY,6.0,2241.2,6,373.5333333333333
COS,DCA,1.0,408.0,1,408.0
COS,DFW,71.0,16496.4,62,232.343661971831
COS,EVV,2.0,672.5,2,336.25
COS,FAY,4.0,1737.0,4,434.25
COS,FLL,1.0,484.5,1,484.5
COS,FSM,2.0,587.5,2,293.75
COS,GNV,2.0,697.0,2,348.5
COS,GPT,5.0,1905.5,5,381.1
COS,GRK,7.0,1999.0,5,285.57142857142856
COS,HOU,3.0,988.99,3,329.66333333333336
COS,HRL,4.0,1066.0,4,266.5
COS,HSV,9.0,3082.48,9,342.4977777777778
COS,IAH,4.0,706.88,4,176.72
COS,ICT,2.0,627.5,2,313.75
COS,IND,3.0,818.0,3,272.6666666666667
COS,JAN,7.0,1681.5,7,240.21428571428572
COS,JAX,1.0,283.0,1,283.0
COS,LAW,1.0,218.65,1,218.65
COS,LAX,1.0,526.25,1,526.25
COS,LCH,3.0,738.5,3,246.16666666666666
COS,LEX,10.0,3221.0,10,322.1
COS,LFT,8.0,2654.5,8,331.8125
COS,LIT,3.0,983.0,3,327.6666666666667
COS,MAF,1.0,115.0,1,115.0
COS,MCI,3.0,1155.0,3,385.0
COS,MCO,2.0,589.0,2,294.5
COS,MFE,3.0,759.0,3,253.0
COS,MGM,6.0,1714.5,6,285.75
COS,MHK,4.0,1160.5,4,290.125
COS,MIA,1.0,362.0,1,362.0
COS,MKE,1.0,279.0,1,279.0
COS,MOB,7.0,2440.5,7,348.64285714285717
COS,MSY,1.0,316.5,1,316.5
COS,MYR,1.0,5.5,1,5.5
COS,OKC,4.0,1145.5,4,286.375
COS,ORD,1.0,333.0,1,333.0
COS,PIA,2.0,693.5,2,346.75
COS,PNS,10.0,2413.0,10,241.3
COS,RDU,1.0,243.0,1,243.0
COS,SAN,2.0,318.0,2,159.0
COS,SAT,6.0,1758.5,5,293.0833333333333
COS,SDF,3.0,884.0,3,294.6666666666667
COS,SGF,16.0,2230.0,13,139.375
COS,SHV,11.0,2131.5,11,193.77272727272728
COS,SJU,1.0,328.0,1,328.0
COS,SMF,1.0,271.5,1,271.5
COS,SNA,1.0,233.0,1,233.0
COS,STL,1.0,284.0,1,284.0
COS,TLH,7.0,1938.5,7,276.92857142857144
COS,TRI,2.0,842.0,2,421.0
COS,TXK,1.0,609.0,1,609.0
COS,TYR,1.0,234.5,1,234.5
COS,TYS,1.0,286.0,1,286.0
COS,VPS,11.0,3996.36,11,363.30545454545455
COS,XNA,5.0,1642.0,5,328.4
COU,ABI,1.0,278.5,1,278.5
COU,ABQ,6.0,1413.06,6,235.51
COU,ACT,2.0,419.0,1,209.5
COU,AGS,3.0,1044.63,3,348.21000000000004
COU,ALB,5.0,1456.51,5,291.302
COU,AMA,1.0,304.0,1,304.0
COU,ASE,1.0,782.02,1,782.02
COU,ATL,15.0,4527.38,15,301.82533333333333
COU,ATW,1.0,334.0,1,334.0
COU,AUS,14.0,3529.37,14,252.09785714285712
COU,AVL,1.0,191.73,1,191.73
COU,AVP,1.0,270.41,1,270.41
COU,AZO,1.0,79.33,1,79.33
COU,BDL,3.0,605.96,3,201.98666666666668
COU,BFL,2.0,693.5,2,346.75
COU,BIL,1.0,425.5,1,425.5
COU,BIS,1.0,284.0,1,284.0
COU,BNA,4.0,1803.1399999999999,4,450.78499999999997
COU,BOI,4.0,1499.5,4,374.875
COU,BOS,8.0,2960.5,8,370.0625
COU,BRO,3.0,426.5,3,142.16666666666666
COU,BTR,3.0,627.9300000000001,1,209.31000000000003
COU,BUR,3.0,719.5,2,239.83333333333334
COU,BWI,3.0,846.56,3,282.18666666666667
COU,CAE,1.0,254.0,1,254.0
COU,CHS,5.0,1161.69,5,232.33800000000002
COU,CID,1.0,430.5,1,430.5
COU,CLE,6.0,1475.84,5,245.97333333333333
COU,CLL,1.0,554.0,1,554.0
COU,CLT,13.0,3323.25,13,255.6346153846154
COU,CMH,1.0,110.02,1,110.02
COU,COS,5.0,2105.0,5,421.0
COU,CRP,2.0,585.0,2,292.5
COU,CVG,3.0,674.64,3,224.88
COU,DAB,1.0,198.0,1,198.0
COU,DAY,2.0,643.5,2,321.75
COU,DCA,17.0,4861.66,15,285.98
COU,DEN,10.0,2722.1,10,272.21
COU,DFW,146.0,31158.31,115,213.41308219178083
COU,DRO,1.0,434.5,1,434.5
COU,DTW,6.0,1674.79,5,279.13166666666666
COU,ECP,1.0,161.0,1,161.0
COU,EGE,3.0,990.5,3,330.1666666666667
COU,ELP,4.0,1191.06,4,297.765
COU,EUG,1.0,612.0,1,612.0
COU,EWR,10.0,2326.0,10,232.6
COU,EYW,4.0,419.44,4,104.86
COU,FAT,5.0,2140.0,5,428.0
COU,FAY,1.0,292.28,1,292.28
COU,FLG,1.0,396.0,1,396.0
COU,FLL,6.0,1772.32,5,295.38666666666666
COU,FNT,1.0,134.0,1,134.0
COU,FSD,1.0,348.0,1,348.0
COU,GEG,2.0,670.5,2,335.25
COU,GJT,2.0,250.0,2,125.0
COU,GNV,2.0,693.52,1,346.76
COU,GPT,2.0,646.05,2,323.025
COU,GRK,3.0,881.0,3,293.6666666666667
COU,GRR,1.0,221.0,1,221.0
COU,GSO,4.0,815.34,4,203.835
COU,GSP,4.0,1259.07,4,314.7675
COU,HOU,7.0,1653.05,7,236.15
COU,HPN,2.0,560.0,2,280.0
COU,HSV,2.0,584.0,2,292.0
COU,IAD,2.0,715.25,2,357.625
COU,IAH,17.0,4779.51,17,281.14764705882357
COU,IDA,1.0,407.0,1,407.0
COU,IND,2.0,399.31,2,199.655
COU,JAC,1.0,347.93,1,347.93
COU,JAN,5.0,2078.0,5,415.6
COU,JAX,7.0,1856.24,7,265.1771428571429
COU,JFK,1.0,660.5,1,660.5
COU,KOA,1.0,526.74,1,526.74
COU,LAS,19.0,5681.6900000000005,19,299.0363157894737
COU,LAX,13.0,5150.33,13,396.17923076923074
COU,LBB,3.0,903.0,3,301.0
COU,LEX,2.0,920.5899999999999,2,460.29499999999996
COU,LFT,2.0,1014.0,2,507.0
COU,LGA,17.0,3430.75,16,201.80882352941177
COU,MAF,3.0,940.0,3,313.3333333333333
COU,MCO,42.0,10955.23,39,260.8388095238095
COU,MGM,1.0,282.87,1,282.87
COU,MIA,16.0,5847.97,16,365.498125
COU,MKE,2.0,539.75,2,269.875
COU,MOB,1.0,266.0,1,266.0
COU,MRY,2.0,701.5,2,350.75
COU,MSN,5.0,1332.18,5,266.43600000000004
COU,MSP,7.0,2040.5,7,291.5
COU,MSY,10.0,3546.44,10,354.644
COU,OGG,5.0,2936.78,5,587.356
COU,OKC,3.0,730.5,2,243.5
COU,ONT,3.0,1143.5,3,381.1666666666667
COU,ORD,181.0,37070.91,119,204.81165745856356
COU,ORF,3.0,1088.17,3,362.72333333333336
COU,PBI,8.0,2193.42,8,274.1775
COU,PDX,5.0,1337.0,4,267.4
COU,PHL,14.0,4307.0,14,307.64285714285717
COU,PHX,32.0,11698.41,29,365.5753125
COU,PIT,4.0,1537.0,4,384.25
COU,PNS,3.0,723.17,3,241.05666666666664
COU,PSP,18.0,5009.99,17,278.3327777777778
COU,RDU,7.0,1467.15,7,209.59285714285716
COU,RIC,4.0,1228.02,4,307.005
COU,RNO,3.0,1007.0,3,335.6666666666667
COU,ROC,3.0,873.5,3,291.1666666666667
COU,RST,2.0,179.0,2,89.5
COU,RSW,23.0,7360.2300000000005,21,320.01000000000005
COU,SAN,21.0,6821.8,21,324.84761904761905
COU,SAT,20.0,5536.27,19,276.81350000000003
COU,SBA,4.0,769.5,3,192.375
COU,SBP,5.0,1486.83,5,297.366
COU,SCE,1.0,362.64,1,362.64
COU,SDF,2.0,458.0,2,229.0
COU,SEA,8.0,3098.93,8,387.36625
COU,SFO,9.0,3322.4700000000003,9,369.16333333333336
COU,SHV,3.0,937.5,3,312.5
COU,SJC,8.0,1760.5,7,220.0625
COU,SJU,3.0,901.63,3,300.54333333333335
COU,SLC,8.0,3196.57,8,399.57125
COU,SMF,11.0,3916.69,11,356.0627272727273
COU,SNA,13.0,3575.37,13,275.02846153846156
COU,SRQ,3.0,1032.81,3,344.27
COU,STS,2.0,633.0,2,316.5
COU,TLH,2.0,810.5,2,405.25
COU,TPA,7.0,1684.42,6,240.6314285714286
COU,TUL,1.0,155.11,1,155.11
COU,TUS,9.0,2619.0,9,291.0
COU,TVC,1.0,292.46,1,292.46
COU,TYS,5.0,2162.62,5,432.524
COU,VPS,3.0,1033.5,3,344.5
COU,YUM,2.0,866.45,2,433.225
CRP,ABE,1.0,268.93,1,268.93
CRP,ABI,5.0,2051.67,5,410.334
CRP,ABQ,4.0,1561.4,3,390.35
CRP,AGS,3.0,1266.75,3,422.25
CRP,ALB,1.0,532.0,1,532.0
CRP,AMA,10.0,2532.0,10,253.2
CRP,ANC,2.0,1026.0,2,513.0
CRP,ASE,3.0,1395.0,2,465.0
CRP,ATL,16.0,4592.5,13,287.03125
CRP,AVL,1.0,375.0,1,375.0
CRP,BDL,3.0,2427.4,3,809.1333333333333
CRP,BFL,3.0,854.51,3,284.83666666666664
CRP,BGR,3.0,1608.0,3,536.0
CRP,BHM,5.0,1581.0,5,316.2
CRP,BIL,2.0,700.6600000000001,2,350.33000000000004
CRP,BIS,1.0,308.5,1,308.5
CRP,BMI,1.0,5.5,1,5.5
CRP,BNA,9.0,2676.0,8,297.3333333333333
CRP,BOI,4.0,1933.0,4,483.25
CRP,BOS,15.0,7849.29,14,523.286
CRP,BTR,2.0,749.0,2,374.5
CRP,BUF,2.0,1319.0,2,659.5
CRP,BUR,2.0,749.0,2,374.5
CRP,BWI,1.0,426.0,1,426.0
CRP,BZN,3.0,862.5,3,287.5
CRP,CAE,3.0,1080.91,3,360.30333333333334
CRP,CHA,5.0,1784.5,5,356.9
CRP,CHO,2.0,2823.15,2,1411.575
CRP,CHS,8.0,3230.44,8,403.805
CRP,CID,2.0,847.5,2,423.75
CRP,CLE,10.0,3226.5,9,322.65
CRP,CLT,23.0,7557.41,20,328.5830434782609
CRP,CMH,5.0,1801.0,5,360.2
CRP,CMI,4.0,1234.0,4,308.5
CRP,COS,12.0,3858.5,12,321.5416666666667
CRP,COU,2.0,585.0,2,292.5
CRP,CVG,6.0,1667.0,5,277.8333333333333
CRP,CWA,2.0,611.5,2,305.75
CRP,DAY,5.0,2164.0,5,432.8
CRP,DCA,14.0,4355.26,14,311.09000000000003
CRP,DEN,24.0,6270.5,22,261.2708333333333
CRP,DFW,338.0,89932.0,211,266.07100591715977
CRP,DRO,9.0,3333.0,9,370.3333333333333
CRP,DSM,5.0,1024.0,5,204.8
CRP,DTW,10.0,3318.0,9,331.8
CRP,ECP,1.0,294.0,1,294.0
CRP,EGE,7.0,2935.0,7,419.2857142857143
CRP,ELP,10.0,3023.5,8,302.35
CRP,EUG,1.0,1507.0,1,1507.0
CRP,EVV,3.0,1173.5,3,391.1666666666667
CRP,EWN,2.0,1047.67,2,523.835
CRP,EWR,10.0,2932.0,10,293.2
CRP,EYW,3.0,1136.5,3,378.8333333333333
CRP,FAR,15.0,6287.36,15,419.1573333333333
CRP,FAT,9.0,3330.0,8,370.0
CRP,FAY,3.0,1040.0,3,346.6666666666667
CRP,FLG,1.0,433.5,1,433.5
CRP,FLL,5.0,2293.5,5,458.7
CRP,FNT,1.0,612.0,1,612.0
CRP,FSD,6.0,2605.26,6,434.21000000000004
CRP,FSM,3.0,907.0,3,302.3333333333333
CRP,FWA,6.0,3246.5,6,541.0833333333334
CRP,GEG,4.0,1906.78,4,476.695
CRP,GJT,4.0,1325.5,4,331.375
CRP,GPT,6.0,2078.0,6,346.3333333333333
CRP,GRB,2.0,937.0,2,468.5
CRP,GRR,8.0,2985.61,8,373.20125
CRP,GSO,1.0,343.0,1,343.0
CRP,GSP,2.0,1894.0,2,947.0
CRP,GUC,1.0,422.0,1,422.0
CRP,HDN,7.0,2166.0,7,309.42857142857144
CRP,HHH,2.0,906.0,2,453.0
CRP,HNL,4.0,2378.5,4,594.625
CRP,HPN,1.0,352.0,1,352.0
CRP,HRO,1.0,376.0,1,376.0
CRP,HSV,5.0,1484.0,5,296.8
CRP,IAD,2.0,495.0,2,247.5
CRP,ICT,19.0,4605.5,18,242.39473684210526
CRP,IDA,1.0,407.0,1,407.0
CRP,ILM,2.0,1299.0,2,649.5
CRP,IND,10.0,3000.0,10,300.0
CRP,JAC,2.0,804.5,2,402.25
CRP,JAN,7.0,1944.5,7,277.7857142857143
CRP,JAX,15.0,3649.0,14,243.26666666666668
CRP,JFK,2.0,2183.0,2,1091.5
CRP,KOA,2.0,463.88,2,231.94
CRP,LAS,31.0,11872.69,29,382.99
CRP,LAX,24.0,7965.09,23,331.87875
CRP,LBB,14.0,2987.6,12,213.4
CRP,LCH,1.0,630.0,1,630.0
CRP,LEX,8.0,2574.19,8,321.77375
CRP,LFT,3.0,1000.0,3,333.3333333333333
CRP,LGA,26.0,9762.78,20,375.4915384615385
CRP,LIT,4.0,1013.0,4,253.25
CRP,LSE,2.0,936.53,2,468.265
CRP,MAF,4.0,1339.0,4,334.75
CRP,MCI,5.0,1224.0,5,244.8
CRP,MCO,18.0,8056.03,18,447.5572222222222
CRP,MDT,1.0,1363.0,1,1363.0
CRP,MEM,11.0,3848.0,9,349.8181818181818
CRP,MGM,4.0,2076.5,4,519.125
CRP,MHK,5.0,1124.5,5,224.9
CRP,MIA,11.0,3836.17,10,348.7427272727273
CRP,MKE,8.0,2836.24,8,354.53
CRP,MLI,5.0,1545.0,5,309.0
CRP,MLU,1.0,414.0,1,414.0
CRP,MOB,2.0,567.0,2,283.5
CRP,MSN,10.0,3518.0,10,351.8
CRP,MSO,1.0,583.0,1,583.0
CRP,MSP,21.0,7586.5,19,361.26190476190476
CRP,MSY,7.0,2732.0,7,390.2857142857143
CRP,MTJ,3.0,1271.0,3,423.6666666666667
CRP,MWA,1.0,211.0,1,211.0
CRP,MYR,4.0,1656.0,4,414.0
CRP,OGG,2.0,1723.5,2,861.75
CRP,OKC,12.0,3043.0,11,253.58333333333334
CRP,OMA,4.0,980.0,4,245.0
CRP,ONT,5.0,2737.5,5,547.5
CRP,ORD,17.0,5354.0,16,314.94117647058823
CRP,ORF,4.0,2719.85,4,679.9625
CRP,PBI,4.0,901.5,4,225.375
CRP,PDX,11.0,4300.5,11,390.95454545454544
CRP,PHL,17.0,8195.27,16,482.074705882353
CRP,PHX,12.0,4338.49,11,361.5408333333333
CRP,PIA,5.0,1636.0,5,327.2
CRP,PIT,15.0,5192.5,14,346.1666666666667
CRP,PNS,6.0,1604.0,6,267.3333333333333
CRP,PSP,5.0,2825.0,5,565.0
CRP,PVD,4.0,1963.21,4,490.8025
CRP,PWM,1.0,382.0,1,382.0
CRP,RAP,5.0,1986.5,5,397.3
CRP,RDU,9.0,3225.0,9,358.3333333333333
CRP,RIC,5.0,2428.0,5,485.6
CRP,RNO,8.0,3406.43,8,425.80375
CRP,ROW,5.0,1216.5,5,243.3
CRP,RSW,2.0,1342.0,2,671.0
CRP,SAF,4.0,1384.5,4,346.125
CRP,SAN,18.0,5466.0,16,303.6666666666667
CRP,SAV,2.0,836.0,2,418.0
CRP,SBA,2.0,780.0,2,390.0
CRP,SBN,2.0,570.0,2,285.0
CRP,SDF,12.0,3066.0,12,255.5
CRP,SEA,12.0,4708.5,12,392.375
CRP,SFO,7.0,2507.5,7,358.2142857142857
CRP,SGF,4.0,1475.0,4,368.75
CRP,SHV,7.0,2280.0,7,325.7142857142857
CRP,SJC,5.0,2161.5,5,432.3
CRP,SJT,1.0,399.0,1,399.0
CRP,SJU,1.0,154.0,1,154.0
CRP,SLC,15.0,5061.57,15,337.438
CRP,SMF,5.0,2161.0,5,432.2
CRP,SNA,11.0,3906.41,11,355.1281818181818
CRP,SOW,1.0,441.0,1,441.0
CRP,SPS,1.0,204.0,1,204.0
CRP,STL,9.0,3604.98,9,400.55333333333334
CRP,STT,1.0,968.0,1,968.0
CRP,STX,2.0,429.0,2,214.5
CRP,SYR,2.0,680.0,2,340.0
CRP,TLH,3.0,1265.0,3,421.6666666666667
CRP,TPA,13.0,3016.0,12,232.0
CRP,TRI,3.0,1781.0,3,593.6666666666666
CRP,TUL,13.0,3836.5,13,295.11538461538464
CRP,TUS,9.0,2842.0,8,315.77777777777777
CRP,TVC,1.0,378.5,1,378.5
CRP,TYR,2.0,702.5,2,351.25
CRP,TYS,5.0,3103.0,4,620.6
CRP,VPS,5.0,1971.0,5,394.2
CRP,XNA,9.0,2337.73,9,259.7477777777778
CRP,YKM,2.0,1108.0,2,554.0
CRP,YUM,1.0,292.0,1,292.0
CRW,BFL,1.0,566.0,1,566.0
CRW,BHM,1.0,366.5,1,366.5
CRW,GJT,1.0,5.5,1,5.5
CSG,BIL,2.0,746.5,2,373.25
CSG,ELP,2.0,512.5,2,256.25
CSG,FAR,1.0,429.0,1,429.0
CSG,FSM,1.0,499.0,1,499.0
CSG,GRK,3.0,720.0,3,240.0
CSG,HOU,2.0,857.0,2,428.5
CSG,IAH,2.0,510.98,1,255.49
CSG,LEX,1.0,287.5,1,287.5
CSG,MHK,4.0,1613.47,4,403.3675
CSG,RAP,1.0,468.0,1,468.0
CSG,SGF,1.0,282.21,1,282.21
CSG,XNA,3.0,998.1099999999999,3,332.7033333333333
CVG,ABE,2.0,940.89,2,470.445
CVG,ABI,5.0,1354.5,5,270.9
CVG,ABQ,4.0,987.64,4,246.91
CVG,ALB,3.0,625.75,3,208.58333333333334
CVG,ALO,1.0,379.0,1,379.0
CVG,ASE,1.0,244.5,1,244.5
CVG,ATL,1.0,182.35,1,182.35
CVG,ATW,5.0,1364.0,5,272.8
CVG,AUS,415.0,68146.67,238,164.20884337349398
CVG,BDL,12.0,2823.27,12,235.2725
CVG,BFL,3.0,1185.0900000000001,3,395.03000000000003
CVG,BGR,2.0,756.3399999999999,2,378.16999999999996
CVG,BHM,4.0,952.02,4,238.005
CVG,BLI,1.0,1162.59,1,1162.59
CVG,BOI,1.0,807.0,1,807.0
CVG,BOS,260.0,65325.21,190,251.2508076923077
CVG,BTR,2.0,774.19,2,387.095
CVG,BTV,2.0,658.11,2,329.055
CVG,BUF,5.0,1153.31,5,230.66199999999998
CVG,BWI,4.0,1192.1399999999999,4,298.03499999999997
CVG,BZN,5.0,1774.1599999999999,5,354.832
CVG,CHS,10.0,1875.0900000000001,10,187.50900000000001
CVG,CID,10.0,3444.8,10,344.48
CVG,CLT,2.0,362.01,2,181.005
CVG,CMI,2.0,530.0,2,265.0
CVG,COU,3.0,748.5,3,249.5
CVG,CRP,2.0,222.0,2,111.0
CVG,CWA,1.0,378.5,1,378.5
CVG,DCA,158.0,24905.5,124,157.62974683544303
CVG,DEN,9.0,1366.6299999999999,8,151.84777777777776
CVG,DFW,19.0,7040.7699999999995,19,370.5668421052631
CVG,DRO,1.0,418.0,1,418.0
CVG,DSM,3.0,1156.5,3,385.5
CVG,ECP,1.0,190.49,1,190.49
CVG,EGE,1.0,5.5,1,5.5
CVG,ELP,5.0,1825.32,5,365.06399999999996
CVG,EWR,4.0,904.62,4,226.155
CVG,EYW,13.0,4759.36,13,366.1046153846154
CVG,FAR,4.0,1524.5,4,381.125
CVG,FLL,1.0,264.18,1,264.18
CVG,FNT,2.0,486.0,2,243.0
CVG,FSD,1.0,218.5,1,218.5
CVG,GJT,1.0,514.5,1,514.5
CVG,GNV,1.0,566.0,1,566.0
CVG,GRB,6.0,1440.0,1,240.0
CVG,GRK,2.0,451.0,2,225.5
CVG,GRR,5.0,1577.5,5,315.5
CVG,GSO,1.0,99.74,1,99.74
CVG,GSP,1.0,320.0,1,320.0
CVG,HHH,3.0,804.0,3,268.0
CVG,HNL,1.0,588.0,1,588.0
CVG,HOU,3.0,500.0,3,166.66666666666666
CVG,HPN,1.0,227.5,1,227.5
CVG,HRL,2.0,636.5,2,318.25
CVG,IAH,2.0,369.01,2,184.505
CVG,ICT,11.0,2391.93,11,217.4481818181818
CVG,ILM,1.0,247.29,1,247.29
CVG,JAC,2.0,276.49,2,138.245
CVG,JAN,3.0,722.3,3,240.76666666666665
CVG,JAX,9.0,2428.7799999999997,9,269.8644444444444
CVG,JFK,4.0,575.95,4,143.9875
CVG,KOA,1.0,363.0,1,363.0
CVG,LAN,3.0,962.5,3,320.8333333333333
CVG,LAS,18.0,5469.360000000001,18,303.85333333333335
CVG,LAX,23.0,7600.0,23,330.4347826086956
CVG,LFT,4.0,1235.38,4,308.845
CVG,LGA,7.0,1548.02,7,221.1457142857143
CVG,LIH,2.0,2186.23,2,1093.115
CVG,LIT,8.0,1805.94,8,225.7425
CVG,LSE,2.0,602.5,2,301.25
CVG,MAF,3.0,1053.5,3,351.1666666666667
CVG,MCI,23.0,5434.91,22,236.30043478260868
CVG,MCO,12.0,2945.2200000000003,12,245.43500000000003
CVG,MDT,2.0,383.0,2,191.5
CVG,MEM,9.0,2050.0299999999997,9,227.78111111111107
CVG,MHK,5.0,1032.28,5,206.456
CVG,MHT,2.0,488.43,2,244.215
CVG,MIA,815.0,238190.3,522,292.25803680981596
CVG,MKE,11.0,3381.64,11,307.4218181818182
CVG,MKG,1.0,257.5,1,257.5
CVG,MLI,2.0,702.0,2,351.0
CVG,MQT,2.0,798.0,2,399.0
CVG,MRY,2.0,980.97,2,490.485
CVG,MSN,6.0,1982.5,6,330.4166666666667
CVG,MSP,2.0,226.53,2,113.265
CVG,MSY,9.0,2505.33,9,278.37
CVG,OKC,8.0,2300.43,8,287.55375
CVG,OMA,14.0,3378.48,12,241.32
CVG,ONT,2.0,458.04,2,229.02
CVG,ORD,308.0,56394.76,209,183.09987012987014
CVG,PBI,7.0,998.54,7,142.64857142857142
CVG,PDX,13.0,4782.0,10,367.84615384615387
CVG,PHL,4.0,985.75,3,246.4375
CVG,PHX,22.0,6465.77,22,293.8986363636364
CVG,PNS,1.0,249.0,1,249.0
CVG,PSP,3.0,566.3800000000001,3,188.79333333333338
CVG,PVD,2.0,347.85,2,173.925
CVG,PWM,3.0,1503.5900000000001,3,501.1966666666667
CVG,RAP,1.0,397.0,1,397.0
CVG,RDU,70.0,14996.619999999999,61,214.23742857142855
CVG,RNO,10.0,4261.25,10,426.125
CVG,ROC,6.0,1642.15,6,273.69166666666666
CVG,RST,5.0,1727.47,5,345.494
CVG,RSW,1.0,137.0,1,137.0
CVG,SAN,11.0,3378.25,11,307.1136363636364
CVG,SAT,7.0,1579.88,6,225.69714285714286
CVG,SAV,3.0,1241.3899999999999,3,413.7966666666666
CVG,SBP,2.0,349.0,2,174.5
CVG,SEA,10.0,2471.0,9,247.1
CVG,SFO,17.0,5783.84,16,340.2258823529412
CVG,SGF,15.0,4430.17,15,295.3446666666667
CVG,SHV,2.0,534.5899999999999,2,267.29499999999996
CVG,SJT,3.0,1047.0,3,349.0
CVG,SJU,16.0,5997.29,15,374.830625
CVG,SLC,3.0,1187.76,3,395.92
CVG,SMF,1.0,377.0,1,377.0
CVG,SNA,17.0,4328.42,15,254.6129411764706
CVG,SRQ,1.0,255.56,1,255.56
CVG,STL,13.0,3360.35,13,258.48846153846154
CVG,STS,1.0,247.75,1,247.75
CVG,STT,13.0,6309.79,11,485.36846153846153
CVG,STX,9.0,4273.33,7,474.81444444444446
CVG,SYR,3.0,797.8199999999999,3,265.94
CVG,TLH,2.0,580.6700000000001,2,290.33500000000004
CVG,TPA,3.0,800.52,3,266.84
CVG,TUL,7.0,1501.3600000000001,7,214.48000000000002
CVG,TUS,2.0,1784.0,2,892.0
CVG,TVC,3.0,781.5,3,260.5
CVG,TYS,1.0,313.09,1,313.09
CVG,XNA,38.0,12855.45,38,338.3013157894737
CVG,YUM,2.0,827.69,2,413.845
CVN,DAY,1.0,635.5,1,635.5
CVN,LIT,1.0,323.5,1,323.5
CVN,MLI,1.0,345.0,1,345.0
CVN,TRI,2.0,1017.0,2,508.5
CWA,ABQ,2.0,517.0,2,258.5
CWA,ALB,1.0,649.0,1,649.0
CWA,ATL,4.0,1723.5,4,430.875
CWA,AUS,8.0,3685.62,8,460.7025
CWA,AVP,1.0,310.0,1,310.0
CWA,AZO,1.0,627.0,1,627.0
CWA,BDL,4.0,1457.5,3,364.375
CWA,BHM,1.0,321.5,1,321.5
CWA,BNA,10.0,3810.5,10,381.05
CWA,BOS,5.0,1529.27,5,305.854
CWA,BRO,1.0,306.5,1,306.5
CWA,BUF,1.0,308.5,1,308.5
CWA,BWI,2.0,1704.0,2,852.0
CWA,CHA,1.0,305.65,1,305.65
CWA,CHS,4.0,1892.82,4,473.205
CWA,CLE,6.0,1911.0,6,318.5
CWA,CLT,8.0,3060.0299999999997,8,382.50374999999997
CWA,CMH,7.0,2261.5,7,323.07142857142856
CWA,COS,1.0,443.0,1,443.0
CWA,CRP,2.0,611.5,2,305.75
CWA,CVG,1.0,378.5,1,378.5
CWA,DAB,1.0,332.5,1,332.5
CWA,DAY,2.0,774.5,2,387.25
CWA,DCA,13.0,4831.16,12,371.6276923076923
CWA,DEN,3.0,1025.0,3,341.6666666666667
CWA,DFW,11.0,4819.5,11,438.1363636363636
CWA,DTW,2.0,635.0,2,317.5
CWA,ELP,1.0,5.0,1,5.0
CWA,EWR,3.0,1095.41,3,365.1366666666667
CWA,EYW,4.0,2338.5,4,584.625
CWA,FAT,2.0,999.05,2,499.525
CWA,FLL,8.0,2761.0,8,345.125
CWA,FNT,1.0,167.5,1,167.5
CWA,GJT,1.0,288.0,1,288.0
CWA,GRR,2.0,732.0,2,366.0
CWA,GSO,3.0,825.0,3,275.0
CWA,GSP,2.0,640.12,2,320.06
CWA,HDN,1.0,887.0,1,887.0
CWA,HNL,1.0,5.3,1,5.3
CWA,HPN,3.0,1045.0,3,348.3333333333333
CWA,IAH,7.0,2347.0,7,335.2857142857143
CWA,ICT,2.0,752.0,2,376.0
CWA,IND,2.0,1284.5,2,642.25
CWA,JAX,6.0,2192.98,6,365.49666666666667
CWA,JFK,1.0,5.5,1,5.5
CWA,KOA,2.0,750.7,2,375.35
CWA,LAS,12.0,3808.0,11,317.3333333333333
CWA,LAX,4.0,962.5,4,240.625
CWA,LGA,10.0,3614.11,10,361.411
CWA,LIH,1.0,5.46,1,5.46
CWA,LIT,2.0,1165.0,2,582.5
CWA,MCI,3.0,1427.5,3,475.8333333333333
CWA,MCO,29.0,9959.41,26,343.42793103448275
CWA,MDT,2.0,612.0,2,306.0
CWA,MEM,2.0,613.0,2,306.5
CWA,MHK,2.0,550.5,2,275.25
CWA,MIA,11.0,4153.94,11,377.63090909090903
CWA,MLU,1.0,494.0,1,494.0
CWA,MSY,11.0,4095.1800000000003,7,372.28909090909093
CWA,OGG,2.0,872.64,2,436.32
CWA,OMA,1.0,283.5,1,283.5
CWA,ORD,25.0,6319.89,22,252.7956
CWA,ORF,3.0,1001.5,3,333.8333333333333
CWA,PBI,6.0,2152.5,5,358.75
CWA,PHL,3.0,636.35,3,212.11666666666667
CWA,PHX,9.0,3889.0,9,432.1111111111111
CWA,PNS,4.0,2473.73,4,618.4325
CWA,PSP,4.0,1626.0,4,406.5
CWA,PVD,1.0,406.5,1,406.5
CWA,RDU,2.0,693.5,2,346.75
CWA,RIC,1.0,418.0,1,418.0
CWA,ROC,2.0,576.5699999999999,2,288.28499999999997
CWA,RSW,7.0,2966.4,7,423.7714285714286
CWA,SAN,5.0,1596.1399999999999,5,319.22799999999995
CWA,SAT,2.0,558.0,2,279.0
CWA,SBA,1.0,313.0,1,313.0
CWA,SDF,5.0,1216.0,5,243.2
CWA,SEA,3.0,1300.5,3,433.5
CWA,SFO,1.0,565.79,1,565.79
CWA,SGF,2.0,632.0,2,316.0
CWA,SHV,1.0,5.5,1,5.5
CWA,SJU,3.0,1169.0,3,389.6666666666667
CWA,SLC,1.0,398.5,1,398.5
CWA,SMF,2.0,713.0,2,356.5
CWA,SNA,5.0,1720.5,5,344.1
CWA,SRQ,4.0,1631.02,4,407.755
CWA,STL,3.0,863.5,3,287.8333333333333
CWA,STT,1.0,422.34,1,422.34
CWA,SYR,1.0,693.0,1,693.0
CWA,TLH,1.0,453.0,1,453.0
CWA,TPA,9.0,2859.0,9,317.6666666666667
CWA,TUL,3.0,1014.0,3,338.0
CWA,TUS,10.0,2493.5,9,249.35
CWA,TYS,5.0,2334.08,5,466.816
CWA,VPS,1.0,383.0,1,383.0
CWA,XNA,3.0,1288.0,3,429.3333333333333
DAB,ABQ,1.0,5.0,1,5.0
DAB,ACT,1.0,292.0,1,292.0
DAB,AGS,1.0,278.5,1,278.5
DAB,AMA,1.0,345.0,1,345.0
DAB,ATW,4.0,1213.5,3,303.375
DAB,AUS,7.0,2201.23,7,314.4614285714286
DAB,BHM,1.0,183.5,1,183.5
DAB,BIL,2.0,1323.5,2,661.75
DAB,BRO,2.0,879.03,2,439.515
DAB,CMH,1.0,168.28,1,168.28
DAB,CMI,2.0,698.4300000000001,2,349.21500000000003
DAB,COS,2.0,1737.0,2,868.5
DAB,CWA,1.0,332.5,1,332.5
DAB,DEN,4.0,1183.0,3,295.75
DAB,DFW,139.0,37875.21,112,272.4835251798561
DAB,DRO,3.0,2006.3400000000001,3,668.7800000000001
DAB,ELP,1.0,226.0,1,226.0
DAB,FAR,3.0,1630.87,3,543.6233333333333
DAB,GSP,2.0,349.0,2,174.5
DAB,IAH,1.0,252.0,1,252.0
DAB,ICT,3.0,984.63,3,328.21
DAB,IND,1.0,279.0,1,279.0
DAB,LAN,1.0,163.0,1,163.0
DAB,LAS,7.0,2340.86,7,334.40857142857146
DAB,LAX,8.0,2127.99,8,265.99875
DAB,LBB,1.0,227.5,1,227.5
DAB,LIT,1.0,347.79,1,347.79
DAB,LSE,1.0,462.96,1,462.96
DAB,MAF,2.0,296.0,2,148.0
DAB,MFE,1.0,279.12,1,279.12
DAB,MSN,3.0,839.0,3,279.6666666666667
DAB,MSP,1.0,383.0,1,383.0
DAB,OKC,3.0,493.86,3,164.62
DAB,OMA,1.0,304.0,1,304.0
DAB,ONT,3.0,1283.0,3,427.6666666666667
DAB,PDX,1.0,200.0,1,200.0
DAB,PHX,9.0,5442.48,8,604.7199999999999
DAB,RAP,8.0,4069.5,8,508.6875
DAB,RNO,2.0,975.0,2,487.5
DAB,SAF,3.0,1674.0,3,558.0
DAB,SAN,1.0,264.5,1,264.5
DAB,SAT,1.0,219.65,1,219.65
DAB,SBP,1.0,5.0,1,5.0
DAB,SEA,3.0,884.9,3,294.96666666666664
DAB,SFO,4.0,1164.56,4,291.14
DAB,SGF,5.0,790.5,4,158.1
DAB,SLC,3.0,968.0,3,322.6666666666667
DAB,SMF,4.0,1694.0,4,423.5
DAB,SNA,5.0,1856.5,5,371.3
DAB,STL,2.0,523.79,2,261.895
DAB,TUL,2.0,584.0,2,292.0
DAB,TUS,5.0,1479.5,5,295.9
DAB,XNA,11.0,2920.4900000000002,10,265.4990909090909
DAY,ABI,5.0,1758.0,5,351.6
DAY,ABQ,9.0,3172.36,9,352.4844444444445
DAY,AEX,2.0,1014.0,2,507.0
DAY,AGS,1.0,291.5,1,291.5
DAY,AMA,2.0,660.55,2,330.275
DAY,ANC,2.0,783.0,2,391.5
DAY,ATL,1.0,618.37,1,618.37
DAY,ATW,5.0,1368.5,4,273.7
DAY,AUS,10.0,3795.0,10,379.5
DAY,AVP,5.0,1561.9,5,312.38
DAY,BDL,2.0,358.67,2,179.335
DAY,BHM,2.0,534.98,2,267.49
DAY,BIL,3.0,1353.5,3,451.1666666666667
DAY,BIS,1.0,374.0,1,374.0
DAY,BMI,1.0,369.0,1,369.0
DAY,BOI,3.0,1280.5,3,426.8333333333333
DAY,BOS,1.0,511.19,1,511.19
DAY,BPT,1.0,5.0,1,5.0
DAY,BRO,1.0,439.0,1,439.0
DAY,BTR,1.0,491.75,1,491.75
DAY,BUR,2.0,582.0,2,291.0
DAY,BWI,6.0,1591.02,5,265.17
DAY,BZN,2.0,486.0,2,243.0
DAY,CHS,1.0,222.17,1,222.17
DAY,CID,2.0,701.0,2,350.5
DAY,CLL,1.0,604.0,1,604.0
DAY,CLT,1.0,98.39,1,98.39
DAY,COS,8.0,2756.8,8,344.6
DAY,COU,2.0,643.5,2,321.75
DAY,CRP,2.0,591.0,2,295.5
DAY,CVN,1.0,635.5,1,635.5
DAY,CWA,2.0,774.5,2,387.25
DAY,DEN,12.0,3481.26,11,290.105
DAY,DFW,156.0,47015.91,133,301.38403846153847
DAY,DRO,1.0,351.15,1,351.15
DAY,ELP,7.0,1735.25,7,247.89285714285714
DAY,EWR,5.0,1501.46,5,300.29200000000003
DAY,FAI,1.0,296.5,1,296.5
DAY,FAR,2.0,1175.5,2,587.75
DAY,FAT,2.0,577.0,2,288.5
DAY,FLL,1.0,285.29,1,285.29
DAY,FSD,3.0,856.5,3,285.5
DAY,GJT,1.0,391.0,1,391.0
DAY,GPT,1.0,193.0,1,193.0
DAY,GRB,1.0,358.0,1,358.0
DAY,GRK,2.0,708.0,2,354.0
DAY,GRR,1.0,439.0,1,439.0
DAY,GSP,1.0,486.5,1,486.5
DAY,GUC,1.0,944.0,1,944.0
DAY,HNL,6.0,6288.0,6,1048.0
DAY,HOU,2.0,726.0,2,363.0
DAY,HPN,1.0,142.0,1,142.0
DAY,HRL,2.0,950.0,2,475.0
DAY,IAH,8.0,2568.5,8,321.0625
DAY,ICT,5.0,1416.0,5,283.2
DAY,JAN,2.0,1054.0,2,527.0
DAY,JAX,1.0,190.7,1,190.7
DAY,KOA,1.0,1342.5,1,1342.5
DAY,LAN,1.0,253.0,1,253.0
DAY,LAS,24.0,6084.37,22,253.51541666666665
DAY,LAX,27.0,9221.34,26,341.5311111111111
DAY,LCH,1.0,353.0,1,353.0
DAY,LFT,1.0,386.0,1,386.0
DAY,LIT,3.0,1099.33,3,366.4433333333333
DAY,LSE,2.0,473.0,2,236.5
DAY,MAF,1.0,392.0,1,392.0
DAY,MCI,4.0,880.15,4,220.0375
DAY,MCO,4.0,1342.12,4,335.53
DAY,MDT,1.0,529.69,1,529.69
DAY,MEM,1.0,396.0,1,396.0
DAY,MFE,2.0,996.0,2,498.0
DAY,MHK,4.0,1100.32,4,275.08
DAY,MIA,6.0,1960.8,6,326.8
DAY,MKE,1.0,243.34,1,243.34
DAY,MLI,2.0,389.0,2,194.5
DAY,MOB,1.0,338.0,1,338.0
DAY,MRY,4.0,1348.5,4,337.125
DAY,MSN,4.0,1409.0,4,352.25
DAY,MSO,2.0,631.5,2,315.75
DAY,MSP,2.0,826.0,2,413.0
DAY,MSY,2.0,582.28,2,291.14
DAY,OGG,2.0,1447.48,2,723.74
DAY,OKC,21.0,5239.98,19,249.52285714285713
DAY,OMA,2.0,1409.0,2,704.5
DAY,ONT,7.0,2755.0,7,393.57142857142856
DAY,ORD,62.0,11382.34,52,183.58612903225807
DAY,ORF,1.0,474.0,1,474.0
DAY,PBI,3.0,1221.42,3,407.14000000000004
DAY,PDX,4.0,1537.0,4,384.25
DAY,PHL,2.0,994.87,2,497.435
DAY,PHX,20.0,7274.91,19,363.7455
DAY,PSP,3.0,819.59,3,273.19666666666666
DAY,RAP,2.0,671.0,2,335.5
DAY,RDU,1.0,348.39,1,348.39
DAY,RNO,5.0,2668.5,5,533.7
DAY,ROC,1.0,338.0,1,338.0
DAY,ROW,2.0,633.0,2,316.5
DAY,RST,2.0,401.0,2,200.5
DAY,RSW,1.0,290.26,1,290.26
DAY,SAF,1.0,294.5,1,294.5
DAY,SAN,23.0,8993.91,23,391.03956521739127
DAY,SAT,29.0,8615.38,27,297.08206896551724
DAY,SBA,7.0,2471.84,6,353.12
DAY,SBP,1.0,374.5,1,374.5
DAY,SEA,1.0,172.5,1,172.5
DAY,SFO,9.0,2264.45,9,251.60555555555553
DAY,SGF,3.0,1029.44,3,343.1466666666667
DAY,SHV,3.0,873.77,3,291.25666666666666
DAY,SJC,3.0,2094.5,3,698.1666666666666
DAY,SJT,5.0,1987.68,5,397.536
DAY,SLC,8.0,3361.2,8,420.15
DAY,SMF,7.0,2777.4700000000003,7,396.7814285714286
DAY,SNA,16.0,6797.8099999999995,15,424.86312499999997
DAY,SPS,1.0,555.0,1,555.0
DAY,SRQ,1.0,277.05,1,277.05
DAY,STL,10.0,2819.94,10,281.994
DAY,STS,1.0,1088.0,1,1088.0
DAY,SWO,1.0,298.5,1,298.5
DAY,TPA,2.0,358.0,2,179.0
DAY,TUL,1.0,214.25,1,214.25
DAY,TUS,12.0,3991.98,12,332.665
DAY,TVC,2.0,363.0,2,181.5
DAY,UIN,1.0,403.0,1,403.0
DAY,VPS,2.0,508.73,2,254.365
DAY,XNA,13.0,4871.2,13,374.7076923076923
DCA,ABI,13.0,4952.24,11,380.94153846153847
DCA,ABQ,1.0,625.0,1,625.0
DCA,AGS,3.0,560.95,3,186.98333333333335
DCA,ALO,1.0,274.0,1,274.0
DCA,AMA,3.0,725.54,3,241.84666666666666
DCA,ATL,156.0,30151.85,105,193.28108974358975
DCA,ATW,12.0,3419.29,11,284.94083333333333
DCA,AUS,42.0,9010.17,40,214.52785714285716
DCA,AZO,2.0,266.0,2,133.0
DCA,BDL,42.0,9251.82,37,220.28142857142856
DCA,BFL,4.0,2018.6799999999998,4,504.66999999999996
DCA,BGR,1.0,362.0,1,362.0
DCA,BHM,57.0,14435.8,45,253.259649122807
DCA,BIL,3.0,1123.5,3,374.5
DCA,BMI,7.0,1451.0,7,207.28571428571428
DCA,BNA,346.0,57351.31,286,165.75523121387283
DCA,BRO,6.0,1696.95,5,282.825
DCA,BTR,5.0,1596.31,5,319.262
DCA,BTV,1.0,169.22,1,169.22
DCA,BZN,5.0,1999.67,5,399.934
DCA,CAE,1.0,192.5,1,192.5
DCA,CGI,2.0,405.5,2,202.75
DCA,CHA,3.0,176.57,3,58.85666666666666
DCA,CHS,224.0,48662.37,172,217.24272321428572
DCA,CID,22.0,7499.5,22,340.8863636363636
DCA,CLT,3.0,568.9100000000001,3,189.63666666666668
DCA,CMH,331.0,62204.97,213,187.93042296072508
DCA,CMI,52.0,16467.23,47,316.6775
DCA,COS,1.0,257.29,1,257.29
DCA,COU,14.0,3864.34,12,276.0242857142857
DCA,CRP,9.0,3014.74,9,334.9711111111111
DCA,CVG,149.0,25819.08,118,173.28241610738257
DCA,CWA,10.0,2915.84,9,291.584
DCA,DAY,1.0,2.05,1,2.05
DCA,DFW,21.0,6625.41,21,315.49571428571426
DCA,DRO,7.0,3292.98,7,470.42571428571426
DCA,DSM,143.0,35300.79,112,246.85867132867133
DCA,DTW,1.0,163.96,1,163.96
DCA,ELP,3.0,781.64,3,260.5466666666667
DCA,EYW,151.0,51841.68,130,343.3223841059603
DCA,FAR,15.0,4964.92,15,330.99466666666666
DCA,FNT,2.0,385.5,2,192.75
DCA,FSM,10.0,3081.34,10,308.134
DCA,FWA,1.0,239.0,1,239.0
DCA,GJT,8.0,2383.0,8,297.875
DCA,GNV,1.0,369.5,1,369.5
DCA,GRB,4.0,1149.88,4,287.47
DCA,GRK,14.0,5707.8099999999995,14,407.70071428571424
DCA,GRR,20.0,5150.29,20,257.5145
DCA,GSO,33.0,6671.0,28,202.15151515151516
DCA,GSP,6.0,1134.22,6,189.03666666666666
DCA,HHH,6.0,1932.5,6,322.0833333333333
DCA,HOU,1.0,368.34,1,368.34
DCA,HRL,1.0,328.0,1,328.0
DCA,HSV,101.0,30221.78,80,299.22554455445544
DCA,ICT,21.0,5937.76,20,282.7504761904762
DCA,IDA,1.0,609.5,1,609.5
DCA,IND,10.0,1946.7,10,194.67000000000002
DCA,JAN,5.0,809.17,5,161.834
DCA,JAX,91.0,18940.37,77,208.13593406593407
DCA,JFK,1.0,61.69,1,61.69
DCA,LAN,11.0,1733.67,11,157.60636363636365
DCA,LAW,2.0,819.5,2,409.75
DCA,LAX,4.0,1662.0,4,415.5
DCA,LBB,1.0,688.0,1,688.0
DCA,LCH,3.0,987.63,3,329.21
DCA,LEX,5.0,968.84,4,193.768
DCA,LFT,12.0,4179.52,12,348.29333333333335
DCA,LGA,3.0,186.83,3,62.27666666666667
DCA,LIT,307.0,85156.01,214,277.38114006514655
DCA,LSE,8.0,2097.36,8,262.17
DCA,MAF,3.0,1243.0,3,414.3333333333333
DCA,MCI,17.0,3910.98,17,230.05764705882353
DCA,MCO,2.0,296.65999999999997,2,148.32999999999998
DCA,MEM,13.0,2474.68,13,190.35999999999999
DCA,MFE,1.0,344.33,1,344.33
DCA,MGM,1.0,266.47,1,266.47
DCA,MHK,31.0,8862.65,31,285.89193548387095
DCA,MHT,1.0,226.64,1,226.64
DCA,MIA,15.0,3485.72,12,232.38133333333332
DCA,MKE,4.0,1160.05,4,290.0125
DCA,MLI,14.0,4453.11,13,318.0792857142857
DCA,MQT,5.0,1227.0,3,245.4
DCA,MRY,11.0,3473.7200000000003,11,315.7927272727273
DCA,MSN,12.0,3469.37,12,289.1141666666667
DCA,MSY,162.0,44131.67,138,272.4177160493827
DCA,OKC,9.0,2209.7200000000003,8,245.52444444444447
DCA,OMA,1.0,176.5,1,176.5
DCA,ORD,45.0,6473.66,41,143.8591111111111
DCA,PHX,1.0,163.95,1,163.95
DCA,PIA,12.0,3736.83,11,311.4025
DCA,PNS,4.0,629.37,4,157.3425
DCA,PWM,1.0,145.22,1,145.22
DCA,RAP,2.0,668.0,2,334.0
DCA,RDU,1.0,80.85,1,80.85
DCA,ROC,1.0,110.82,1,110.82
DCA,RST,10.0,2394.5,10,239.45
DCA,RSW,2.0,489.61,2,244.805
DCA,SAF,4.0,1900.5,4,475.125
DCA,SAV,2.0,182.74,2,91.37
DCA,SBP,9.0,3243.9700000000003,8,360.4411111111111
DCA,SDF,22.0,5104.78,21,232.03545454545454
DCA,SEA,1.0,236.2,1,236.2
DCA,SFO,2.0,763.5899999999999,2,381.79499999999996
DCA,SGF,49.0,18245.49,49,372.35693877551023
DCA,SHV,10.0,3242.06,9,324.206
DCA,SJT,8.0,3688.5,8,461.0625
DCA,STL,5.0,853.7,5,170.74
DCA,STS,2.0,557.19,2,278.595
DCA,SYR,59.0,10823.95,51,183.45677966101695
DCA,TLH,49.0,13168.04,41,268.73551020408166
DCA,TPA,4.0,1133.94,4,283.485
DCA,TUL,3.0,1014.48,3,338.16
DCA,TUP,1.0,195.0,1,195.0
DCA,TUS,1.0,172.39,1,172.39
DCA,TVC,6.0,1363.5,6,227.25
DCA,TYS,3.0,429.93,3,143.31
DCA,VPS,19.0,3655.65,19,192.40263157894736
DCA,XNA,230.0,64428.02,181,280.1218260869565
DCA,YUM,2.0,1468.1,2,734.05
DEN,ABE,2.0,476.73,2,238.365
DEN,ABI,21.0,5950.91,17,283.37666666666667
DEN,AGS,5.0,1260.1399999999999,5,252.02799999999996
DEN,ALB,2.0,771.65,2,385.825
DEN,ATW,2.0,248.5,2,124.25
DEN,AUS,2.0,566.35,2,283.175
DEN,AVL,5.0,918.49,5,183.698
DEN,AVP,2.0,1062.6100000000001,2,531.3050000000001
DEN,AZO,2.0,309.5,2,154.75
DEN,BDL,4.0,972.43,4,243.1075
DEN,BFL,11.0,2291.0,11,208.27272727272728
DEN,BHM,2.0,356.82,2,178.41
DEN,BMI,5.0,1115.5900000000001,5,223.11800000000002
DEN,BNA,3.0,459.83000000000004,3,153.27666666666667
DEN,BOS,4.0,1010.33,4,252.5825
DEN,BRO,4.0,1644.5,4,411.125
DEN,BTR,24.0,7010.57,24,292.1070833333333
DEN,BUF,5.0,1466.68,4,293.336
DEN,BWI,1.0,443.86,1,443.86
DEN,CHA,15.0,4402.78,13,293.51866666666666
DEN,CID,3.0,943.72,3,314.5733333333333
DEN,CLE,4.0,923.84,4,230.96
DEN,CLT,2.0,352.39,2,176.195
DEN,CMH,13.0,4986.53,13,383.5792307692308
DEN,CMI,16.0,4172.5,14,260.78125
DEN,COU,6.0,1701.98,6,283.66333333333336
DEN,CRP,12.0,3491.5,12,290.9583333333333
DEN,CVG,6.0,790.71,5,131.785
DEN,CWA,2.0,737.0,2,368.5
DEN,DAY,11.0,3356.74,10,305.1581818181818
DEN,DCA,1.0,605.36,1,605.36
DEN,DFW,16.0,3421.05,16,213.815625
DEN,DSM,1.0,5.5,1,5.5
DEN,DTW,1.0,391.6,1,391.6
DEN,DVL,1.0,176.12,1,176.12
DEN,EVV,11.0,4702.01,11,427.4554545454546
DEN,EWR,1.0,184.83,1,184.83
DEN,EYW,1.0,5.83,1,5.83
DEN,FNT,1.0,212.5,1,212.5
DEN,FSM,9.0,2405.5,9,267.27777777777777
DEN,GNV,6.0,1605.6599999999999,6,267.60999999999996
DEN,GPT,14.0,4473.5,14,319.5357142857143
DEN,GRB,2.0,347.5,2,173.75
DEN,GRK,2.0,453.5,2,226.75
DEN,GRR,10.0,2711.65,10,271.165
DEN,GSO,1.0,702.4,1,702.4
DEN,GSP,6.0,1445.92,6,240.98666666666668
DEN,HOU,3.0,648.0,2,216.0
DEN,HPN,2.0,158.57,2,79.285
DEN,HRL,11.0,3473.5,10,315.77272727272725
DEN,HSV,10.0,2337.76,10,233.776
DEN,IAH,1.0,5.32,1,5.32
DEN,ILM,1.0,5.12,1,5.12
DEN,IND,3.0,329.78,3,109.92666666666666
DEN,JAN,17.0,4510.94,17,265.34941176470585
DEN,LAN,5.0,760.5,4,152.1
DEN,LAW,2.0,1170.0,1,585.0
DEN,LBB,1.0,207.5,1,207.5
DEN,LCH,7.0,1725.18,6,246.45428571428573
DEN,LEX,11.0,3210.46,11,291.86
DEN,LFT,37.0,11704.27,35,316.33162162162165
DEN,LIT,6.0,1708.66,6,284.7766666666667
DEN,LSE,4.0,1281.0,4,320.25
DEN,MAF,3.0,1116.5,3,372.1666666666667
DEN,MCI,7.0,1506.2,7,215.17142857142858
DEN,MEM,1.0,183.0,1,183.0
DEN,MGM,11.0,2715.31,10,246.84636363636363
DEN,MKE,2.0,775.65,2,387.825
DEN,MLI,4.0,832.5,4,208.125
DEN,MOB,12.0,3907.0,11,325.5833333333333
DEN,MQT,3.0,934.3299999999999,3,311.4433333333333
DEN,MRY,7.0,1147.5,6,163.92857142857142
DEN,MSN,1.0,247.43,1,247.43
DEN,MSY,11.0,2651.24,11,241.02181818181816
DEN,MYR,2.0,309.78000000000003,2,154.89000000000001
DEN,ORD,5.0,1187.42,5,237.484
DEN,ORF,1.0,5.54,1,5.54
DEN,PIA,6.0,2357.9,6,392.98333333333335
DEN,PIT,5.0,1056.0,5,211.2
DEN,PNS,2.0,561.0,2,280.5
DEN,PVD,3.0,902.5,3,300.8333333333333
DEN,RDU,7.0,1188.46,7,169.78
DEN,RIC,6.0,1680.77,6,280.12833333333333
DEN,ROC,10.0,2855.43,10,285.543
DEN,RST,1.0,185.0,1,185.0
DEN,SAV,2.0,555.22,2,277.61
DEN,SBP,11.0,1752.0,9,159.27272727272728
DEN,SDF,2.0,699.0,2,349.5
DEN,SGF,11.0,2867.82,11,260.7109090909091
DEN,SHV,33.0,8062.5,31,244.3181818181818
DEN,SJT,7.0,2246.0,6,320.85714285714283
DEN,STL,3.0,267.05,2,89.01666666666667
DEN,SYR,2.0,508.04,2,254.02
DEN,TLH,13.0,3789.33,12,291.48692307692306
DEN,TRI,1.0,5.4,1,5.4
DEN,TUL,1.0,348.0,1,348.0
DEN,TUS,3.0,635.75,3,211.91666666666666
DEN,TVC,12.0,2773.17,12,231.0975
DEN,TYS,12.0,2297.25,11,191.4375
DEN,VPS,5.0,1330.0,5,266.0
DEN,XNA,20.0,4030.29,19,201.5145
DEN,YUM,6.0,1700.0,5,283.3333333333333
DFW,ABE,7.0,1734.55,7,247.79285714285714
DFW,ABI,58.0,12309.2,45,212.22758620689658
DFW,ABQ,6.0,1218.75,6,203.125
DFW,ACT,1.0,48.35,1,48.35
DFW,AEX,1.0,141.38,1,141.38
DFW,AGS,142.0,41017.95,111,288.8588028169014
DFW,ALB,2.0,539.4300000000001,2,269.71500000000003
DFW,ALO,2.0,537.0,2,268.5
DFW,AMA,28.0,5863.82,27,209.42214285714286
DFW,ATL,34.0,5643.650000000001,34,165.98970588235295
DFW,ATW,12.0,3709.32,12,309.11
DFW,AUS,147.0,30530.67,104,207.69163265306122
DFW,AVL,225.0,72395.36,142,321.7571555555556
DFW,AVP,19.0,5857.8,19,308.30526315789473
DFW,AZO,7.0,1733.74,7,247.67714285714285
DFW,BDL,2.0,701.96,2,350.98
DFW,BFL,9.0,2145.15,9,238.35000000000002
DFW,BHM,166.0,42573.26,135,256.465421686747
DFW,BIL,140.0,46369.98,114,331.21414285714286
DFW,BIS,46.0,18284.68,40,397.49304347826086
DFW,BKW,1.0,411.47,1,411.47
DFW,BLI,1.0,398.96,1,398.96
DFW,BMI,103.0,27011.579999999998,84,262.2483495145631
DFW,BNA,51.0,10332.3,49,202.59411764705882
DFW,BOI,4.0,1476.67,4,369.1675
DFW,BOS,10.0,4205.97,10,420.59700000000004
DFW,BPT,1.0,207.15,1,207.15
DFW,BRO,141.0,37162.28,95,263.5622695035461
DFW,BTR,301.0,86762.47,231,288.2474086378738
DFW,BUF,5.0,1306.3799999999999,5,261.27599999999995
DFW,BUR,1.0,196.57,1,196.57
DFW,BWI,9.0,2846.99,9,316.3322222222222
DFW,BZN,5.0,1189.44,5,237.888
DFW,CAE,7.0,1758.03,7,251.14714285714285
DFW,CHA,377.0,116234.94,218,308.31549071618036
DFW,CHO,1.0,699.0,1,699.0
DFW,CHS,4.0,872.97,3,218.2425
DFW,CID,149.0,46943.63,130,315.0579194630872
DFW,CLE,22.0,5539.03,22,251.7740909090909
DFW,CLT,75.0,24044.73,74,320.5964
DFW,CMH,34.0,8696.3,34,255.77352941176468
DFW,CMI,147.0,44918.46,122,305.5677551020408
DFW,COS,75.0,17582.92,62,234.43893333333332
DFW,COU,139.0,30864.87,111,222.04942446043165
DFW,CRP,340.0,91521.35,214,269.1804411764706
DFW,CRW,1.0,892.0,1,892.0
DFW,CVG,30.0,7049.81,30,234.99366666666668
DFW,CWA,8.0,2135.12,8,266.89
DFW,DAB,129.0,37418.69,100,290.0673643410853
DFW,DAY,161.0,49384.0,134,306.7329192546584
DFW,DCA,19.0,6133.31,18,322.80578947368423
DFW,DEN,25.0,4772.81,25,190.91240000000002
DFW,DRO,295.0,87976.5,180,298.22542372881355
DFW,DRT,1.0,282.42,1,282.42
DFW,DSM,21.0,3493.43,21,166.3538095238095
DFW,DTW,22.0,5237.65,22,238.075
DFW,ECP,91.0,21248.96,68,233.50505494505492
DFW,EGE,1.0,155.52,1,155.52
DFW,ELP,50.0,11012.69,47,220.2538
DFW,EVV,143.0,48901.72,108,341.97006993006994
DFW,EWR,3.0,958.4100000000001,3,319.47
DFW,EYW,2.0,660.14,2,330.07
DFW,FAI,1.0,469.0,1,469.0
DFW,FAR,204.0,67322.82,130,330.0138235294118
DFW,FAT,2.0,541.1,2,270.55
DFW,FAY,126.0,34465.79,91,273.53801587301587
DFW,FLG,4.0,1015.45,4,253.8625
DFW,FLL,5.0,1647.21,5,329.442
DFW,FNT,6.0,1393.47,5,232.245
DFW,FSD,99.0,29027.26,77,293.20464646464643
DFW,FSM,61.0,14341.5,49,235.10655737704917
DFW,FWA,8.0,2881.25,8,360.15625
DFW,GCK,1.0,310.62,1,310.62
DFW,GEG,3.0,734.99,3,244.99666666666667
DFW,GJT,161.0,46947.8,116,291.60124223602486
DFW,GNV,144.0,51155.16,114,355.2441666666667
DFW,GPT,205.0,53430.33,155,260.635756097561
DFW,GRB,14.0,5221.76,13,372.98285714285714
DFW,GRI,3.0,665.03,3,221.67666666666665
DFW,GRK,8.0,1264.87,8,158.10875
DFW,GRR,280.0,90013.1,234,321.47535714285715
DFW,GSO,3.0,764.64,3,254.88
DFW,GSP,14.0,3042.5899999999997,14,217.3278571428571
DFW,HHH,4.0,1470.5,4,367.625
DFW,HNL,1.0,538.0,1,538.0
DFW,HOU,334.0,57803.3,225,173.06377245508983
DFW,HPN,6.0,1353.57,6,225.595
DFW,HRL,379.0,76943.33,188,203.0167018469657
DFW,HSV,220.0,77738.44,184,353.3565454545455
DFW,IAD,4.0,965.9399999999999,4,241.48499999999999
DFW,IAH,60.0,12487.28,55,208.12133333333335
DFW,ICT,146.0,42072.64,119,288.1687671232877
DFW,ILM,3.0,914.1599999999999,3,304.71999999999997
DFW,IND,91.0,25807.23,78,283.59593406593405
DFW,JAN,217.0,59278.94,163,273.17483870967743
DFW,JAX,15.0,4508.85,12,300.59000000000003
DFW,JFK,1.0,5.5,1,5.5
DFW,LAN,11.0,4524.17,11,411.28818181818184
DFW,LAS,9.0,1156.3200000000002,9,128.48000000000002
DFW,LAX,13.0,4408.99,12,339.1530769230769
DFW,LBB,169.0,36197.17,129,214.1844378698225
DFW,LCH,89.0,16349.79,69,183.70550561797754
DFW,LEX,379.0,131519.26,243,347.0165171503958
DFW,LFT,192.0,47235.68,142,246.01916666666668
DFW,LGA,12.0,5075.46,11,422.955
DFW,LIT,279.0,66068.3,219,236.80394265232977
DFW,LRD,1.0,254.14,1,254.14
DFW,LSE,11.0,3826.5,11,347.8636363636364
DFW,MAF,354.0,86910.34,204,245.5094350282486
DFW,MCI,35.0,6613.67,35,188.962
DFW,MCO,10.0,3086.98,10,308.698
DFW,MDT,1.0,599.22,1,599.22
DFW,MEM,177.0,37472.07,146,211.7066101694915
DFW,MFE,9.0,1355.18,8,150.57555555555555
DFW,MGM,109.0,32502.28,93,298.18605504587157
DFW,MHK,105.0,26200.48,78,249.52838095238096
DFW,MIA,25.0,10082.449999999999,25,403.29799999999994
DFW,MKE,25.0,5907.3099999999995,25,236.2924
DFW,MLI,199.0,56737.51,133,285.11311557788946
DFW,MLU,1.0,56.09,1,56.09
DFW,MOB,207.0,50317.87,144,243.08149758454107
DFW,MQT,1.0,246.5,1,246.5
DFW,MRY,90.0,29275.81,80,325.2867777777778
DFW,MSN,150.0,48781.36,136,325.2090666666667
DFW,MSO,83.0,24950.9,70,300.61325301204823
DFW,MSP,31.0,8293.77,31,267.5409677419355
DFW,MSY,32.0,7224.0,31,225.75
DFW,MTJ,1.0,357.28,1,357.28
DFW,MYR,118.0,38708.74,95,328.04016949152543
DFW,OGG,1.0,159.42,1,159.42
DFW,OKC,4.0,1059.0,4,264.75
DFW,OMA,16.0,3336.61,16,208.538125
DFW,ONT,1.0,508.04,1,508.04
DFW,ORD,101.0,24490.98,97,242.4849504950495
DFW,ORF,2.0,685.0799999999999,2,342.53999999999996
DFW,OWB,1.0,185.56,1,185.56
DFW,PBI,1.0,382.68,1,382.68
DFW,PDX,8.0,3030.64,8,378.83
DFW,PHL,9.0,2853.3,9,317.03333333333336
DFW,PHX,19.0,5697.0,19,299.8421052631579
DFW,PIA,133.0,35813.44,116,269.273984962406
DFW,PIT,6.0,1875.3799999999999,6,312.56333333333333
DFW,PNS,108.0,28372.58,96,262.70907407407407
DFW,PUW,1.0,351.07,1,351.07
DFW,PVD,7.0,2625.78,7,375.1114285714286
DFW,RAP,199.0,61245.2,139,307.764824120603
DFW,RDU,11.0,2290.76,11,208.25090909090912
DFW,RIC,4.0,1338.15,4,334.5375
DFW,ROA,2.0,1263.48,2,631.74
DFW,ROC,9.0,2899.26,9,322.14000000000004
DFW,RST,5.0,1547.0,5,309.4
DFW,RSW,9.0,3318.42,8,368.71333333333337
DFW,SAF,62.0,16094.97,52,259.5962903225806
DFW,SAN,3.0,646.1600000000001,3,215.38666666666668
DFW,SAT,9.0,1797.8500000000001,9,199.76111111111112
DFW,SAV,6.0,1020.94,5,170.15666666666667
DFW,SBN,2.0,501.78,2,250.89
DFW,SBP,16.0,4038.13,16,252.383125
DFW,SDF,380.0,91930.68,292,241.92284210526313
DFW,SDY,1.0,393.0,1,393.0
DFW,SEA,9.0,2033.01,9,225.89
DFW,SFO,7.0,2184.73,7,312.1042857142857
DFW,SGF,362.0,106058.93000000001,193,292.9804696132597
DFW,SHD,1.0,369.63,1,369.63
DFW,SHV,42.0,10346.55,36,246.34642857142856
DFW,SJC,3.0,2503.39,3,834.4633333333333
DFW,SJT,65.0,16132.56,50,248.19323076923075
DFW,SLC,2.0,1196.65,2,598.325
DFW,SMF,2.0,554.17,2,277.085
DFW,SNA,10.0,2785.53,10,278.553
DFW,SPI,1.0,238.51,1,238.51
DFW,STL,51.0,12410.5,50,243.34313725490196
DFW,STS,143.0,45456.28,110,317.8760839160839
DFW,SYR,2.0,698.4300000000001,2,349.21500000000003
DFW,TLH,215.0,67124.59,141,312.20739534883717
DFW,TPA,15.0,3312.13,14,220.80866666666668
DFW,TRI,90.0,24324.65,62,270.2738888888889
DFW,TUL,71.0,14328.91,66,201.8156338028169
DFW,TUS,5.0,1483.5900000000001,5,296.718
DFW,TVC,14.0,4774.5,14,341.0357142857143
DFW,TYS,58.0,17262.49,54,297.6291379310345
DFW,VPS,226.0,58305.23,168,257.98774336283185
DFW,XNA,454.0,121656.13,289,267.96504405286345
DRO,ABI,2.0,752.0,2,376.0
DRO,AEX,1.0,448.5,1,448.5
DRO,ATL,11.0,5434.5,11,494.04545454545456
DRO,AUS,23.0,7946.86,21,345.51565217391305
DRO,AVL,2.0,351.94,2,175.97
DRO,BDL,1.0,371.0,1,371.0
DRO,BHM,6.0,2331.0,6,388.5
DRO,BNA,6.0,2451.37,6,408.56166666666667
DRO,BOS,7.0,2402.73,7,343.2471428571429
DRO,BPT,2.0,702.5,2,351.25
DRO,BRO,2.0,208.0,2,104.0
DRO,BTR,7.0,2277.0,7,325.2857142857143
DRO,BWI,1.0,234.0,1,234.0
DRO,CAE,1.0,5.0,1,5.0
DRO,CHA,2.0,1022.5,2,511.25
DRO,CHS,3.0,272.0,2,90.66666666666667
DRO,CID,2.0,629.0,2,314.5
DRO,CLE,1.0,5.5,1,5.5
DRO,CLT,11.0,5855.99,11,532.3627272727273
DRO,CMH,3.0,1442.96,3,480.9866666666667
DRO,COU,1.0,434.5,1,434.5
DRO,CRP,8.0,3024.0,8,378.0
DRO,CVG,1.0,418.0,1,418.0
DRO,DAB,3.0,1830.6599999999999,3,610.2199999999999
DRO,DAY,1.0,477.85,1,477.85
DRO,DCA,8.0,3985.02,8,498.1275
DRO,DFW,308.0,94031.81,193,305.2980844155844
DRO,DSM,1.0,391.0,1,391.0
DRO,DTW,1.0,662.0,1,662.0
DRO,ECP,2.0,1000.28,2,500.14
DRO,EVV,1.0,642.0,1,642.0
DRO,EWR,3.0,1552.73,3,517.5766666666667
DRO,EYW,4.0,2024.5,4,506.125
DRO,FAI,1.0,594.0,1,594.0
DRO,FAR,1.0,295.44,1,295.44
DRO,FLL,7.0,2978.0,5,425.42857142857144
DRO,FSD,1.0,360.81,1,360.81
DRO,FSM,3.0,1197.5,3,399.1666666666667
DRO,FWA,3.0,1295.96,3,431.9866666666667
DRO,GGG,1.0,11.0,1,11.0
DRO,GPT,1.0,391.0,1,391.0
DRO,GRK,4.0,2128.0,4,532.0
DRO,GSO,2.0,717.0,2,358.5
DRO,HHH,1.0,1042.0,1,1042.0
DRO,HNL,1.0,360.63,1,360.63
DRO,HOU,10.0,3770.5,10,377.05
DRO,HRL,2.0,561.0,2,280.5
DRO,HSV,1.0,431.0,1,431.0
DRO,IAD,1.0,845.0,1,845.0
DRO,IAH,9.0,3768.42,8,418.71333333333337
DRO,ICT,1.0,372.5,1,372.5
DRO,IND,2.0,734.0,2,367.0
DRO,JAN,10.0,2621.5,9,262.15
DRO,JAX,9.0,3312.0,9,368.0
DRO,JFK,2.0,544.0,2,272.0
DRO,LBB,2.0,248.0,2,124.0
DRO,LCH,2.0,11.0,2,5.5
DRO,LEX,3.0,1154.5,3,384.8333333333333
DRO,LFT,6.0,1922.5,6,320.4166666666667
DRO,LGA,7.0,2797.67,7,399.6671428571429
DRO,LIT,3.0,1160.0,2,386.6666666666667
DRO,MAF,10.0,4325.5,10,432.55
DRO,MCI,4.0,900.5,4,225.125
DRO,MCO,24.0,9401.78,21,391.74083333333334
DRO,MEM,2.0,697.0,2,348.5
DRO,MFE,2.0,354.5,2,177.25
DRO,MGM,1.0,11.0,1,11.0
DRO,MIA,9.0,3791.91,8,421.3233333333333
DRO,MKE,2.0,1173.0,2,586.5
DRO,MOB,3.0,979.5,3,326.5
DRO,MSP,2.0,776.1700000000001,2,388.08500000000004
DRO,MSY,12.0,4589.3,12,382.44166666666666
DRO,MYR,1.0,899.0,1,899.0
DRO,OGG,1.0,576.5,1,576.5
DRO,OKC,8.0,2485.97,8,310.74625
DRO,OMA,1.0,385.0,1,385.0
DRO,ORD,4.0,1354.97,4,338.7425
DRO,ORF,3.0,732.0,3,244.0
DRO,PBI,10.0,3388.89,9,338.889
DRO,PHL,3.0,1186.21,3,395.40333333333336
DRO,PIA,1.0,5.5,1,5.5
DRO,PIT,2.0,1008.5,2,504.25
DRO,PNS,7.0,3868.5,7,552.6428571428571
DRO,RDU,4.0,1859.95,4,464.9875
DRO,ROC,1.0,665.0,1,665.0
DRO,RSW,11.0,3656.29,11,332.39
DRO,SAT,12.0,4029.07,11,335.7558333333333
DRO,SAV,1.0,342.0,1,342.0
DRO,SBP,2.0,550.6800000000001,2,275.34000000000003
DRO,SDF,2.0,566.5,2,283.25
DRO,SGF,5.0,1361.5,5,272.3
DRO,SHV,4.0,1478.0,4,369.5
DRO,SJT,1.0,396.5,1,396.5
DRO,SJU,3.0,1812.5,3,604.1666666666666
DRO,SRQ,3.0,733.0,3,244.33333333333334
DRO,STL,4.0,1749.5,4,437.375
DRO,STT,1.0,986.0,1,986.0
DRO,SWO,1.0,686.0,1,686.0
DRO,SYR,1.0,636.0,1,636.0
DRO,TLH,5.0,2213.88,5,442.776
DRO,TPA,11.0,3836.01,11,348.72818181818184
DRO,TRI,1.0,707.0,1,707.0
DRO,TUL,3.0,557.0,3,185.66666666666666
DRO,TYS,5.0,2339.0,5,467.8
DRO,VPS,3.0,843.71,3,281.2366666666667
DRO,XNA,3.0,1246.0,3,415.3333333333333
DRT,BHM,1.0,174.0,1,174.0
DRT,CHA,1.0,163.0,1,163.0
DRT,EVV,3.0,963.5,3,321.1666666666667
DRT,FSD,2.0,665.0,2,332.5
DRT,JAN,1.0,123.0,1,123.0
DRT,LCH,1.0,634.0,1,634.0
DRT,LIT,1.0,216.0,1,216.0
DRT,MEM,1.0,205.5,1,205.5
DRT,PIA,2.0,436.0,2,218.0
DRT,RAP,2.0,835.0,2,417.5
DRT,SDF,1.0,333.0,1,333.0
DSM,ABE,1.0,5.0,1,5.0
DSM,ABI,3.0,858.5,3,286.1666666666667
DSM,ALB,2.0,1154.8600000000001,2,577.4300000000001
DSM,AMA,1.0,212.0,1,212.0
DSM,ANC,1.0,403.0,1,403.0
DSM,ART,1.0,162.0,1,162.0
DSM,ATL,2.0,483.40999999999997,2,241.70499999999998
DSM,ATW,3.0,1075.0,3,358.3333333333333
DSM,AUS,15.0,4577.32,14,305.1546666666666
DSM,AVL,2.0,163.0,2,81.5
DSM,AZO,3.0,1003.5,3,334.5
DSM,BDL,11.0,3153.49,10,286.6809090909091
DSM,BFL,1.0,443.5,1,443.5
DSM,BHM,8.0,2176.19,8,272.02375
DSM,BNA,10.0,2279.37,10,227.93699999999998
DSM,BOS,29.0,7937.35,29,273.701724137931
DSM,BTR,1.0,315.07,1,315.07
DSM,BUF,4.0,1171.5,4,292.875
DSM,BWI,2.0,735.3399999999999,2,367.66999999999996
DSM,BZN,1.0,352.92,1,352.92
DSM,CHA,2.0,640.14,2,320.07
DSM,CHS,4.0,760.5,4,190.125
DSM,CLE,6.0,1297.5,6,216.25
DSM,CLT,18.0,5826.96,18,323.72
DSM,CMH,13.0,3724.29,13,286.4838461538462
DSM,CRP,2.0,522.0,2,261.0
DSM,CVG,3.0,921.5,3,307.1666666666667
DSM,DAY,2.0,626.9300000000001,2,313.46500000000003
DSM,DCA,137.0,36447.89,110,266.04299270072994
DSM,DEN,4.0,982.86,4,245.715
DSM,DFW,9.0,2757.76,9,306.4177777777778
DSM,DRO,1.0,391.0,1,391.0
DSM,DTW,2.0,687.5,2,343.75
DSM,ELP,1.0,192.58,1,192.58
DSM,EWR,14.0,4684.88,14,334.63428571428574
DSM,EYW,1.0,852.27,1,852.27
DSM,FAI,1.0,378.12,1,378.12
DSM,FAR,2.0,610.5,2,305.25
DSM,FAY,1.0,251.01,1,251.01
DSM,FLL,1.0,192.0,1,192.0
DSM,FWA,2.0,838.0,2,419.0
DSM,GRB,1.0,450.0,1,450.0
DSM,GRR,12.0,2744.5,11,228.70833333333334
DSM,GSO,4.0,675.1800000000001,4,168.79500000000002
DSM,GSP,7.0,1207.48,6,172.49714285714285
DSM,HHH,1.0,284.69,1,284.69
DSM,HNL,1.0,5.62,1,5.62
DSM,HOU,1.0,983.0,1,983.0
DSM,HPN,5.0,1348.82,5,269.764
DSM,HRL,4.0,1244.5,4,311.125
DSM,IAH,2.0,299.0,2,149.5
DSM,ICT,1.0,235.54,1,235.54
DSM,IND,9.0,2059.48,9,228.8311111111111
DSM,JAX,3.0,654.1800000000001,3,218.06000000000003
DSM,JFK,4.0,780.41,4,195.1025
DSM,KOA,2.0,526.06,2,263.03
DSM,LAN,6.0,1638.0,6,273.0
DSM,LAS,4.0,1232.21,4,308.0525
DSM,LAX,5.0,2208.61,5,441.72200000000004
DSM,LBB,2.0,631.5,2,315.75
DSM,LEX,1.0,5.5,1,5.5
DSM,LFT,2.0,973.71,2,486.855
DSM,LGA,19.0,7123.66,17,374.9294736842105
DSM,LIH,1.0,398.11,1,398.11
DSM,LIT,8.0,1620.85,8,202.60625
DSM,MAF,2.0,301.5,2,150.75
DSM,MCO,63.0,13278.03,46,210.76238095238097
DSM,MEM,5.0,1110.98,5,222.196
DSM,MGM,1.0,284.43,1,284.43
DSM,MHT,2.0,596.0,2,298.0
DSM,MIA,47.0,13128.62,46,279.3323404255319
DSM,MKE,3.0,653.0,3,217.66666666666666
DSM,MOB,2.0,638.4200000000001,2,319.21000000000004
DSM,MSY,4.0,960.0799999999999,4,240.01999999999998
DSM,MYR,2.0,352.69,2,176.345
DSM,OKC,2.0,444.68,2,222.34
DSM,ORD,135.0,30796.89,119,228.1251111111111
DSM,ORF,4.0,1120.34,4,280.085
DSM,PBI,1.0,11.0,1,11.0
DSM,PHL,22.0,7058.78,22,320.8536363636363
DSM,PHX,4.0,1873.56,4,468.39
DSM,PIT,7.0,1542.5,7,220.35714285714286
DSM,PNS,1.0,205.93,1,205.93
DSM,PSP,1.0,422.37,1,422.37
DSM,PVD,7.0,1976.13,7,282.30428571428575
DSM,PWM,3.0,1037.0,2,345.6666666666667
DSM,RDU,9.0,2078.5,9,230.94444444444446
DSM,RIC,1.0,329.64,1,329.64
DSM,ROC,2.0,540.0,2,270.0
DSM,RSW,10.0,2201.61,10,220.161
DSM,SAN,2.0,344.0,1,172.0
DSM,SAT,3.0,1280.3600000000001,3,426.7866666666667
DSM,SBA,1.0,226.5,1,226.5
DSM,SBP,2.0,686.25,2,343.125
DSM,SDF,6.0,1631.5,6,271.9166666666667
DSM,SEA,6.0,2018.76,6,336.46
DSM,SFO,3.0,626.84,3,208.9466666666667
DSM,SJU,9.0,3720.75,9,413.4166666666667
DSM,SNA,7.0,1724.63,7,246.3757142857143
DSM,SRQ,2.0,414.23,2,207.115
DSM,STL,2.0,505.0,2,252.5
DSM,STT,4.0,2243.7200000000003,4,560.9300000000001
DSM,STX,1.0,522.23,1,522.23
DSM,SYR,4.0,1430.12,3,357.53
DSM,TLH,1.0,1627.28,1,1627.28
DSM,TPA,4.0,892.3,4,223.075
DSM,TUS,3.0,1121.79,3,373.93
DSM,TVC,1.0,278.0,1,278.0
DSM,TYS,2.0,263.5,2,131.75
DSM,VPS,2.0,363.94,2,181.97
DTW,ABQ,7.0,1490.19,7,212.8842857142857
DTW,AGS,1.0,123.48,1,123.48
DTW,ALO,2.0,676.0,2,338.0
DTW,ANC,1.0,413.0,1,413.0
DTW,ASE,1.0,469.0,1,469.0
DTW,ATW,1.0,288.0,1,288.0
DTW,ATY,1.0,397.0,1,397.0
DTW,AUS,2.0,980.0,2,490.0
DTW,AVP,3.0,862.97,3,287.6566666666667
DTW,BFL,3.0,911.48,3,303.82666666666665
DTW,BHM,2.0,654.71,2,327.355
DTW,BMI,3.0,1093.0,3,364.3333333333333
DTW,BNA,3.0,969.2,3,323.06666666666666
DTW,BRO,2.0,512.5,2,256.25
DTW,BTR,1.0,408.0,1,408.0
DTW,BWI,2.0,434.54999999999995,2,217.27499999999998
DTW,BZN,1.0,273.0,1,273.0
DTW,CHA,1.0,212.33,1,212.33
DTW,CHS,4.0,1628.74,4,407.185
DTW,CID,8.0,2818.0,8,352.25
DTW,CLT,3.0,1597.28,3,532.4266666666666
DTW,CMI,5.0,2116.5,5,423.3
DTW,COU,4.0,1582.68,4,395.67
DTW,CRP,5.0,1672.0,5,334.4
DTW,CWA,3.0,992.0,3,330.6666666666667
DTW,DAB,1.0,4.06,1,4.06
DTW,DEN,4.0,1341.4,4,335.35
DTW,DFW,16.0,4791.86,16,299.49125
DTW,DSM,2.0,687.5,2,343.75
DTW,ELP,9.0,2973.67,9,330.40777777777777
DTW,EYW,2.0,2077.04,2,1038.52
DTW,FAR,3.0,952.0,3,317.3333333333333
DTW,FSD,1.0,202.5,1,202.5
DTW,FSM,7.0,2600.77,7,371.5385714285714
DTW,GJT,1.0,446.5,1,446.5
DTW,GPT,1.0,81.1,1,81.1
DTW,GRK,1.0,213.0,1,213.0
DTW,GSO,1.0,385.96,1,385.96
DTW,GSP,1.0,388.62,1,388.62
DTW,HHH,4.0,781.5,4,195.375
DTW,HNL,2.0,1011.4200000000001,2,505.71000000000004
DTW,HOU,4.0,822.5,4,205.625
DTW,HRL,5.0,1856.5,5,371.3
DTW,HSV,4.0,648.3199999999999,4,162.07999999999998
DTW,ICT,13.0,4665.97,13,358.9207692307692
DTW,JAC,4.0,825.3199999999999,4,206.32999999999998
DTW,JAN,2.0,525.8100000000001,2,262.90500000000003
DTW,JAX,1.0,370.68,1,370.68
DTW,LAS,4.0,1215.48,4,303.87
DTW,LAX,6.0,907.0,5,151.16666666666666
DTW,LBB,3.0,1211.37,3,403.78999999999996
DTW,LCH,3.0,765.29,3,255.09666666666666
DTW,LEX,2.0,1215.12,2,607.56
DTW,LFT,1.0,528.0,1,528.0
DTW,LGA,2.0,276.46,2,138.23
DTW,LIT,7.0,1557.25,7,222.46428571428572
DTW,LSE,7.0,2328.0,7,332.57142857142856
DTW,MAF,7.0,3225.5,7,460.7857142857143
DTW,MCI,4.0,1539.84,4,384.96
DTW,MCO,3.0,860.25,3,286.75
DTW,MEM,3.0,390.38,3,130.12666666666667
DTW,MFE,1.0,872.4,1,872.4
DTW,MHK,3.0,1185.81,3,395.27
DTW,MLI,4.0,1115.0,4,278.75
DTW,MQT,3.0,835.5,3,278.5
DTW,MRY,1.0,5.33,1,5.33
DTW,MSP,1.0,149.15,1,149.15
DTW,MSY,3.0,1177.1799999999998,3,392.39333333333326
DTW,MYR,1.0,163.0,1,163.0
DTW,OKC,8.0,2402.92,8,300.365
DTW,OMA,1.0,89.58,1,89.58
DTW,ORD,101.0,19104.91,81,189.15752475247524
DTW,PBI,2.0,705.0,2,352.5
DTW,PDX,1.0,472.28,1,472.28
DTW,PHL,1.0,2.92,1,2.92
DTW,PHX,4.0,1624.6399999999999,4,406.15999999999997
DTW,PIA,3.0,949.5,3,316.5
DTW,PSP,2.0,161.59,2,80.795
DTW,RIC,1.0,245.4,1,245.4
DTW,ROC,1.0,244.2,1,244.2
DTW,RST,4.0,1386.5,3,346.625
DTW,SAN,1.0,663.0,1,663.0
DTW,SAT,1.0,257.33,1,257.33
DTW,SAV,1.0,5.52,1,5.52
DTW,SBP,7.0,2841.8,7,405.9714285714286
DTW,SEA,1.0,248.0,1,248.0
DTW,SFO,2.0,568.58,1,284.29
DTW,SGF,12.0,3863.5,12,321.9583333333333
DTW,SHV,3.0,1287.91,3,429.30333333333334
DTW,SJT,1.0,249.0,1,249.0
DTW,SMF,3.0,1251.47,2,417.1566666666667
DTW,SNA,2.0,936.48,2,468.24
DTW,STL,2.0,482.0,2,241.0
DTW,STS,1.0,483.32,1,483.32
DTW,TLH,2.0,339.76,1,169.88
DTW,TPA,1.0,264.0,1,264.0
DTW,TUL,5.0,1271.0,5,254.2
DTW,TUS,1.0,206.0,1,206.0
DTW,TYS,1.0,374.0,1,374.0
DTW,UIN,1.0,246.94,1,246.94
DTW,XNA,12.0,4422.01,12,368.50083333333333
DUJ,OMA,1.0,455.13,1,455.13
EAR,TUS,1.0,455.5,1,455.5
ECP,ABI,2.0,588.0,1,294.0
ECP,ABQ,1.0,192.0,1,192.0
ECP,AMA,2.0,656.0,1,328.0
ECP,ASE,1.0,1415.5,1,1415.5
ECP,ATW,14.0,4464.5,14,318.89285714285717
ECP,AUS,29.0,8231.55,26,283.8465517241379
ECP,BIL,3.0,940.0,3,313.3333333333333
ECP,BIS,1.0,5.0,1,5.0
ECP,BOI,1.0,666.0,1,666.0
ECP,BUR,3.0,1461.0,3,487.0
ECP,CID,4.0,1055.49,4,263.8725
ECP,CLL,1.0,238.5,1,238.5
ECP,CMH,2.0,244.6,2,122.3
ECP,COS,1.0,314.0,1,314.0
ECP,COU,1.0,161.0,1,161.0
ECP,CRP,1.0,161.0,1,161.0
ECP,DEN,4.0,970.0,3,242.5
ECP,DFW,97.0,22188.54,70,228.7478350515464
ECP,DRO,2.0,976.72,2,488.36
ECP,DRT,1.0,521.0,1,521.0
ECP,ELP,2.0,741.0,2,370.5
ECP,EVV,2.0,8.6,1,4.3
ECP,FAR,13.0,4883.69,12,375.6684615384615
ECP,FAT,1.0,257.0,1,257.0
ECP,FNT,2.0,825.69,2,412.845
ECP,FSD,1.0,255.0,1,255.0
ECP,FSM,1.0,249.0,1,249.0
ECP,GJT,1.0,255.0,1,255.0
ECP,GRK,2.0,416.0,2,208.0
ECP,GRR,2.0,535.5,2,267.75
ECP,GUC,1.0,763.0,1,763.0
ECP,HDN,1.0,333.0,1,333.0
ECP,HNL,3.0,1763.29,3,587.7633333333333
ECP,IAH,1.0,5.5,1,5.5
ECP,LAS,10.0,3133.5699999999997,8,313.35699999999997
ECP,LAX,7.0,2236.0,7,319.42857142857144
ECP,LBB,2.0,1019.5,2,509.75
ECP,LIT,3.0,562.96,3,187.65333333333334
ECP,LRD,1.0,248.0,1,248.0
ECP,LSE,1.0,250.5,1,250.5
ECP,MCI,1.0,224.21,1,224.21
ECP,MFR,1.0,554.0,1,554.0
ECP,MHK,2.0,648.1700000000001,2,324.08500000000004
ECP,MLI,3.0,782.5,3,260.8333333333333
ECP,MRY,1.0,858.0,1,858.0
ECP,MSO,1.0,666.0,1,666.0
ECP,MSP,2.0,429.0,2,214.5
ECP,OKC,2.0,630.5,2,315.25
ECP,OMA,1.0,728.0,1,728.0
ECP,ONT,1.0,5.5,1,5.5
ECP,ORD,1.0,540.0,1,540.0
ECP,PDX,3.0,615.0,3,205.0
ECP,PHX,4.0,2308.84,4,577.21
ECP,PSP,2.0,417.0,2,208.5
ECP,RAP,9.0,2640.0,9,293.3333333333333
ECP,RNO,2.0,1131.5,2,565.75
ECP,SAN,3.0,1147.0,3,382.3333333333333
ECP,SAT,3.0,469.16,3,156.38666666666668
ECP,SEA,6.0,1631.45,6,271.90833333333336
ECP,SGF,4.0,1271.41,4,317.8525
ECP,SJC,1.0,232.0,1,232.0
ECP,SJT,2.0,264.5,2,132.25
ECP,SLC,2.0,584.5,2,292.25
ECP,SNA,6.0,2393.5,6,398.9166666666667
ECP,TUL,2.0,1099.0,2,549.5
ECP,TUS,1.0,724.0,1,724.0
ECP,XNA,8.0,2743.94,8,342.9925
EGE,ABE,3.0,1258.5,3,419.5
EGE,ABI,4.0,1946.5,4,486.625
EGE,AGS,1.0,734.0,1,734.0
EGE,AVL,1.0,265.0,1,265.0
EGE,BRO,1.0,457.0,1,457.0
EGE,BTR,16.0,5921.75,14,370.109375
EGE,BWI,1.0,5.98,1,5.98
EGE,CHA,3.0,1168.0,3,389.3333333333333
EGE,CMH,4.0,1013.14,4,253.285
EGE,CMI,2.0,11.0,1,5.5
EGE,COU,2.0,985.5,2,492.75
EGE,CRP,5.0,2492.0,5,498.4
EGE,CVG,1.0,5.5,1,5.5
EGE,DFW,1.0,155.52,1,155.52
EGE,EVV,1.0,558.5,1,558.5
EGE,FNT,2.0,470.53,2,235.265
EGE,FSM,1.0,547.5,1,547.5
EGE,GNV,1.0,274.0,1,274.0
EGE,GPT,8.0,3849.5,8,481.1875
EGE,GRK,1.0,1172.0,1,1172.0
EGE,HOU,3.0,710.0,3,236.66666666666666
EGE,HPN,4.0,1029.0,4,257.25
EGE,HRL,3.0,1474.5,3,491.5
EGE,HSV,1.0,323.0,1,323.0
EGE,IAH,1.0,524.12,1,524.12
EGE,IND,4.0,827.95,4,206.9875
EGE,JAN,3.0,1157.5,2,385.8333333333333
EGE,JAX,3.0,1199.79,3,399.93
EGE,LCH,2.0,690.5,2,345.25
EGE,LEX,2.0,591.0,2,295.5
EGE,LFT,13.0,5348.0,13,411.38461538461536
EGE,LIT,5.0,1847.07,5,369.414
EGE,MAF,1.0,5.5,1,5.5
EGE,MEM,1.0,4.78,1,4.78
EGE,MGM,1.0,344.0,1,344.0
EGE,MOB,4.0,2322.0,4,580.5
EGE,PVD,4.0,1591.0,4,397.75
EGE,RIC,1.0,5.86,1,5.86
EGE,ROC,1.0,345.9,1,345.9
EGE,SGF,4.0,1223.0,4,305.75
EGE,SHV,2.0,868.5,2,434.25
EGE,STL,2.0,487.53999999999996,2,243.76999999999998
EGE,SYR,1.0,644.27,1,644.27
EGE,TLH,1.0,369.0,1,369.0
EGE,TPA,2.0,1086.2,2,543.1
EGE,TUL,1.0,182.97,1,182.97
EGE,TVC,2.0,284.0,1,142.0
EGE,TYS,3.0,559.06,3,186.35333333333332
EGE,VPS,1.0,307.0,1,307.0
EGE,XNA,7.0,1502.5,6,214.64285714285714
ELP,ABI,8.0,2608.5,5,326.0625
ELP,AGS,7.0,2562.54,7,366.07714285714286
ELP,AMA,2.0,527.0,2,263.5
ELP,ATL,5.0,2243.13,5,448.62600000000003
ELP,ATW,1.0,233.0,1,233.0
ELP,AUS,544.0,90214.78,228,165.83599264705882
ELP,AVL,5.0,1645.5,5,329.1
ELP,BDL,1.0,76.0,1,76.0
ELP,BFL,4.0,1171.5,4,292.875
ELP,BHM,2.0,1126.0,2,563.0
ELP,BIL,3.0,585.11,3,195.03666666666666
ELP,BIS,2.0,784.48,2,392.24
ELP,BMI,1.0,474.0,1,474.0
ELP,BNA,24.0,5947.14,22,247.7975
ELP,BOI,2.0,812.0,2,406.0
ELP,BOS,15.0,4212.67,14,280.8446666666667
ELP,BRO,4.0,1064.8600000000001,4,266.21500000000003
ELP,BTR,3.0,782.5,3,260.8333333333333
ELP,BUF,5.0,1457.8600000000001,5,291.572
ELP,BWI,2.0,542.2,2,271.1
ELP,CAE,2.0,602.81,2,301.405
ELP,CHA,5.0,1615.5,4,323.1
ELP,CHO,1.0,347.5,1,347.5
ELP,CHS,2.0,631.0,2,315.5
ELP,CID,6.0,2192.94,6,365.49
ELP,CLL,1.0,241.0,1,241.0
ELP,CLT,42.0,13681.51,38,325.7502380952381
ELP,CMH,5.0,1650.43,5,330.086
ELP,CMI,3.0,978.2,3,326.06666666666666
ELP,COU,3.0,712.94,3,237.64666666666668
ELP,CRP,5.0,1411.5,5,282.3
ELP,CSG,2.0,512.5,2,256.25
ELP,CVG,6.0,2210.68,6,368.44666666666666
ELP,DAB,1.0,540.0,1,540.0
ELP,DAY,5.0,1365.75,5,273.15
ELP,DCA,7.0,3553.36,6,507.6228571428572
ELP,DFW,55.0,13669.55,45,248.53727272727272
ELP,DRT,1.0,583.0,1,583.0
ELP,DSM,1.0,147.42,1,147.42
ELP,DTW,7.0,2296.33,7,328.04714285714283
ELP,ECP,1.0,367.0,1,367.0
ELP,EVV,1.0,289.0,1,289.0
ELP,EWR,5.0,1465.0,4,293.0
ELP,FAR,3.0,680.17,3,226.72333333333333
ELP,FAT,3.0,807.5,3,269.1666666666667
ELP,FAY,3.0,948.8199999999999,3,316.2733333333333
ELP,FLL,1.0,452.0,1,452.0
ELP,FSD,2.0,515.46,2,257.73
ELP,GNV,4.0,2316.01,4,579.0025
ELP,GPT,4.0,1432.0,4,358.0
ELP,GRK,10.0,3703.2,10,370.32
ELP,GRR,8.0,2518.01,8,314.75125
ELP,GSO,3.0,1285.06,3,428.3533333333333
ELP,GSP,1.0,426.0,1,426.0
ELP,HPN,1.0,403.5,1,403.5
ELP,HRL,4.0,1023.0,4,255.75
ELP,HSV,22.0,7994.0,22,363.3636363636364
ELP,IAD,4.0,1249.7,4,312.425
ELP,IAH,2.0,240.0,2,120.0
ELP,ICT,8.0,2026.0,8,253.25
ELP,IDA,1.0,379.05,1,379.05
ELP,IND,14.0,4313.07,14,308.07642857142855
ELP,JAN,2.0,618.0,2,309.0
ELP,JAX,14.0,3274.85,13,233.91785714285714
ELP,JFK,18.0,6094.47,15,338.5816666666667
ELP,LAN,3.0,959.65,3,319.8833333333333
ELP,LAS,1.0,284.0,1,284.0
ELP,LBB,1.0,215.5,1,215.5
ELP,LCH,5.0,1559.5,5,311.9
ELP,LEX,6.0,2144.68,6,357.44666666666666
ELP,LFT,2.0,1151.0,2,575.5
ELP,LGA,5.0,2126.09,4,425.218
ELP,LIT,9.0,2770.5,9,307.8333333333333
ELP,LSE,2.0,585.5,2,292.75
ELP,MCI,9.0,1460.33,7,162.2588888888889
ELP,MCO,49.0,14507.33,39,296.06795918367345
ELP,MDT,1.0,400.55,1,400.55
ELP,MEM,10.0,2683.37,10,268.337
ELP,MFE,3.0,1066.0,3,355.3333333333333
ELP,MGM,12.0,4035.0,8,336.25
ELP,MHK,6.0,1706.0,5,284.3333333333333
ELP,MHT,1.0,335.0,1,335.0
ELP,MIA,43.0,15655.5,40,364.0813953488372
ELP,MLI,9.0,3226.46,9,358.49555555555554
ELP,MOB,2.0,474.5,2,237.25
ELP,MSN,3.0,946.23,3,315.41
ELP,MSP,3.0,1326.0,3,442.0
ELP,MSY,30.0,7406.54,30,246.88466666666667
ELP,OAJ,1.0,1341.0,1,1341.0
ELP,OKC,5.0,1023.0,5,204.6
ELP,ORD,10.0,3469.81,10,346.981
ELP,ORF,1.0,238.0,1,238.0
ELP,PBI,3.0,1211.5,3,403.8333333333333
ELP,PGV,1.0,644.85,1,644.85
ELP,PHL,20.0,7888.5,16,394.425
ELP,PHX,1.0,123.11,1,123.11
ELP,PIA,1.0,196.98,1,196.98
ELP,PIT,1.0,567.0,1,567.0
ELP,PNS,2.0,524.5,2,262.25
ELP,PVD,4.0,578.24,4,144.56
ELP,RAP,3.0,622.0,2,207.33333333333334
ELP,RDU,20.0,6338.3,18,316.915
ELP,RIC,1.0,229.65,1,229.65
ELP,RNO,2.0,663.11,2,331.555
ELP,ROC,5.0,1690.58,5,338.116
ELP,RSW,4.0,1017.11,4,254.2775
ELP,SAT,1.0,395.5,1,395.5
ELP,SAV,1.0,516.0,1,516.0
ELP,SBP,4.0,1111.5,4,277.875
ELP,SDF,2.0,645.5,2,322.75
ELP,SEA,2.0,2220.23,2,1110.115
ELP,SGF,17.0,6177.5,16,363.38235294117646
ELP,SHV,1.0,123.0,1,123.0
ELP,SJC,1.0,281.85,1,281.85
ELP,SJT,4.0,1306.0,4,326.5
ELP,SJU,4.0,1275.5,3,318.875
ELP,SLC,1.0,253.5,1,253.5
ELP,STL,21.0,7234.64,21,344.50666666666666
ELP,STS,5.0,1594.0,5,318.8
ELP,SYR,4.0,2530.82,4,632.705
ELP,TLH,4.0,1301.27,4,325.3175
ELP,TPA,23.0,6507.54,19,282.93652173913046
ELP,TUL,9.0,1763.52,8,195.94666666666666
ELP,TYS,3.0,943.47,3,314.49
ELP,VPS,2.0,746.5,2,373.25
ELP,XNA,7.0,2427.0,7,346.7142857142857
ELP,YUM,3.0,873.5,3,291.1666666666667
ERI,HHH,2.0,630.0,2,315.0
ERI,SBP,1.0,277.0,1,277.0
EUG,ALO,1.0,4.73,1,4.73
EUG,COU,1.0,612.0,1,612.0
EUG,LBB,1.0,199.5,1,199.5
EUG,LIT,1.0,615.04,1,615.04
EUG,MAF,4.0,1220.0,4,305.0
EVV,ABI,1.0,407.0,1,407.0
EVV,ABQ,4.0,1326.0,4,331.5
EVV,AEX,1.0,199.0,1,199.0
EVV,AMA,2.0,869.5,2,434.75
EVV,AUS,16.0,5923.37,16,370.210625
EVV,BFL,2.0,1107.5,2,553.75
EVV,BIL,5.0,1676.0,5,335.2
EVV,BOI,1.0,479.0,1,479.0
EVV,BPT,1.0,279.0,1,279.0
EVV,BRO,4.0,1439.5,4,359.875
EVV,BTR,3.0,803.25,3,267.75
EVV,BZN,1.0,672.5,1,672.5
EVV,CLT,2.0,264.14,2,132.07
EVV,COS,3.0,1226.5,3,408.8333333333333
EVV,CRP,4.0,2040.5,4,510.125
EVV,DEN,14.0,5731.99,14,409.42785714285714
EVV,DFW,162.0,50794.86,129,313.5485185185185
EVV,DRT,3.0,963.5,3,321.1666666666667
EVV,EGE,1.0,558.5,1,558.5
EVV,ELP,1.0,289.0,1,289.0
EVV,EYW,1.0,274.58,1,274.58
EVV,FAI,2.0,1027.5,2,513.75
EVV,FAR,1.0,512.87,1,512.87
EVV,FAT,5.0,2142.5,5,428.5
EVV,FLG,1.0,482.0,1,482.0
EVV,FLL,2.0,659.9,2,329.95
EVV,GEG,2.0,893.0,2,446.5
EVV,GJT,1.0,550.0,1,550.0
EVV,GPT,2.0,753.49,2,376.745
EVV,GRK,3.0,1056.5,3,352.1666666666667
EVV,HDN,3.0,1275.5,3,425.1666666666667
EVV,HHH,2.0,479.5,2,239.75
EVV,HNL,8.0,8959.06,8,1119.8825
EVV,HOU,9.0,2347.0299999999997,9,260.7811111111111
EVV,IAH,13.0,4588.47,13,352.95923076923077
EVV,ICT,2.0,988.0,2,494.0
EVV,IDA,1.0,416.0,1,416.0
EVV,ITO,1.0,792.0,1,792.0
EVV,JAC,1.0,268.5,1,268.5
EVV,KOA,1.0,1353.0,1,1353.0
EVV,LAS,39.0,14977.69,36,384.04333333333335
EVV,LAX,16.0,7044.28,15,440.2675
EVV,LCH,1.0,496.0,1,496.0
EVV,LIT,2.0,988.0,2,494.0
EVV,MAF,1.0,274.0,1,274.0
EVV,MCO,9.0,5119.73,8,568.8588888888888
EVV,MFE,3.0,2201.0,3,733.6666666666666
EVV,MHK,3.0,865.5,3,288.5
EVV,MSY,2.0,966.5,2,483.25
EVV,OGG,5.0,1936.4,5,387.28000000000003
EVV,OKC,7.0,2497.5,7,356.7857142857143
EVV,ONT,7.0,3397.0,7,485.2857142857143
EVV,PDX,6.0,3272.0,6,545.3333333333334
EVV,PHX,12.0,5660.53,12,471.7108333333333
EVV,PSP,8.0,3013.05,8,376.63125
EVV,RAP,4.0,1450.5,4,362.625
EVV,RNO,6.0,3783.0,6,630.5
EVV,RSW,9.0,2016.73,8,224.0811111111111
EVV,SAN,27.0,10086.5,26,373.5740740740741
EVV,SAT,23.0,7682.18,22,334.0078260869565
EVV,SBA,1.0,1118.0,1,1118.0
EVV,SBP,2.0,808.0,2,404.0
EVV,SEA,9.0,4253.16,8,472.5733333333333
EVV,SFO,11.0,5075.37,11,461.3972727272727
EVV,SHV,9.0,3416.12,9,379.56888888888886
EVV,SJC,1.0,985.0,1,985.0
EVV,SJT,1.0,473.0,1,473.0
EVV,SLC,9.0,3750.5,9,416.72222222222223
EVV,SMF,8.0,3707.0,8,463.375
EVV,SNA,15.0,5854.0,15,390.26666666666665
EVV,SRQ,1.0,6.85,1,6.85
EVV,TPA,3.0,1970.0,3,656.6666666666666
EVV,TUL,4.0,1595.0,4,398.75
EVV,TUS,9.0,3349.5,9,372.1666666666667
EVV,TYR,1.0,274.0,1,274.0
EVV,XNA,1.0,431.44,1,431.44
EWN,ABI,1.0,457.5,1,457.5
EWN,CRP,2.0,1007.33,2,503.665
EWN,CVG,1.0,387.68,1,387.68
EWN,GPT,1.0,464.17,1,464.17
EWN,MEM,1.0,426.5,1,426.5
EWN,RAP,1.0,496.0,1,496.0
EWN,SGF,1.0,286.5,1,286.5
EWN,XNA,2.0,920.0,2,460.0
EWR,ABI,4.0,1309.93,4,327.4825
EWR,AGS,2.0,277.0,2,138.5
EWR,ATL,1.0,189.34,1,189.34
EWR,AUS,6.0,1318.43,6,219.73833333333334
EWR,AZO,2.0,515.0,2,257.5
EWR,BFL,4.0,1387.12,4,346.78
EWR,BHM,6.0,1462.79,6,243.79833333333332
EWR,BMI,1.0,368.0,1,368.0
EWR,BNA,2.0,859.0,2,429.5
EWR,BRO,1.0,311.5,1,311.5
EWR,BTR,3.0,517.17,3,172.39
EWR,CID,6.0,1592.13,6,265.355
EWR,CMH,1.0,258.0,1,258.0
EWR,CMI,7.0,1993.5,6,284.7857142857143
EWR,COU,7.0,1485.0,7,212.14285714285714
EWR,CRP,2.0,371.0,2,185.5
EWR,CVG,4.0,826.38,4,206.595
EWR,CWA,2.0,602.5,2,301.25
EWR,DAY,5.0,1158.54,5,231.708
EWR,DEN,1.0,159.17,1,159.17
EWR,DFW,2.0,320.29999999999995,2,160.14999999999998
EWR,DRO,2.0,411.27,2,205.635
EWR,DSM,10.0,2472.7200000000003,10,247.27200000000002
EWR,DTW,1.0,199.0,1,199.0
EWR,EYW,1.0,545.0,1,545.0
EWR,FAR,3.0,1232.01,3,410.67
EWR,FLL,1.0,525.0,1,525.0
EWR,FSD,1.0,299.0,1,299.0
EWR,FSM,3.0,613.0,3,204.33333333333334
EWR,FWA,1.0,334.21,1,334.21
EWR,GJT,2.0,431.12,2,215.56
EWR,GNV,3.0,880.25,3,293.4166666666667
EWR,GRB,4.0,1340.5,4,335.125
EWR,GRK,2.0,736.0,2,368.0
EWR,HHH,5.0,981.0,5,196.2
EWR,HOU,1.0,211.93,1,211.93
EWR,HRL,4.0,1812.62,4,453.155
EWR,IAH,2.0,498.77,2,249.385
EWR,ICT,5.0,1286.03,5,257.206
EWR,IND,4.0,986.29,4,246.5725
EWR,LAN,1.0,248.0,1,248.0
EWR,LAS,4.0,525.19,4,131.2975
EWR,LAW,1.0,174.5,1,174.5
EWR,LAX,5.0,1410.0,5,282.0
EWR,LBB,1.0,912.5,1,912.5
EWR,LEX,11.0,1940.48,11,176.40727272727273
EWR,LFT,3.0,1128.2,3,376.06666666666666
EWR,LIT,13.0,3104.26,13,238.78923076923078
EWR,LSE,5.0,1896.0300000000002,5,379.206
EWR,MAF,1.0,115.5,1,115.5
EWR,MCI,5.0,1462.0300000000002,5,292.40600000000006
EWR,MEM,4.0,1095.3600000000001,4,273.84000000000003
EWR,MHK,9.0,1609.51,8,178.83444444444444
EWR,MIA,6.0,2484.61,6,414.1016666666667
EWR,MKE,4.0,668.48,4,167.12
EWR,MLI,11.0,4225.24,11,384.1127272727272
EWR,MQT,1.0,217.0,1,217.0
EWR,MRY,3.0,641.14,3,213.71333333333334
EWR,MSP,1.0,165.0,1,165.0
EWR,OKC,3.0,1308.87,3,436.28999999999996
EWR,OMA,8.0,2811.49,8,351.43625
EWR,ORD,288.0,50120.96,171,174.0311111111111
EWR,PDX,1.0,358.0,1,358.0
EWR,PIA,3.0,720.01,3,240.00333333333333
EWR,PNS,3.0,540.5699999999999,3,180.18999999999997
EWR,RAP,1.0,366.5,1,366.5
EWR,RIC,1.0,251.51,1,251.51
EWR,RST,1.0,5.0,1,5.0
EWR,SAF,1.0,135.5,1,135.5
EWR,SAN,5.0,998.7,5,199.74
EWR,SAV,1.0,161.44,1,161.44
EWR,SBP,5.0,2310.05,5,462.01000000000005
EWR,SDF,1.0,119.0,1,119.0
EWR,SEA,1.0,527.17,1,527.17
EWR,SGF,12.0,2538.38,12,211.53166666666667
EWR,SHV,3.0,1066.47,3,355.49
EWR,SJT,1.0,351.5,1,351.5
EWR,SJU,1.0,601.0,1,601.0
EWR,SLC,8.0,2055.7200000000003,7,256.96500000000003
EWR,SMF,1.0,224.93,1,224.93
EWR,SNA,1.0,750.0,1,750.0
EWR,STL,13.0,3046.55,13,234.35000000000002
EWR,TLH,8.0,1815.95,8,226.99375
EWR,TUL,10.0,1941.9,10,194.19
EWR,TUS,1.0,196.39,1,196.39
EWR,TVC,2.0,358.5,2,179.25
EWR,XNA,51.0,13662.78,47,267.89764705882357
EYW,ABI,2.0,776.0,2,388.0
EYW,ABQ,2.0,485.58,2,242.79
EYW,ALB,1.0,691.48,1,691.48
EYW,ALO,1.0,221.0,1,221.0
EYW,AMA,1.0,368.5,1,368.5
EYW,ATL,4.0,928.0,4,232.0
EYW,ATW,26.0,9323.46,26,358.59461538461534
EYW,AUS,12.0,3856.17,11,321.3475
EYW,AZO,1.0,513.5,1,513.5
EYW,BDL,2.0,374.0,2,187.0
EYW,BGR,2.0,1355.0,2,677.5
EYW,BHM,8.0,2871.42,8,358.9275
EYW,BIL,3.0,1567.0,3,522.3333333333334
EYW,BIS,1.0,248.5,1,248.5
EYW,BMI,2.0,1124.63,2,562.315
EYW,BNA,30.0,8368.4,25,278.94666666666666
EYW,BOS,31.0,9864.82,29,318.21999999999997
EYW,BTV,1.0,703.0,1,703.0
EYW,BUF,1.0,237.0,1,237.0
EYW,BWI,10.0,4563.33,8,456.33299999999997
EYW,CHS,12.0,4749.54,12,395.795
EYW,CID,8.0,2266.1,7,283.2625
EYW,CLE,2.0,850.0,2,425.0
EYW,CLT,10.0,2963.26,10,296.326
EYW,CMH,27.0,11910.93,27,441.1455555555556
EYW,CMI,7.0,2847.62,7,406.80285714285714
EYW,COU,4.0,419.56,4,104.89
EYW,CRP,2.0,758.5,2,379.25
EYW,CVG,15.0,6694.639999999999,13,446.3093333333333
EYW,CWA,4.0,2338.5,4,584.625
EYW,DCA,161.0,57637.12,138,357.9945341614907
EYW,DEN,5.0,2010.17,5,402.034
EYW,DFW,9.0,3620.86,7,402.3177777777778
EYW,DRO,1.0,273.5,1,273.5
EYW,DSM,2.0,2232.73,2,1116.365
EYW,DTW,5.0,4660.96,5,932.192
EYW,EVV,1.0,182.42,1,182.42
EYW,EWN,1.0,567.0,1,567.0
EYW,EWR,10.0,3466.0,9,346.6
EYW,FAR,8.0,1627.94,8,203.4925
EYW,FAY,2.0,1083.32,2,541.66
EYW,FNT,3.0,682.84,3,227.61333333333334
EYW,FSD,3.0,949.5,2,316.5
EYW,FSM,2.0,497.69,2,248.845
EYW,GEG,1.0,5.0,1,5.0
EYW,GGG,1.0,218.52,1,218.52
EYW,GJT,6.0,2711.64,6,451.94
EYW,GNV,3.0,482.5,3,160.83333333333334
EYW,GRB,6.0,1765.78,6,294.2966666666667
EYW,GRR,11.0,4687.7,11,426.1545454545454
EYW,GSO,4.0,1465.56,4,366.39
EYW,GSP,7.0,2060.36,7,294.33714285714285
EYW,HHH,5.0,690.85,5,138.17000000000002
EYW,HNL,1.0,815.76,1,815.76
EYW,HOU,1.0,308.5,1,308.5
EYW,HPN,6.0,1897.04,6,316.17333333333335
EYW,HRL,1.0,263.5,1,263.5
EYW,IAH,8.0,3947.43,7,493.42875
EYW,ICT,5.0,1031.49,4,206.298
EYW,IND,7.0,2307.0,7,329.57142857142856
EYW,JAX,34.0,13389.49,32,393.8085294117647
EYW,JFK,11.0,3732.62,11,339.3290909090909
EYW,LAN,2.0,541.04,2,270.52
EYW,LAS,9.0,5144.27,9,571.5855555555556
EYW,LAX,5.0,2381.0,5,476.2
EYW,LFT,2.0,977.5,2,488.75
EYW,LGA,12.0,5825.3,10,485.44166666666666
EYW,LIT,3.0,1034.33,3,344.77666666666664
EYW,LSE,3.0,1146.3,3,382.09999999999997
EYW,MCI,4.0,2039.25,4,509.8125
EYW,MCO,8.0,2274.5,6,284.3125
EYW,MHK,4.0,1123.5,4,280.875
EYW,MHT,2.0,406.94,2,203.47
EYW,MIA,120.0,31190.16,76,259.918
EYW,MLI,2.0,314.78,2,157.39
EYW,MQT,1.0,256.0,1,256.0
EYW,MRY,1.0,449.49,1,449.49
EYW,MSN,7.0,1940.27,7,277.18142857142857
EYW,MSO,2.0,719.61,2,359.805
EYW,MSP,3.0,728.69,3,242.89666666666668
EYW,MSY,10.0,5832.07,10,583.207
EYW,OGG,1.0,2046.0,1,2046.0
EYW,ONT,1.0,5.0,1,5.0
EYW,ORD,265.0,86669.77,206,327.05573584905665
EYW,ORF,6.0,1158.82,4,193.13666666666666
EYW,PAH,1.0,653.61,1,653.61
EYW,PDX,1.0,5.79,1,5.79
EYW,PHF,1.0,1275.0,1,1275.0
EYW,PHL,10.0,4913.9,9,491.39
EYW,PHX,5.0,2173.0,4,434.6
EYW,PIA,7.0,2624.5,7,374.92857142857144
EYW,PIT,7.0,2620.0,5,374.2857142857143
EYW,PNS,28.0,9282.97,24,331.53464285714284
EYW,PSP,1.0,473.0,1,473.0
EYW,PVD,1.0,547.0,1,547.0
EYW,PWM,1.0,141.0,1,141.0
EYW,RAP,7.0,2401.0,7,343.0
EYW,RDU,11.0,3539.44,10,321.7672727272727
EYW,RIC,1.0,279.33,1,279.33
EYW,ROC,3.0,819.28,3,273.0933333333333
EYW,RST,2.0,623.21,2,311.605
EYW,SAN,2.0,756.1500000000001,2,378.07500000000005
EYW,SAT,4.0,1594.04,4,398.51
EYW,SAV,8.0,2062.59,8,257.82375
EYW,SDF,3.0,1419.76,3,473.25333333333333
EYW,SFO,3.0,1065.0,3,355.0
EYW,SGF,25.0,8850.82,24,354.0328
EYW,SHV,3.0,715.5,1,238.5
EYW,SJT,1.0,625.62,1,625.62
EYW,SJU,6.0,1401.4099999999999,6,233.5683333333333
EYW,SLC,2.0,1261.0,2,630.5
EYW,SLK,1.0,1037.0,1,1037.0
EYW,SMF,1.0,1128.28,1,1128.28
EYW,SNA,1.0,241.0,1,241.0
EYW,STL,8.0,3791.86,8,473.9825
EYW,STT,3.0,775.0,3,258.3333333333333
EYW,STX,1.0,344.5,1,344.5
EYW,SYR,3.0,1260.99,3,420.33
EYW,TLH,16.0,5291.49,16,330.718125
EYW,TPA,7.0,1931.5,5,275.92857142857144
EYW,TVC,11.0,6112.5,11,555.6818181818181
EYW,TYS,7.0,2155.87,6,307.9814285714286
EYW,UIN,1.0,327.94,1,327.94
EYW,XNA,28.0,9779.14,28,349.255
FAI,ABI,3.0,2076.5,3,692.1666666666666
FAI,ANC,1.0,40.56,1,40.56
FAI,ATW,2.0,486.52,2,243.26
FAI,BWI,1.0,745.48,1,745.48
FAI,CMI,1.0,822.0,1,822.0
FAI,DAY,1.0,296.5,1,296.5
FAI,DCA,1.0,363.71,1,363.71
FAI,EVV,2.0,1027.5,2,513.75
FAI,GJT,1.0,451.82,1,451.82
FAI,GRK,3.0,1560.0,1,520.0
FAI,GSP,2.0,836.99,2,418.495
FAI,HSV,3.0,1754.94,3,584.98
FAI,JAN,1.0,452.0,1,452.0
FAI,LBB,1.0,629.5,1,629.5
FAI,LIT,2.0,1152.0,2,576.0
FAI,PDX,1.0,176.88,1,176.88
FAI,PIT,1.0,283.65,1,283.65
FAI,PNS,1.0,438.0,1,438.0
FAI,ROC,1.0,432.0,1,432.0
FAI,SDF,1.0,348.5,1,348.5
FAI,SGF,3.0,1776.48,3,592.16
FAI,STL,1.0,595.69,1,595.69
FAI,TVC,1.0,391.36,1,391.36
FAR,ABE,4.0,2243.0,4,560.75
FAR,ABI,2.0,1025.0,2,512.5
FAR,ABQ,5.0,2134.2200000000003,5,426.84400000000005
FAR,ACT,1.0,11.0,1,11.0
FAR,AGS,2.0,1031.0,2,515.5
FAR,ALB,2.0,778.0,2,389.0
FAR,AMA,3.0,2209.0,3,736.3333333333334
FAR,ANC,4.0,1678.0,4,419.5
FAR,ATL,12.0,3684.55,12,307.04583333333335
FAR,AUS,24.0,10216.62,24,425.69250000000005
FAR,BFL,3.0,1765.6399999999999,3,588.5466666666666
FAR,BHM,4.0,1691.42,4,422.855
FAR,BMI,1.0,608.5,1,608.5
FAR,BNA,13.0,5299.5,12,407.65384615384613
FAR,BOS,2.0,641.3199999999999,2,320.65999999999997
FAR,BPT,1.0,837.0,1,837.0
FAR,BRO,1.0,308.5,1,308.5
FAR,BTR,4.0,1704.0,4,426.0
FAR,BUF,2.0,864.59,2,432.295
FAR,BUR,1.0,11.0,1,11.0
FAR,BWI,10.0,3655.6099999999997,10,365.561
FAR,CAE,1.0,245.0,1,245.0
FAR,CHA,5.0,2260.0,4,452.0
FAR,CHS,8.0,3377.71,8,422.21375
FAR,CID,1.0,216.0,1,216.0
FAR,CLE,3.0,743.5,3,247.83333333333334
FAR,CLL,1.0,263.5,1,263.5
FAR,CLT,11.0,4264.58,11,387.6890909090909
FAR,CMH,4.0,1468.0,4,367.0
FAR,CRP,13.0,5039.64,13,387.6646153846154
FAR,CSG,1.0,429.0,1,429.0
FAR,CVG,2.0,428.5,2,214.25
FAR,DAB,3.0,1916.13,3,638.71
FAR,DAY,3.0,1284.5,3,428.1666666666667
FAR,DCA,16.0,5692.08,16,355.755
FAR,DEN,1.0,5.85,1,5.85
FAR,DFW,207.0,66614.73,142,321.8102898550724
FAR,DRO,1.0,283.56,1,283.56
FAR,DSM,2.0,610.5,2,305.25
FAR,DTW,5.0,1743.0,5,348.6
FAR,ECP,13.0,4892.31,12,376.3315384615385
FAR,ELP,6.0,2806.83,6,467.805
FAR,EVV,1.0,500.13,1,500.13
FAR,EWR,6.0,2410.99,6,401.83166666666665
FAR,EYW,10.0,2731.06,10,273.106
FAR,FAI,1.0,5.0,1,5.0
FAR,FAT,2.0,628.0,2,314.0
FAR,FLG,1.0,363.0,1,363.0
FAR,FLL,9.0,3441.06,8,382.34
FAR,FSM,3.0,1186.0,3,395.3333333333333
FAR,GNV,1.0,342.5,1,342.5
FAR,GPT,1.0,433.0,1,433.0
FAR,GRR,3.0,1114.0,3,371.3333333333333
FAR,GSO,6.0,2036.32,6,339.38666666666666
FAR,GSP,4.0,1820.62,4,455.155
FAR,HNL,15.0,8685.92,13,579.0613333333333
FAR,HOU,5.0,3336.5,5,667.3
FAR,HPN,3.0,758.0,3,252.66666666666666
FAR,HRL,2.0,727.99,2,363.995
FAR,HSV,2.0,671.5,2,335.75
FAR,IAH,19.0,6907.26,16,363.54
FAR,ICT,3.0,1319.49,3,439.83
FAR,IND,7.0,2370.45,7,338.63571428571424
FAR,JAN,2.0,856.0,2,428.0
FAR,JAX,17.0,7303.12,16,429.59529411764703
FAR,JFK,1.0,329.0,1,329.0
FAR,KOA,4.0,2397.51,4,599.3775
FAR,LAN,2.0,687.5,2,343.75
FAR,LAS,15.0,4681.66,14,312.11066666666665
FAR,LAX,20.0,6671.9,19,333.59499999999997
FAR,LBB,9.0,3560.31,8,395.59
FAR,LEX,3.0,1073.6,3,357.8666666666666
FAR,LFT,1.0,648.0,1,648.0
FAR,LGA,22.0,6556.2699999999995,15,298.0122727272727
FAR,LIH,2.0,1567.35,2,783.675
FAR,LIT,9.0,3546.75,9,394.0833333333333
FAR,LRD,4.0,1079.0,3,269.75
FAR,MAF,1.0,559.0,1,559.0
FAR,MCI,6.0,2492.5,6,415.4166666666667
FAR,MCO,45.0,16524.45,43,367.21000000000004
FAR,MDT,2.0,1164.0,2,582.0
FAR,MEM,6.0,2377.5,6,396.25
FAR,MFE,13.0,4128.5,13,317.5769230769231
FAR,MFR,1.0,213.0,1,213.0
FAR,MHK,2.0,1140.0,2,570.0
FAR,MIA,24.0,9072.48,23,378.02
FAR,MLB,1.0,692.0,1,692.0
FAR,MLI,1.0,405.5,1,405.5
FAR,MLU,1.0,298.5,1,298.5
FAR,MOB,1.0,213.0,1,213.0
FAR,MQT,1.0,634.0,1,634.0
FAR,MRY,1.0,414.52,1,414.52
FAR,MSY,19.0,8220.86,18,432.6768421052632
FAR,MYR,2.0,615.31,2,307.655
FAR,OGG,20.0,9214.74,20,460.73699999999997
FAR,OKC,8.0,2000.0,7,250.0
FAR,ONT,1.0,589.0,1,589.0
FAR,ORD,86.0,20979.87,75,243.95197674418603
FAR,ORF,4.0,3025.13,4,756.2825
FAR,PBI,7.0,2508.16,7,358.3085714285714
FAR,PDX,2.0,1613.5,2,806.75
FAR,PHL,8.0,3649.0,7,456.125
FAR,PHX,380.0,107137.8,263,281.94157894736844
FAR,PIA,2.0,658.5,2,329.25
FAR,PIT,2.0,524.0,2,262.0
FAR,PNS,8.0,3162.1,8,395.2625
FAR,PSP,6.0,2012.19,5,335.365
FAR,PVD,2.0,1030.0,2,515.0
FAR,RDU,7.0,3156.19,7,450.88428571428574
FAR,RIC,3.0,1028.0,3,342.6666666666667
FAR,RNO,2.0,778.0,2,389.0
FAR,ROC,1.0,433.0,1,433.0
FAR,RST,1.0,695.0,1,695.0
FAR,RSW,28.0,10710.36,28,382.5128571428572
FAR,SAN,12.0,4208.35,11,350.6958333333334
FAR,SAT,26.0,9169.4,23,352.66923076923075
FAR,SAV,16.0,5914.62,16,369.66375
FAR,SBA,3.0,1025.6100000000001,3,341.87000000000006
FAR,SBP,4.0,2139.01,4,534.7525
FAR,SDF,1.0,352.0,1,352.0
FAR,SEA,2.0,298.0,2,149.0
FAR,SFO,1.0,768.0,1,768.0
FAR,SGF,4.0,2275.56,4,568.89
FAR,SHV,1.0,474.5,1,474.5
FAR,SJC,5.0,2117.5,5,423.5
FAR,SJT,4.0,2991.75,4,747.9375
FAR,SJU,15.0,6822.22,14,454.8146666666667
FAR,SLC,3.0,1026.12,3,342.03999999999996
FAR,SMF,4.0,1178.65,4,294.6625
FAR,SNA,7.0,2273.79,7,324.82714285714286
FAR,SRQ,5.0,1390.42,5,278.084
FAR,STL,3.0,1303.0,3,434.3333333333333
FAR,STT,7.0,3392.2,7,484.59999999999997
FAR,TLH,1.0,258.5,1,258.5
FAR,TPA,29.0,10869.3,29,374.803448275862
FAR,TUL,8.0,2954.77,7,369.34625
FAR,TUS,14.0,4409.05,14,314.9321428571429
FAR,TVC,1.0,299.0,1,299.0
FAR,TYS,4.0,1508.57,4,377.1425
FAR,VPS,15.0,5335.79,15,355.71933333333334
FAR,XNA,4.0,1217.63,4,304.4075
FAR,YUM,10.0,3797.75,10,379.775
FAT,ABI,3.0,968.0,3,322.6666666666667
FAT,ABQ,4.0,986.5,4,246.625
FAT,AGS,1.0,347.68,1,347.68
FAT,ART,2.0,775.0,2,387.5
FAT,ATW,1.0,323.5,1,323.5
FAT,AUS,7.0,1666.45,7,238.06428571428572
FAT,AVL,3.0,1367.48,3,455.82666666666665
FAT,BHM,1.0,442.5,1,442.5
FAT,BMI,1.0,431.5,1,431.5
FAT,BOS,4.0,1462.82,4,365.705
FAT,BRO,1.0,418.5,1,418.5
FAT,CHA,8.0,2787.5,8,348.4375
FAT,COU,2.0,557.0,2,278.5
FAT,CRP,4.0,1261.0,3,315.25
FAT,CWA,2.0,1026.95,2,513.475
FAT,DAY,2.0,577.0,2,288.5
FAT,DEN,6.0,1299.0,6,216.5
FAT,DFW,2.0,563.2,2,281.6
FAT,DSM,5.0,1750.0,2,350.0
FAT,DTW,1.0,501.98,1,501.98
FAT,ELP,4.0,1135.5,4,283.875
FAT,EVV,5.0,2142.5,5,428.5
FAT,FAY,2.0,719.23,2,359.615
FAT,FLG,3.0,1372.5,3,457.5
FAT,FSM,7.0,2639.5,7,377.07142857142856
FAT,GJT,1.0,246.5,1,246.5
FAT,GNV,4.0,1302.5,4,325.625
FAT,GRK,5.0,1183.5,5,236.7
FAT,GRR,4.0,1441.22,4,360.305
FAT,HOU,2.0,717.1,2,358.55
FAT,HRL,4.0,1194.0,4,298.5
FAT,HSV,2.0,527.5,2,263.75
FAT,IAH,14.0,4629.4400000000005,14,330.67428571428576
FAT,ICT,5.0,1004.5,5,200.9
FAT,JAN,3.0,1021.5,3,340.5
FAT,JFK,2.0,456.62,2,228.31
FAT,LAN,1.0,428.0,1,428.0
FAT,LAS,5.0,957.0,5,191.4
FAT,LBB,3.0,852.0,3,284.0
FAT,LEX,8.0,2446.5,7,305.8125
FAT,LGA,2.0,22.0,2,11.0
FAT,LIT,5.0,1410.0,5,282.0
FAT,MAF,9.0,2301.78,9,255.75333333333336
FAT,MCI,4.0,1084.0,4,271.0
FAT,MCO,1.0,315.58,1,315.58
FAT,MEM,2.0,1598.0,2,799.0
FAT,MGM,3.0,803.5,3,267.8333333333333
FAT,MHK,1.0,5.5,1,5.5
FAT,MIA,1.0,313.06,1,313.06
FAT,MLI,4.0,1274.0,4,318.5
FAT,MQT,1.0,253.2,1,253.2
FAT,MSP,10.0,3121.5,8,312.15
FAT,MYR,2.0,871.5,2,435.75
FAT,OMA,1.0,234.46,1,234.46
FAT,ORD,6.0,1440.5,6,240.08333333333334
FAT,PHX,119.0,34297.81,97,288.2168907563025
FAT,PNS,1.0,296.5,1,296.5
FAT,PSP,2.0,691.0,2,345.5
FAT,PVD,1.0,419.22,1,419.22
FAT,RAP,1.0,276.5,1,276.5
FAT,ROW,3.0,846.0,3,282.0
FAT,SAN,6.0,2946.0,6,491.0
FAT,SAT,6.0,2402.5,6,400.4166666666667
FAT,SEA,4.0,754.0,4,188.5
FAT,SGF,12.0,4196.27,11,349.6891666666667
FAT,SHV,1.0,276.0,1,276.0
FAT,SJU,1.0,1034.0,1,1034.0
FAT,TLH,1.0,296.5,1,296.5
FAT,TUL,5.0,1762.75,4,352.55
FAT,TUS,13.0,3581.44,11,275.49538461538464
FAT,TVC,1.0,374.27,1,374.27
FAT,TYS,1.0,246.5,1,246.5
FAT,XNA,7.0,2128.64,7,304.09142857142854
FAT,YUM,5.0,1598.5,5,319.7
FAY,ABI,2.0,785.8399999999999,2,392.91999999999996
FAY,ABQ,2.0,452.5,2,226.25
FAY,ACT,1.0,251.0,1,251.0
FAY,AEX,3.0,2342.0,2,780.6666666666666
FAY,AMA,1.0,407.0,1,407.0
FAY,AUS,7.0,1949.5,7,278.5
FAY,BTR,1.0,156.0,1,156.0
FAY,CID,1.0,307.0,1,307.0
FAY,CLL,1.0,1628.0,1,1628.0
FAY,COS,12.0,4633.0,12,386.0833333333333
FAY,COU,1.0,291.72,1,291.72
FAY,CRP,4.0,1663.0,4,415.75
FAY,DEN,4.0,1577.0,4,394.25
FAY,DFW,142.0,37076.73,100,261.1037323943662
FAY,DSM,4.0,913.99,4,228.4975
FAY,ELP,11.0,3861.1800000000003,11,351.0163636363637
FAY,EYW,1.0,452.68,1,452.68
FAY,FAT,4.0,1376.77,4,344.1925
FAY,FSD,1.0,294.45,1,294.45
FAY,GCK,1.0,289.0,1,289.0
FAY,GRK,17.0,5389.16,16,317.0094117647059
FAY,HOU,2.0,917.18,2,458.59
FAY,HRL,2.0,557.0,2,278.5
FAY,IAH,6.0,1408.0,5,234.66666666666666
FAY,ICT,4.0,995.5,3,248.875
FAY,LAS,10.0,2584.39,10,258.43899999999996
FAY,LAW,3.0,464.5,3,154.83333333333334
FAY,LAX,11.0,4374.3099999999995,10,397.6645454545454
FAY,LBB,1.0,381.0,1,381.0
FAY,LCH,2.0,143.5,2,71.75
FAY,LEX,1.0,236.5,1,236.5
FAY,LFT,1.0,201.86,1,201.86
FAY,LRD,1.0,231.0,1,231.0
FAY,MAF,4.0,1727.0,4,431.75
FAY,MCI,3.0,985.0,3,328.3333333333333
FAY,MHK,5.0,2055.88,5,411.17600000000004
FAY,MLI,2.0,448.38,2,224.19
FAY,MSP,1.0,598.0,1,598.0
FAY,OKC,5.0,1653.91,5,330.78200000000004
FAY,ONT,7.0,2252.09,7,321.7271428571429
FAY,PDX,5.0,1561.0,5,312.2
FAY,PHX,6.0,2002.1,6,333.68333333333334
FAY,RAP,1.0,817.0,1,817.0
FAY,RNO,1.0,333.0,1,333.0
FAY,ROW,2.0,845.0,2,422.5
FAY,SAN,7.0,2101.73,7,300.2471428571429
FAY,SAT,21.0,5345.69,16,254.55666666666664
FAY,SEA,8.0,2523.0,3,315.375
FAY,SFO,3.0,1246.0,3,415.3333333333333
FAY,SGF,5.0,2421.91,5,484.38199999999995
FAY,SLC,4.0,1333.92,4,333.48
FAY,SMF,8.0,2737.66,8,342.2075
FAY,SNA,4.0,1050.0,4,262.5
FAY,STL,2.0,508.0,1,254.0
FAY,TUL,2.0,852.0,2,426.0
FAY,TUS,11.0,3509.5,9,319.04545454545456
FAY,XNA,1.0,346.45,1,346.45
FLG,BFL,4.0,1068.46,4,267.115
FLG,CMI,1.0,272.0,1,272.0
FLG,CRP,1.0,433.5,1,433.5
FLG,DFW,2.0,318.09000000000003,2,159.04500000000002
FLG,FAT,3.0,1372.5,3,457.5
FLG,LBB,1.0,372.79,1,372.79
FLG,LFT,3.0,1603.5,3,534.5
FLG,LIT,2.0,878.5,2,439.25
FLG,MAF,2.0,891.26,2,445.63
FLG,MLI,2.0,1116.0,2,558.0
FLG,SBP,3.0,1241.0,3,413.6666666666667
FLG,SGF,2.0,670.0,2,335.0
FLG,TVC,1.0,303.0,1,303.0
FLG,TYS,1.0,646.5,1,646.5
FLG,XNA,3.0,390.5,2,130.16666666666666
FLL,ABI,8.0,2089.4,7,261.175
FLL,ABQ,1.0,267.95,1,267.95
FLL,ALO,2.0,527.77,2,263.885
FLL,AMA,2.0,941.5,2,470.75
FLL,ATW,8.0,1981.8400000000001,8,247.73000000000002
FLL,AVP,1.0,107.73,1,107.73
FLL,AZO,4.0,693.6,4,173.4
FLL,BHM,1.0,315.58,1,315.58
FLL,BIL,3.0,1120.0,3,373.3333333333333
FLL,BIS,4.0,1160.5,4,290.125
FLL,BMI,3.0,1010.46,3,336.82
FLL,BRO,4.0,1344.28,3,336.07
FLL,BTR,1.0,211.24,1,211.24
FLL,BZN,2.0,332.73,2,166.365
FLL,CHS,2.0,498.37,2,249.185
FLL,CID,2.0,1011.0,2,505.5
FLL,CLT,1.0,180.3,1,180.3
FLL,CMI,9.0,2306.9,9,256.32222222222225
FLL,COS,1.0,484.5,1,484.5
FLL,COU,6.0,1791.68,5,298.61333333333334
FLL,CRP,4.0,1559.5,4,389.875
FLL,CVG,1.0,170.82,1,170.82
FLL,CWA,5.0,1885.0,5,377.0
FLL,DAY,1.0,294.71,1,294.71
FLL,DFW,1.0,366.61,1,366.61
FLL,DRO,2.0,852.0,2,426.0
FLL,DTW,1.0,120.78,1,120.78
FLL,EVV,2.0,657.1,2,328.55
FLL,FAR,7.0,2395.94,6,342.27714285714285
FLL,FNT,4.0,1200.81,4,300.2025
FLL,FSD,2.0,411.02,2,205.51
FLL,FSM,6.0,2774.27,6,462.37833333333333
FLL,FWA,2.0,213.5,2,106.75
FLL,GJT,14.0,4099.6900000000005,13,292.83500000000004
FLL,GRB,2.0,760.0,2,380.0
FLL,GRK,3.0,428.0,3,142.66666666666666
FLL,GRR,2.0,268.73,2,134.365
FLL,GSO,1.0,538.38,1,538.38
FLL,GSP,6.0,1308.15,6,218.025
FLL,HHH,8.0,1903.0,8,237.875
FLL,HPN,1.0,195.37,1,195.37
FLL,HRL,4.0,1303.28,4,325.82
FLL,ICT,7.0,1676.24,7,239.46285714285713
FLL,IND,1.0,338.99,1,338.99
FLL,LAN,6.0,1563.76,6,260.62666666666667
FLL,LCH,1.0,177.0,1,177.0
FLL,LEX,5.0,1060.11,5,212.022
FLL,LFT,6.0,1935.95,6,322.65833333333336
FLL,LIT,7.0,1603.76,7,229.10857142857142
FLL,LSE,4.0,1277.45,3,319.3625
FLL,MAF,3.0,982.5,3,327.5
FLL,MHK,9.0,3194.56,9,354.9511111111111
FLL,MLI,8.0,1812.22,8,226.5275
FLL,MRY,1.0,553.0,1,553.0
FLL,MSN,2.0,1112.76,2,556.38
FLL,ORD,4.0,475.19,4,118.7975
FLL,PIA,10.0,2260.09,10,226.00900000000001
FLL,PNS,2.0,1101.0,2,550.5
FLL,PSP,2.0,11.66,2,5.83
FLL,PVD,1.0,254.63,1,254.63
FLL,RAP,8.0,3460.4300000000003,8,432.55375000000004
FLL,RDU,1.0,334.61,1,334.61
FLL,SAF,1.0,663.5,1,663.5
FLL,SGF,54.0,17070.4,53,316.11851851851856
FLL,SHV,8.0,2879.87,8,359.98375
FLL,SJT,2.0,1219.5,2,609.75
FLL,STL,2.0,448.43,2,224.215
FLL,TUL,2.0,518.5,2,259.25
FLL,TVC,11.0,3217.55,11,292.50454545454545
FLL,TYS,3.0,303.96000000000004,3,101.32000000000001
FLL,XNA,27.0,9545.61,26,353.54111111111115
FLO,ATW,1.0,333.13,1,333.13
FLO,BHM,2.0,643.0,2,321.5
FLO,GJT,1.0,271.0,1,271.0
FLO,MAF,1.0,366.0,1,366.0
FLO,XNA,2.0,537.27,2,268.635
FNT,ABQ,3.0,900.5,3,300.1666666666667
FNT,AGS,1.0,382.0,1,382.0
FNT,ALO,1.0,190.0,1,190.0
FNT,AMA,1.0,308.0,1,308.0
FNT,ATL,4.0,1398.0,4,349.5
FNT,ATW,1.0,5.5,1,5.5
FNT,AUS,13.0,4067.0,12,312.84615384615387
FNT,AVL,2.0,379.0,2,189.5
FNT,BDL,1.0,448.0,1,448.0
FNT,BHM,1.0,354.58,1,354.58
FNT,BNA,7.0,1278.0,7,182.57142857142858
FNT,BOI,1.0,677.0,1,677.0
FNT,BOS,4.0,970.0,4,242.5
FNT,BPT,1.0,332.5,1,332.5
FNT,CHS,1.0,423.89,1,423.89
FNT,CID,3.0,807.0,3,269.0
FNT,CLT,6.0,1989.5,6,331.5833333333333
FNT,COS,1.0,397.0,1,397.0
FNT,CVG,1.0,228.0,1,228.0
FNT,CWA,1.0,167.5,1,167.5
FNT,DCA,5.0,1070.5,5,214.1
FNT,DEN,5.0,1406.5,4,281.3
FNT,DFW,14.0,3532.5299999999997,13,252.3235714285714
FNT,DRO,1.0,487.0,1,487.0
FNT,DSM,1.0,528.0,1,528.0
FNT,ECP,3.0,1298.31,3,432.77
FNT,EGE,2.0,559.47,2,279.735
FNT,ELP,2.0,963.0,2,481.5
FNT,EUG,1.0,253.0,1,253.0
FNT,EWR,1.0,147.0,1,147.0
FNT,EYW,3.0,757.16,3,252.38666666666666
FNT,FLL,11.0,3309.19,11,300.8354545454545
FNT,FSD,2.0,780.0,2,390.0
FNT,GJT,1.0,379.35,1,379.35
FNT,GNV,1.0,417.21,1,417.21
FNT,GSO,1.0,5.5,1,5.5
FNT,GSP,1.0,215.66,1,215.66
FNT,HSV,2.0,500.0,2,250.0
FNT,IAH,1.0,493.0,1,493.0
FNT,ICT,2.0,419.5,2,209.75
FNT,ILM,1.0,253.0,1,253.0
FNT,IND,1.0,443.0,1,443.0
FNT,JAC,1.0,282.0,1,282.0
FNT,JAN,3.0,780.98,3,260.32666666666665
FNT,JAX,6.0,1584.3,6,264.05
FNT,KOA,1.0,607.5,1,607.5
FNT,LAS,15.0,6023.0,15,401.53333333333336
FNT,LAW,1.0,701.0,1,701.0
FNT,LAX,11.0,2523.58,11,229.41636363636363
FNT,LEX,1.0,273.0,1,273.0
FNT,LFT,1.0,379.0,1,379.0
FNT,LGA,4.0,721.37,4,180.3425
FNT,LIT,5.0,1052.0,5,210.4
FNT,LSE,1.0,194.0,1,194.0
FNT,MCI,5.0,1221.0,5,244.2
FNT,MCO,21.0,5608.0,21,267.04761904761904
FNT,MEM,7.0,2639.5,7,377.07142857142856
FNT,MFE,1.0,246.0,1,246.0
FNT,MIA,13.0,3177.81,11,244.44692307692307
FNT,MKE,4.0,1020.0,4,255.0
FNT,MLB,1.0,203.0,1,203.0
FNT,MOB,2.0,893.0,2,446.5
FNT,MSN,1.0,355.0,1,355.0
FNT,MSP,1.0,5.5,1,5.5
FNT,MSY,2.0,951.5,2,475.75
FNT,OGG,1.0,511.0,1,511.0
FNT,OKC,10.0,2834.5,10,283.45
FNT,OMA,1.0,283.0,1,283.0
FNT,ONT,1.0,517.0,1,517.0
FNT,ORD,34.0,8058.14,32,237.00411764705882
FNT,ORF,1.0,214.75,1,214.75
FNT,PBI,7.0,1140.1599999999999,7,162.87999999999997
FNT,PDX,1.0,428.5,1,428.5
FNT,PHL,2.0,730.06,2,365.03
FNT,PHX,14.0,4375.18,14,312.5128571428572
FNT,PNS,1.0,298.75,1,298.75
FNT,PSP,4.0,825.0,4,206.25
FNT,PVD,1.0,458.5,1,458.5
FNT,RDU,6.0,2356.5,6,392.75
FNT,RST,3.0,631.5,3,210.5
FNT,RSW,6.0,1305.51,6,217.585
FNT,SAN,5.0,1768.92,5,353.784
FNT,SAT,6.0,1403.84,6,233.97333333333333
FNT,SAV,1.0,323.0,1,323.0
FNT,SBA,1.0,252.0,1,252.0
FNT,SDF,1.0,328.0,1,328.0
FNT,SEA,3.0,842.0,3,280.6666666666667
FNT,SFO,2.0,485.0,2,242.5
FNT,SJU,2.0,914.14,2,457.07
FNT,SLC,2.0,788.0,2,394.0
FNT,SMF,1.0,202.5,1,202.5
FNT,SNA,5.0,2291.14,5,458.22799999999995
FNT,SRQ,2.0,11.0,1,5.5
FNT,STL,7.0,1966.5,7,280.92857142857144
FNT,STT,2.0,1004.52,2,502.26
FNT,SWO,1.0,293.5,1,293.5
FNT,TPA,7.0,1827.3,7,261.04285714285714
FNT,TUL,2.0,358.5,2,179.25
FNT,TUS,9.0,2086.0,9,231.77777777777777
FNT,TYS,2.0,531.5,2,265.75
FNT,VPS,1.0,235.09,1,235.09
FNT,XNA,3.0,637.5,3,212.5
FNT,YUM,1.0,643.0,1,643.0
FSD,ABE,2.0,568.0,2,284.0
FSD,ABI,2.0,508.0,2,254.0
FSD,ABQ,1.0,533.0,1,533.0
FSD,AEX,2.0,716.1,2,358.05
FSD,AMA,2.0,833.0,2,416.5
FSD,ANC,1.0,322.0,1,322.0
FSD,ATL,1.0,402.31,1,402.31
FSD,AUS,13.0,4253.03,12,327.1561538461538
FSD,BDL,1.0,298.5,1,298.5
FSD,BNA,2.0,621.5,2,310.75
FSD,BOS,7.0,1248.38,6,178.34
FSD,BRO,4.0,1534.25,4,383.5625
FSD,BTR,2.0,721.5,2,360.75
FSD,BUF,2.0,1374.5,2,687.25
FSD,BUR,2.0,982.69,2,491.345
FSD,BWI,3.0,994.0,3,331.3333333333333
FSD,CHS,1.0,408.0,1,408.0
FSD,CLE,1.0,288.5,1,288.5
FSD,CLL,1.0,404.0,1,404.0
FSD,CLT,10.0,3686.15,9,368.615
FSD,CMH,9.0,3126.6,7,347.4
FSD,CMI,1.0,362.0,1,362.0
FSD,COU,1.0,348.0,1,348.0
FSD,CRP,6.0,2509.74,6,418.28999999999996
FSD,CVG,2.0,419.5,2,209.75
FSD,DAY,4.0,1325.5,4,331.375
FSD,DCA,2.0,503.0,2,251.5
FSD,DFW,97.0,30094.26,78,310.2501030927835
FSD,DRO,1.0,366.19,1,366.19
FSD,DRT,2.0,665.0,2,332.5
FSD,DTW,2.0,1012.5,2,506.25
FSD,ECP,1.0,255.0,1,255.0
FSD,ELP,3.0,827.54,3,275.84666666666664
FSD,EWR,1.0,299.0,1,299.0
FSD,EYW,3.0,980.5,2,326.8333333333333
FSD,FAY,2.0,1098.55,2,549.275
FSD,FLL,5.0,1519.98,5,303.996
FSD,GNV,1.0,419.0,1,419.0
FSD,GPT,1.0,258.5,1,258.5
FSD,GRR,6.0,2310.5,6,385.0833333333333
FSD,GSO,2.0,1000.56,2,500.28
FSD,HHH,1.0,537.48,1,537.48
FSD,HNL,1.0,443.5,1,443.5
FSD,HPN,2.0,567.5,2,283.75
FSD,HRL,2.0,817.5,2,408.75
FSD,HSV,1.0,439.0,1,439.0
FSD,IAH,4.0,1694.1399999999999,4,423.53499999999997
FSD,ICT,3.0,1318.23,3,439.41
FSD,ILM,2.0,502.35,2,251.175
FSD,IND,3.0,1219.5,3,406.5
FSD,JFK,1.0,253.5,1,253.5
FSD,LAN,1.0,274.0,1,274.0
FSD,LAS,3.0,886.99,3,295.66333333333336
FSD,LAX,3.0,2361.76,3,787.2533333333334
FSD,LBB,1.0,499.0,1,499.0
FSD,LEX,4.0,1260.5,4,315.125
FSD,LGA,4.0,1184.5,2,296.125
FSD,LIT,2.0,743.4100000000001,2,371.70500000000004
FSD,LNY,1.0,630.92,1,630.92
FSD,LRD,1.0,284.0,1,284.0
FSD,LYH,1.0,282.0,1,282.0
FSD,MAF,1.0,444.0,1,444.0
FSD,MCO,14.0,2750.31,12,196.45071428571427
FSD,MEM,2.0,592.35,2,296.175
FSD,MFE,4.0,1026.69,4,256.6725
FSD,MGM,2.0,775.3,2,387.65
FSD,MIA,10.0,3721.43,10,372.143
FSD,MOB,2.0,565.0,2,282.5
FSD,MQT,1.0,196.5,1,196.5
FSD,MRY,1.0,4.8,1,4.8
FSD,MSN,1.0,279.0,1,279.0
FSD,MSY,7.0,2413.5699999999997,7,344.79571428571427
FSD,MWA,1.0,485.0,1,485.0
FSD,MYR,1.0,226.5,1,226.5
FSD,OAJ,1.0,216.5,1,216.5
FSD,OGG,5.0,3659.19,5,731.838
FSD,OKC,4.0,1450.5,4,362.625
FSD,ONT,2.0,912.58,2,456.29
FSD,ORD,45.0,8704.64,38,193.43644444444442
FSD,ORF,3.0,1222.0,3,407.3333333333333
FSD,PBI,3.0,1226.0,3,408.6666666666667
FSD,PHL,3.0,1026.5,3,342.1666666666667
FSD,PHX,6.0,2690.49,6,448.41499999999996
FSD,PIA,2.0,367.0,2,183.5
FSD,PIT,1.0,399.0,1,399.0
FSD,PNS,1.0,254.52,1,254.52
FSD,PSG,1.0,790.0,1,790.0
FSD,PVD,2.0,314.5,2,157.25
FSD,PWM,1.0,513.0,1,513.0
FSD,RDU,4.0,1839.25,3,459.8125
FSD,RIC,3.0,995.0,2,331.6666666666667
FSD,RSW,8.0,1509.0500000000002,7,188.63125000000002
FSD,SAN,2.0,1142.0,2,571.0
FSD,SAT,10.0,4537.12,10,453.712
FSD,SAV,3.0,1402.6399999999999,3,467.5466666666666
FSD,SBA,1.0,223.0,1,223.0
FSD,SDF,3.0,737.0,3,245.66666666666666
FSD,SFO,1.0,618.0,1,618.0
FSD,SGF,7.0,2325.92,7,332.2742857142857
FSD,SHV,2.0,1285.0,2,642.5
FSD,SJT,1.0,249.0,1,249.0
FSD,SJU,8.0,2517.23,7,314.65375
FSD,SLC,1.0,643.0,1,643.0
FSD,SMF,1.0,677.0,1,677.0
FSD,SNA,5.0,306.53,4,61.306
FSD,SRQ,5.0,1245.0,5,249.0
FSD,STL,3.0,1231.0,3,410.3333333333333
FSD,STT,1.0,504.7,1,504.7
FSD,SYR,4.0,1587.5,4,396.875
FSD,TLH,2.0,747.5,2,373.75
FSD,TPA,9.0,2698.19,8,299.7988888888889
FSD,TRI,1.0,343.0,1,343.0
FSD,TUL,1.0,324.0,1,324.0
FSD,TUS,4.0,1197.5,4,299.375
FSD,TYS,2.0,263.32,2,131.66
FSD,VPS,1.0,5.0,1,5.0
FSD,XNA,5.0,1971.43,5,394.286
FSM,ABQ,2.0,842.0,2,421.0
FSM,ACT,1.0,5.0,1,5.0
FSM,AMA,2.0,790.0,2,395.0
FSM,ANC,3.0,1093.92,3,364.64000000000004
FSM,ATL,9.0,3656.5,9,406.27777777777777
FSM,AUS,4.0,1240.5,4,310.125
FSM,AVL,2.0,503.0,2,251.5
FSM,AVP,1.0,311.02,1,311.02
FSM,BFL,2.0,693.0,2,346.5
FSM,BHM,3.0,1351.0,2,450.3333333333333
FSM,BIL,2.0,898.0,2,449.0
FSM,BIS,2.0,592.0,2,296.0
FSM,BNA,9.0,3220.5,9,357.8333333333333
FSM,BOI,5.0,3431.23,5,686.246
FSM,BOS,5.0,1798.5,5,359.7
FSM,BRO,2.0,807.0,2,403.5
FSM,BTR,4.0,1303.0,4,325.75
FSM,BUF,1.0,293.48,1,293.48
FSM,BUR,1.0,415.0,1,415.0
FSM,BWI,2.0,965.07,2,482.535
FSM,BZN,3.0,315.0,2,105.0
FSM,CAK,1.0,579.0,1,579.0
FSM,CHA,2.0,603.0,2,301.5
FSM,CHO,1.0,5.0,1,5.0
FSM,CHS,1.0,770.0,1,770.0
FSM,CID,2.0,855.5,2,427.75
FSM,CLE,4.0,2069.0,4,517.25
FSM,CLL,1.0,5.0,1,5.0
FSM,CLT,7.0,2256.77,7,322.3957142857143
FSM,CMH,5.0,1874.52,5,374.904
FSM,COS,2.0,398.5,2,199.25
FSM,CRP,3.0,907.0,3,302.3333333333333
FSM,CSG,1.0,499.0,1,499.0
FSM,CVG,1.0,727.0,1,727.0
FSM,DAB,1.0,11.0,1,11.0
FSM,DCA,12.0,3721.64,12,310.13666666666666
FSM,DEN,12.0,3684.5,12,307.0416666666667
FSM,DFW,57.0,12980.34,53,227.72526315789474
FSM,DRO,1.0,5.5,1,5.5
FSM,DTW,6.0,1917.0,6,319.5
FSM,ECP,1.0,249.0,1,249.0
FSM,EGE,1.0,547.5,1,547.5
FSM,ELP,2.0,1121.0,2,560.5
FSM,EWR,4.0,925.0,4,231.25
FSM,EYW,2.0,496.31,2,248.155
FSM,FAR,3.0,1186.0,3,395.3333333333333
FSM,FAT,8.0,2982.5,8,372.8125
FSM,FLL,9.0,4355.73,9,483.96999999999997
FSM,GRI,1.0,244.0,1,244.0
FSM,GRR,1.0,397.17,1,397.17
FSM,GSO,3.0,1370.5,3,456.8333333333333
FSM,GSP,1.0,499.0,1,499.0
FSM,GUC,3.0,1253.5,3,417.8333333333333
FSM,HLN,1.0,927.0,1,927.0
FSM,HNL,11.0,7814.85,10,710.4409090909091
FSM,HOU,4.0,1483.37,4,370.8425
FSM,HRL,1.0,427.15,1,427.15
FSM,HSV,4.0,1338.0,4,334.5
FSM,IAD,4.0,1647.5,4,411.875
FSM,IAH,14.0,6342.5,13,453.0357142857143
FSM,ILM,3.0,520.0,3,173.33333333333334
FSM,IND,8.0,2487.71,8,310.96375
FSM,JAN,2.0,473.5,2,236.75
FSM,JAX,11.0,4847.5,11,440.6818181818182
FSM,JFK,1.0,253.0,1,253.0
FSM,KTN,1.0,5.96,1,5.96
FSM,LAS,24.0,11460.65,23,477.52708333333334
FSM,LAX,9.0,2952.5,9,328.05555555555554
FSM,LBB,4.0,1611.0,4,402.75
FSM,LEX,3.0,1370.08,3,456.6933333333333
FSM,LFT,1.0,504.0,1,504.0
FSM,LGA,6.0,1118.8600000000001,6,186.4766666666667
FSM,LYH,1.0,644.0,1,644.0
FSM,MAF,5.0,1246.0,5,249.2
FSM,MCO,32.0,11851.0,30,370.34375
FSM,MDT,2.0,775.9100000000001,2,387.95500000000004
FSM,MFE,1.0,569.0,1,569.0
FSM,MGM,1.0,556.0,1,556.0
FSM,MHT,1.0,386.89,1,386.89
FSM,MIA,17.0,6766.0,17,398.0
FSM,MKE,3.0,1175.2,3,391.73333333333335
FSM,MOB,1.0,254.0,1,254.0
FSM,MSO,1.0,772.0,1,772.0
FSM,MSP,4.0,1427.5,4,356.875
FSM,MSY,8.0,2630.5,6,328.8125
FSM,MTJ,2.0,646.5,2,323.25
FSM,OGG,1.0,5.5,1,5.5
FSM,OMA,3.0,1258.5,3,419.5
FSM,ONT,3.0,1191.0,3,397.0
FSM,ORD,6.0,2366.38,6,394.3966666666667
FSM,ORF,1.0,354.0,1,354.0
FSM,PBI,2.0,750.0,2,375.0
FSM,PDX,6.0,2338.5,6,389.75
FSM,PHL,5.0,2041.5,5,408.3
FSM,PHX,14.0,5359.98,14,382.85571428571427
FSM,PIT,7.0,3028.95,6,432.70714285714286
FSM,PNS,2.0,11.0,2,5.5
FSM,PSP,3.0,1107.0,3,369.0
FSM,PVD,1.0,81.0,1,81.0
FSM,RAP,1.0,546.0,1,546.0
FSM,RDU,4.0,1689.0,4,422.25
FSM,RIC,2.0,734.64,2,367.32
FSM,RNO,2.0,869.5,2,434.75
FSM,RSW,7.0,3293.0,7,470.42857142857144
FSM,SAN,5.0,3016.0,5,603.2
FSM,SAT,11.0,3660.19,11,332.74454545454546
FSM,SAV,1.0,513.0,1,513.0
FSM,SBA,1.0,420.55,1,420.55
FSM,SBN,1.0,785.5,1,785.5
FSM,SBP,1.0,11.0,1,11.0
FSM,SDF,3.0,819.46,3,273.15333333333336
FSM,SEA,8.0,3540.5,8,442.5625
FSM,SFO,5.0,2037.2,5,407.44
FSM,SJC,1.0,70.0,1,70.0
FSM,SJT,3.0,665.75,3,221.91666666666666
FSM,SJU,2.0,1230.79,2,615.395
FSM,SLC,11.0,5232.0,11,475.6363636363636
FSM,SMF,16.0,7606.35,16,475.396875
FSM,SNA,15.0,5318.97,15,354.598
FSM,SRQ,1.0,363.5,1,363.5
FSM,STT,1.0,387.26,1,387.26
FSM,SYR,1.0,479.0,1,479.0
FSM,TLH,4.0,1838.0,4,459.5
FSM,TPA,6.0,732.5,4,122.08333333333333
FSM,TUS,3.0,728.5,3,242.83333333333334
FSM,TYS,1.0,268.0,1,268.0
FSM,VPS,8.0,4510.11,7,563.76375
FWA,ABI,1.0,282.5,1,282.5
FWA,AGS,1.0,434.5,1,434.5
FWA,ALB,1.0,543.53,1,543.53
FWA,AUS,5.0,1816.0,5,363.2
FWA,AVP,1.0,251.78,1,251.78
FWA,BIL,2.0,825.0,2,412.5
FWA,BNA,1.0,310.0,1,310.0
FWA,BOS,2.0,1292.82,2,646.41
FWA,BRO,1.0,549.0,1,549.0
FWA,BUR,1.0,510.13,1,510.13
FWA,BWI,4.0,1344.69,4,336.1725
FWA,CID,1.0,279.0,1,279.0
FWA,CLT,1.0,119.69,1,119.69
FWA,CRP,2.0,782.5,2,391.25
FWA,DCA,3.0,1006.0,3,335.3333333333333
FWA,DFW,4.0,1269.06,4,317.265
FWA,DRO,2.0,894.04,2,447.02
FWA,DSM,4.0,1555.0,4,388.75
FWA,FLL,2.0,213.5,2,106.75
FWA,GRK,1.0,364.0,1,364.0
FWA,GSO,2.0,619.5899999999999,2,309.79499999999996
FWA,GSP,1.0,358.0,1,358.0
FWA,HPN,1.0,209.0,1,209.0
FWA,HRL,1.0,580.82,1,580.82
FWA,ICT,3.0,561.52,3,187.17333333333332
FWA,LAS,5.0,1260.0,5,252.0
FWA,LAW,1.0,436.5,1,436.5
FWA,LAX,4.0,1768.03,4,442.0075
FWA,LFT,1.0,384.0,1,384.0
FWA,LGA,1.0,275.36,1,275.36
FWA,MAF,1.0,433.5,1,433.5
FWA,MCI,2.0,537.0,2,268.5
FWA,MCO,3.0,1063.59,3,354.53
FWA,MDT,1.0,398.0,1,398.0
FWA,MEM,7.0,2069.54,7,295.6485714285714
FWA,MIA,3.0,873.2,3,291.06666666666666
FWA,MKE,1.0,358.5,1,358.5
FWA,MQT,3.0,918.5,3,306.1666666666667
FWA,MRY,1.0,544.83,1,544.83
FWA,MSP,2.0,859.0,2,429.5
FWA,OKC,4.0,762.1,4,190.525
FWA,ORD,6.0,827.8100000000001,6,137.96833333333333
FWA,ORF,1.0,261.02,1,261.02
FWA,PBI,1.0,288.5,1,288.5
FWA,PHL,3.0,1153.8400000000001,3,384.6133333333334
FWA,PHX,7.0,2778.15,7,396.87857142857143
FWA,PIT,2.0,510.79999999999995,2,255.39999999999998
FWA,RIC,3.0,373.46000000000004,3,124.48666666666668
FWA,RST,1.0,265.5,1,265.5
FWA,RSW,1.0,352.45,1,352.45
FWA,SAF,1.0,783.44,1,783.44
FWA,SAN,5.0,1433.8899999999999,5,286.77799999999996
FWA,SGF,3.0,1015.29,3,338.43
FWA,SHV,1.0,463.5,1,463.5
FWA,SLC,4.0,1168.5,4,292.125
FWA,SMF,1.0,428.0,1,428.0
FWA,SNA,3.0,1407.7,3,469.23333333333335
FWA,STL,3.0,1083.0,3,361.0
FWA,SYR,1.0,361.32,1,361.32
FWA,TLH,1.0,265.57,1,265.57
FWA,TPA,1.0,559.0,1,559.0
FWA,TUL,1.0,5.5,1,5.5
FWA,TYS,1.0,232.91,1,232.91
FWA,XNA,7.0,2969.0,7,424.14285714285717
GCK,ATW,1.0,652.5,1,652.5
GCK,BIL,1.0,370.0,1,370.0
GCK,CID,1.0,367.0,1,367.0
GCK,DFW,1.0,310.62,1,310.62
GCK,GNV,1.0,494.0,1,494.0
GCK,HOU,1.0,274.0,1,274.0
GCK,LIT,2.0,503.0,2,251.5
GCK,MAF,1.0,277.5,1,277.5
GCK,MOB,1.0,302.5,1,302.5
GCK,SGF,1.0,210.0,1,210.0
GCK,XNA,2.0,529.5,2,264.75
GDV,DFW,1.0,470.92,1,470.92
GDV,IAH,1.0,282.0,1,282.0
GDV,LFT,1.0,407.0,1,407.0
GEG,ABI,1.0,302.5,1,302.5
GEG,AUS,1.0,194.57,1,194.57
GEG,BFL,2.0,568.0,2,284.0
GEG,BHM,1.0,305.0,1,305.0
GEG,BRO,2.0,2302.0,2,1151.0
GEG,COU,1.0,317.5,1,317.5
GEG,CRP,1.0,528.22,1,528.22
GEG,DFW,3.0,507.19,3,169.06333333333333
GEG,EVV,1.0,269.0,1,269.0
GEG,HSV,1.0,339.5,1,339.5
GEG,LBB,1.0,371.08,1,371.08
GEG,LFT,1.0,767.5,1,767.5
GEG,LIT,1.0,253.0,1,253.0
GEG,MAF,5.0,1484.23,5,296.846
GEG,MGM,1.0,378.5,1,378.5
GEG,MOB,2.0,293.5,2,146.75
GEG,MSN,1.0,930.09,1,930.09
GEG,SBP,3.0,458.5,3,152.83333333333334
GEG,SDF,1.0,262.5,1,262.5
GEG,TUL,1.0,420.89,1,420.89
GEG,VPS,2.0,959.5,2,479.75
GEG,XNA,2.0,888.2800000000001,2,444.14000000000004
GGG,BIS,1.0,298.5,1,298.5
GGG,CHS,1.0,441.48,1,441.48
GGG,EYW,1.0,285.48,1,285.48
GGG,GJT,1.0,229.0,1,229.0
GGG,GPT,1.0,189.5,1,189.5
GGG,LFT,1.0,172.47,1,172.47
GGG,MAF,6.0,1842.5,6,307.0833333333333
GGG,MRY,1.0,264.98,1,264.98
GGG,RAP,1.0,397.5,1,397.5
GGG,XNA,2.0,414.52,2,207.26
GGW,CLT,1.0,419.0,1,419.0
GJT,ABI,8.0,2293.0,8,286.625
GJT,ACT,1.0,293.5,1,293.5
GJT,AEX,1.0,278.0,1,278.0
GJT,AGS,1.0,670.0,1,670.0
GJT,AMA,4.0,853.5,4,213.375
GJT,ANC,3.0,1322.65,3,440.8833333333334
GJT,ATL,14.0,6672.3099999999995,14,476.5935714285714
GJT,AUS,17.0,5047.2,17,296.8941176470588
GJT,AVL,5.0,1582.5,5,316.5
GJT,BDL,2.0,902.63,2,451.315
GJT,BFL,2.0,514.0,2,257.0
GJT,BGR,2.0,451.32,1,225.66
GJT,BHM,7.0,2069.0,7,295.57142857142856
GJT,BNA,13.0,3939.0,13,303.0
GJT,BOS,6.0,2062.24,6,343.70666666666665
GJT,BRO,5.0,1171.5,5,234.3
GJT,BTR,8.0,1752.0,8,219.0
GJT,BUF,1.0,513.0,1,513.0
GJT,BUR,9.0,2210.5,9,245.61111111111111
GJT,BWI,6.0,1967.77,6,327.96166666666664
GJT,CAE,2.0,613.0,2,306.5
GJT,CHA,3.0,859.62,3,286.54
GJT,CHO,1.0,433.0,1,433.0
GJT,CHS,6.0,2469.0,6,411.5
GJT,CLE,1.0,414.0,1,414.0
GJT,CLT,21.0,8653.01,21,412.04809523809524
GJT,CMH,1.0,364.5,1,364.5
GJT,CMI,1.0,302.0,1,302.0
GJT,COU,1.0,245.0,1,245.0
GJT,CRP,4.0,1066.5,4,266.625
GJT,CRW,1.0,5.5,1,5.5
GJT,CVG,2.0,519.5,2,259.75
GJT,CWA,2.0,748.0,2,374.0
GJT,DAY,3.0,1213.0,3,404.3333333333333
GJT,DCA,14.0,4937.22,13,352.65857142857146
GJT,DFW,188.0,54481.74,126,289.79648936170213
GJT,DSM,1.0,346.0,1,346.0
GJT,DTW,3.0,1285.5,3,428.5
GJT,ECP,1.0,255.0,1,255.0
GJT,EVV,2.0,961.0,2,480.5
GJT,EWR,2.0,469.88,2,234.94
GJT,EYW,6.0,2344.3599999999997,6,390.72666666666663
GJT,FAI,2.0,970.18,2,485.09
GJT,FAT,1.0,246.5,1,246.5
GJT,FLL,25.0,8081.3099999999995,23,323.25239999999997
GJT,FLO,1.0,271.0,1,271.0
GJT,FNT,1.0,324.65,1,324.65
GJT,FSD,1.0,346.03,1,346.03
GJT,FWA,2.0,919.0,2,459.5
GJT,GCK,1.0,444.0,1,444.0
GJT,GGG,2.0,549.71,2,274.855
GJT,GNV,1.0,5.5,1,5.5
GJT,GPT,4.0,1997.5,4,499.375
GJT,GRB,1.0,355.0,1,355.0
GJT,GRK,2.0,395.5,2,197.75
GJT,GRR,2.0,700.5,2,350.25
GJT,GSO,2.0,580.5,2,290.25
GJT,GSP,2.0,1313.0,2,656.5
GJT,HNL,7.0,3171.51,7,453.0728571428572
GJT,HOU,5.0,1571.53,5,314.306
GJT,HRL,3.0,653.0,3,217.66666666666666
GJT,HSV,3.0,991.5,3,330.5
GJT,IAH,17.0,5026.37,15,295.6688235294118
GJT,ICT,3.0,994.0,3,331.3333333333333
GJT,ILM,2.0,564.5,2,282.25
GJT,IND,3.0,598.5,3,199.5
GJT,JAN,9.0,2931.5,9,325.72222222222223
GJT,JAX,11.0,4203.0,10,382.09090909090907
GJT,JFK,6.0,2673.39,6,445.565
GJT,KOA,1.0,647.0,1,647.0
GJT,LAS,17.0,3957.09,14,232.77
GJT,LAW,1.0,5.5,1,5.5
GJT,LAX,9.0,2501.43,9,277.93666666666667
GJT,LBB,1.0,362.5,1,362.5
GJT,LEX,4.0,1994.0,4,498.5
GJT,LFT,4.0,1421.0,4,355.25
GJT,LGA,9.0,2908.5,8,323.1666666666667
GJT,LIH,2.0,2131.98,2,1065.99
GJT,LIT,9.0,3105.0,9,345.0
GJT,LYH,1.0,419.28,1,419.28
GJT,MAF,12.0,5031.0,12,419.25
GJT,MCI,3.0,885.5,3,295.1666666666667
GJT,MCO,37.0,12627.56,34,341.2854054054054
GJT,MDT,1.0,327.5,1,327.5
GJT,MEM,6.0,2168.0,6,361.3333333333333
GJT,MFE,2.0,227.0,2,113.5
GJT,MFR,1.0,203.0,1,203.0
GJT,MHK,4.0,1075.0,4,268.75
GJT,MIA,20.0,8821.14,20,441.05699999999996
GJT,MKE,2.0,1083.0,2,541.5
GJT,MLI,2.0,506.0,2,253.0
GJT,MLU,2.0,958.0,2,479.0
GJT,MOB,3.0,1660.0,3,553.3333333333334
GJT,MSP,2.0,524.35,2,262.175
GJT,MSY,14.0,5217.34,14,372.6671428571429
GJT,MYR,1.0,524.83,1,524.83
GJT,OGG,1.0,820.5,1,820.5
GJT,OKC,10.0,3221.39,10,322.139
GJT,OMA,1.0,689.0,1,689.0
GJT,ONT,5.0,1335.26,5,267.052
GJT,ORD,5.0,1890.53,5,378.106
GJT,ORF,5.0,2203.69,5,440.738
GJT,PBI,5.0,1530.0,5,306.0
GJT,PHL,4.0,1562.0,4,390.5
GJT,PHX,102.0,24953.8,76,244.64509803921567
GJT,PIA,5.0,1691.0,4,338.2
GJT,PIT,7.0,3013.32,7,430.4742857142857
GJT,PNS,9.0,3651.5,9,405.72222222222223
GJT,PSP,7.0,1621.0,6,231.57142857142858
GJT,RDM,1.0,575.0,1,575.0
GJT,RIC,2.0,760.0,2,380.0
GJT,RNO,6.0,1957.94,6,326.3233333333333
GJT,ROW,2.0,514.0,2,257.0
GJT,RSW,14.0,5038.0,14,359.85714285714283
GJT,SAN,18.0,5076.01,16,282.0005555555556
GJT,SAT,15.0,4427.51,15,295.1673333333334
GJT,SAV,1.0,328.0,1,328.0
GJT,SBA,1.0,261.0,1,261.0
GJT,SBN,1.0,368.0,1,368.0
GJT,SBP,6.0,1536.0,6,256.0
GJT,SDF,3.0,805.0,3,268.3333333333333
GJT,SEA,1.0,399.0,1,399.0
GJT,SFO,1.0,210.53,1,210.53
GJT,SGF,4.0,1137.5,3,284.375
GJT,SHV,2.0,728.52,2,364.26
GJT,SJC,4.0,705.49,4,176.3725
GJT,SJT,7.0,2186.5,5,312.35714285714283
GJT,SJU,5.0,2071.95,5,414.39
GJT,SMF,3.0,823.0,3,274.3333333333333
GJT,SNA,8.0,2064.0299999999997,7,258.00374999999997
GJT,SPI,2.0,466.0,2,233.0
GJT,SRQ,5.0,1729.03,5,345.806
GJT,STL,7.0,3186.5,7,455.2142857142857
GJT,STS,2.0,552.5,2,276.25
GJT,STX,1.0,502.0,1,502.0
GJT,SWO,1.0,347.0,1,347.0
GJT,TPA,18.0,8484.5,17,471.3611111111111
GJT,TRI,1.0,416.0,1,416.0
GJT,TUL,5.0,1712.06,5,342.412
GJT,TUS,1.0,439.0,1,439.0
GJT,TYR,2.0,395.5,2,197.75
GJT,TYS,4.0,1692.5,3,423.125
GJT,VPS,6.0,2060.0,6,343.3333333333333
GJT,XNA,5.0,1794.0,5,358.8
GJT,YUM,3.0,349.0,3,116.33333333333333
GLH,DAB,1.0,290.57,1,290.57
GLH,MAF,1.0,284.0,1,284.0
GNV,ABI,3.0,1438.5700000000002,3,479.52333333333337
GNV,ABQ,5.0,1416.5,5,283.3
GNV,ACT,1.0,226.06,1,226.06
GNV,ATW,1.0,357.5,1,357.5
GNV,AUS,8.0,2431.4,7,303.925
GNV,BIL,2.0,764.26,2,382.13
GNV,BNA,1.0,267.0,1,267.0
GNV,BOI,4.0,976.0,4,244.0
GNV,BOS,1.0,148.0,1,148.0
GNV,BRO,2.0,797.12,2,398.56
GNV,BUR,2.0,213.0,2,106.5
GNV,CID,1.0,308.0,1,308.0
GNV,CLL,2.0,626.5,2,313.25
GNV,CMI,4.0,1351.41,4,337.8525
GNV,COS,5.0,2117.0,5,423.4
GNV,COU,2.0,545.04,2,272.52
GNV,CRP,1.0,727.0,1,727.0
GNV,DCA,1.0,369.5,1,369.5
GNV,DEN,9.0,2913.34,9,323.70444444444445
GNV,DFW,138.0,47262.98,116,342.4853623188406
GNV,EGE,1.0,274.0,1,274.0
GNV,ELP,5.0,2389.99,5,477.99799999999993
GNV,EWR,7.0,2095.75,6,299.39285714285717
GNV,EYW,3.0,482.5,3,160.83333333333334
GNV,FAR,1.0,342.5,1,342.5
GNV,FAT,6.0,1861.5,6,310.25
GNV,FNT,2.0,1022.79,2,511.395
GNV,FSD,1.0,419.0,1,419.0
GNV,GCK,1.0,494.0,1,494.0
GNV,GEG,2.0,534.0,2,267.0
GNV,GJT,1.0,5.5,1,5.5
GNV,GSP,1.0,225.5,1,225.5
GNV,HOU,1.0,228.0,1,228.0
GNV,IAH,16.0,3975.37,15,248.460625
GNV,ICT,1.0,262.0,1,262.0
GNV,JAC,3.0,1250.5,3,416.8333333333333
GNV,JFK,14.0,3039.17,11,217.08357142857145
GNV,LAS,23.0,9935.74,20,431.98869565217393
GNV,LAW,1.0,276.24,1,276.24
GNV,LAX,25.0,7392.53,23,295.7012
GNV,LBB,3.0,782.5,3,260.8333333333333
GNV,LEX,1.0,402.5,1,402.5
GNV,LGA,9.0,2035.45,9,226.16111111111113
GNV,LRD,1.0,751.0,1,751.0
GNV,MAF,1.0,784.0,1,784.0
GNV,MCI,5.0,1427.07,5,285.414
GNV,MHK,1.0,5.0,1,5.0
GNV,MIA,134.0,30993.8,94,231.29701492537313
GNV,MRY,2.0,893.0,2,446.5
GNV,MSP,1.0,162.92,1,162.92
GNV,MSY,4.0,836.3199999999999,4,209.07999999999998
GNV,OKC,2.0,615.0,2,307.5
GNV,OMA,1.0,283.0,1,283.0
GNV,ONT,2.0,218.0,2,109.0
GNV,ORD,6.0,1522.0,6,253.66666666666666
GNV,PDX,5.0,2799.12,5,559.824
GNV,PHL,1.0,5.0,1,5.0
GNV,PHX,21.0,7623.38,21,363.01809523809527
GNV,PSP,4.0,708.0,4,177.0
GNV,RAP,1.0,312.6,1,312.6
GNV,RDU,1.0,11.0,1,11.0
GNV,RNO,2.0,1025.5,2,512.75
GNV,ROW,2.0,718.0,2,359.0
GNV,SAF,2.0,275.5,2,137.75
GNV,SAN,17.0,5237.97,17,308.1158823529412
GNV,SBA,1.0,500.5,1,500.5
GNV,SBP,2.0,533.5,2,266.75
GNV,SEA,7.0,2218.9700000000003,7,316.9957142857143
GNV,SFO,15.0,5850.18,14,390.012
GNV,SGF,4.0,2219.17,4,554.7925
GNV,SHV,4.0,1826.34,4,456.585
GNV,SJC,2.0,461.49,2,230.745
GNV,SJU,2.0,833.0,2,416.5
GNV,SLC,11.0,3183.5,11,289.40909090909093
GNV,SMF,11.0,4170.48,10,379.1345454545454
GNV,SNA,3.0,875.95,3,291.98333333333335
GNV,STL,6.0,1740.08,5,290.0133333333333
GNV,STT,5.0,1199.85,5,239.96999999999997
GNV,STX,1.0,345.0,1,345.0
GNV,SWO,1.0,295.5,1,295.5
GNV,TUS,9.0,4639.23,9,515.4699999999999
GNV,XNA,3.0,1211.5700000000002,3,403.85666666666674
GPT,ABI,8.0,2852.5,6,356.5625
GPT,ABQ,8.0,2082.11,7,260.26375
GPT,AMA,2.0,762.0,2,381.0
GPT,ANC,10.0,3751.19,10,375.119
GPT,ASE,1.0,311.0,1,311.0
GPT,ATW,4.0,1067.0,4,266.75
GPT,AUS,14.0,2115.76,13,151.1257142857143
GPT,BFL,5.0,1372.17,5,274.434
GPT,BIL,6.0,1931.1399999999999,6,321.8566666666666
GPT,BIS,4.0,1300.0,4,325.0
GPT,BOI,2.0,641.0,2,320.5
GPT,BPT,1.0,353.0,1,353.0
GPT,BUR,2.0,767.5,2,383.75
GPT,BWI,1.0,385.0,1,385.0
GPT,BZN,4.0,3359.0,4,839.75
GPT,CID,2.0,416.93,2,208.465
GPT,CLE,1.0,223.0,1,223.0
GPT,CLT,2.0,186.34,2,93.17
GPT,COS,5.0,2062.5,5,412.5
GPT,COU,3.0,1009.95,3,336.65000000000003
GPT,CRP,6.0,1587.0,6,264.5
GPT,CVG,1.0,289.0,1,289.0
GPT,DAY,3.0,825.0,3,275.0
GPT,DEN,23.0,7601.5,21,330.5
GPT,DFW,207.0,54697.74,158,264.24028985507243
GPT,DRO,3.0,1176.0,3,392.0
GPT,DSM,5.0,1790.0,5,358.0
GPT,DTW,2.0,498.9,2,249.45
GPT,EGE,8.0,3849.5,8,481.1875
GPT,ELP,6.0,2045.0,6,340.8333333333333
GPT,EUG,1.0,381.0,1,381.0
GPT,EVV,2.0,798.51,2,399.255
GPT,EWN,1.0,963.83,1,963.83
GPT,FAT,2.0,992.0,2,496.0
GPT,FSD,3.0,1165.5,3,388.5
GPT,FSM,1.0,613.0,1,613.0
GPT,GGG,1.0,189.5,1,189.5
GPT,GJT,2.0,709.5,2,354.75
GPT,GRK,10.0,1885.5,9,188.55
GPT,GUC,1.0,275.5,1,275.5
GPT,HDN,2.0,463.5,2,231.75
GPT,HNL,10.0,6786.5,9,678.65
GPT,HOU,3.0,1040.0,3,346.6666666666667
GPT,IAH,3.0,708.5,3,236.16666666666666
GPT,ICT,8.0,2385.5,8,298.1875
GPT,IDA,2.0,1031.06,2,515.53
GPT,IND,4.0,1117.06,4,279.265
GPT,JAC,4.0,1502.5,4,375.625
GPT,JFK,1.0,1184.0,1,1184.0
GPT,LAS,25.0,9102.04,23,364.08160000000004
GPT,LAX,10.0,4466.38,9,446.63800000000003
GPT,LBB,6.0,1415.0,6,235.83333333333334
GPT,LEX,3.0,888.8199999999999,3,296.2733333333333
GPT,LGA,1.0,558.0,1,558.0
GPT,LIT,5.0,1585.0,5,317.0
GPT,MAF,9.0,2522.09,7,280.2322222222222
GPT,MCI,7.0,2512.54,7,358.9342857142857
GPT,MFE,1.0,579.0,1,579.0
GPT,MHK,1.0,499.0,1,499.0
GPT,MKE,6.0,2737.0,6,456.1666666666667
GPT,MLI,2.0,631.4,2,315.7
GPT,MRY,4.0,1257.5,4,314.375
GPT,MSN,1.0,5.58,1,5.58
GPT,MSP,4.0,1317.0,4,329.25
GPT,MTJ,3.0,388.5,3,129.5
GPT,OGG,1.0,531.0,1,531.0
GPT,OKC,12.0,2420.57,11,201.71416666666667
GPT,OMA,3.0,963.0,3,321.0
GPT,OME,1.0,1243.0,1,1243.0
GPT,ONT,9.0,2771.0,9,307.8888888888889
GPT,ORD,6.0,2457.6,5,409.59999999999997
GPT,ORF,1.0,602.0,1,602.0
GPT,PDX,13.0,4527.13,11,348.2407692307692
GPT,PHL,3.0,3359.8,3,1119.9333333333334
GPT,PHX,18.0,6861.03,18,381.1683333333333
GPT,PIT,1.0,493.2,1,493.2
GPT,PSP,5.0,2186.0,5,437.2
GPT,RAP,6.0,2820.05,6,470.0083333333334
GPT,RNO,4.0,1296.0,4,324.0
GPT,SAF,2.0,466.0,2,233.0
GPT,SAN,31.0,10665.86,27,344.06
GPT,SAT,12.0,3308.54,9,275.71166666666664
GPT,SBA,3.0,1316.5,3,438.8333333333333
GPT,SBP,2.0,1275.0,2,637.5
GPT,SDF,3.0,578.48,3,192.82666666666668
GPT,SEA,16.0,4866.5,14,304.15625
GPT,SFO,11.0,3776.51,11,343.3190909090909
GPT,SGF,3.0,1096.5,3,365.5
GPT,SHV,1.0,464.0,1,464.0
GPT,SJC,5.0,1278.0,5,255.6
GPT,SJT,2.0,818.0,2,409.0
GPT,SLC,8.0,2515.5,8,314.4375
GPT,SMF,8.0,3093.6800000000003,7,386.71000000000004
GPT,SNA,8.0,2903.5,7,362.9375
GPT,SPI,1.0,233.5,1,233.5
GPT,SPS,1.0,215.5,1,215.5
GPT,STL,3.0,1073.6,3,357.8666666666666
GPT,STS,1.0,416.0,1,416.0
GPT,SWO,2.0,458.62,2,229.31
GPT,SYR,1.0,218.18,1,218.18
GPT,TUL,4.0,848.0,4,212.0
GPT,TUS,5.0,1338.5,5,267.7
GPT,XNA,4.0,1512.6399999999999,4,378.15999999999997
GPT,YUM,1.0,1547.0,1,1547.0
GRB,AEX,1.0,254.0,1,254.0
GRB,AGS,1.0,921.0,1,921.0
GRB,ALB,1.0,371.0,1,371.0
GRB,ATL,7.0,2612.5,7,373.2142857142857
GRB,AUS,12.0,4762.5,12,396.875
GRB,AVP,1.0,420.5,1,420.5
GRB,BDL,1.0,288.0,1,288.0
GRB,BGR,1.0,453.0,1,453.0
GRB,BHM,2.0,986.5,2,493.25
GRB,BMI,1.0,179.0,1,179.0
GRB,BNA,9.0,2884.5,9,320.5
GRB,BOS,3.0,943.0,3,314.3333333333333
GRB,BUF,1.0,250.5,1,250.5
GRB,BWI,5.0,2221.0,5,444.2
GRB,BZN,4.0,1731.0,4,432.75
GRB,CAE,1.0,457.0,1,457.0
GRB,CHS,1.0,568.0,1,568.0
GRB,CLE,4.0,1409.5,4,352.375
GRB,CLT,6.0,3573.96,6,595.66
GRB,CMH,9.0,2803.2,9,311.46666666666664
GRB,CRP,1.0,313.0,1,313.0
GRB,CVG,6.0,1440.0,1,240.0
GRB,DAB,2.0,1171.0,2,585.5
GRB,DCA,9.0,2698.4700000000003,9,299.83000000000004
GRB,DEN,2.0,347.5,2,173.75
GRB,DFW,26.0,10926.78,24,420.26076923076926
GRB,DRT,1.0,413.0,1,413.0
GRB,DSM,1.0,439.0,1,439.0
GRB,DTW,1.0,529.0,1,529.0
GRB,ELP,1.0,772.0,1,772.0
GRB,EWR,5.0,1696.98,5,339.396
GRB,EYW,7.0,2048.22,7,292.6028571428571
GRB,FLL,4.0,1412.0,4,353.0
GRB,FSD,1.0,438.0,1,438.0
GRB,GJT,1.0,355.0,1,355.0
GRB,GRR,2.0,708.0,2,354.0
GRB,GSO,1.0,234.0,1,234.0
GRB,HNL,2.0,674.44,2,337.22
GRB,HPN,4.0,2239.0,4,559.75
GRB,IAH,7.0,2994.9700000000003,7,427.8528571428572
GRB,ICT,4.0,1528.52,4,382.13
GRB,ILM,3.0,1123.85,3,374.6166666666666
GRB,IND,3.0,1104.0,3,368.0
GRB,JAN,1.0,400.6,1,400.6
GRB,JAX,5.0,2518.67,5,503.73400000000004
GRB,KOA,2.0,982.5,2,491.25
GRB,LAS,15.0,6309.07,13,420.6046666666667
GRB,LAX,13.0,4551.46,13,350.1123076923077
GRB,LEX,2.0,674.0,2,337.0
GRB,LFT,1.0,300.5,1,300.5
GRB,LGA,7.0,2252.83,6,321.8328571428571
GRB,LIH,1.0,489.7,1,489.7
GRB,LIT,7.0,2224.0,7,317.7142857142857
GRB,MAF,1.0,582.0,1,582.0
GRB,MCI,2.0,423.5,2,211.75
GRB,MCO,36.0,11050.46,33,306.9572222222222
GRB,MDT,2.0,570.0,2,285.0
GRB,MFE,1.0,255.5,1,255.5
GRB,MGM,1.0,644.0,1,644.0
GRB,MHK,1.0,173.11,1,173.11
GRB,MIA,17.0,6648.58,16,391.09294117647056
GRB,MLI,1.0,450.0,1,450.0
GRB,MSY,5.0,2198.5,4,439.7
GRB,OKC,6.0,2671.5,5,445.25
GRB,OMA,5.0,1616.5,5,323.3
GRB,ORD,7.0,1237.0,7,176.71428571428572
GRB,ORF,3.0,658.5,3,219.5
GRB,PBI,3.0,1237.95,3,412.65000000000003
GRB,PHL,8.0,5244.0,8,655.5
GRB,PHX,15.0,6392.22,15,426.148
GRB,PIT,5.0,1941.5,5,388.3
GRB,PNS,1.0,1029.0,1,1029.0
GRB,PSP,3.0,1230.5,3,410.1666666666667
GRB,PVD,2.0,887.0,2,443.5
GRB,RDU,4.0,1424.0,4,356.0
GRB,RIC,5.0,1652.0,5,330.4
GRB,RNO,1.0,376.0,1,376.0
GRB,ROC,2.0,618.0,2,309.0
GRB,RSW,11.0,3745.0,11,340.45454545454544
GRB,SAN,25.0,9306.5,21,372.26
GRB,SAT,14.0,5321.68,14,380.12
GRB,SAV,1.0,262.0,1,262.0
GRB,SBA,1.0,624.0,1,624.0
GRB,SDF,1.0,314.5,1,314.5
GRB,SEA,2.0,1161.0,2,580.5
GRB,SFO,8.0,4521.31,7,565.16375
GRB,SGF,4.0,1200.5,4,300.125
GRB,SJU,15.0,5745.38,13,383.0253333333333
GRB,SLC,3.0,1580.5,3,526.8333333333334
GRB,SMF,2.0,1249.0,2,624.5
GRB,SNA,8.0,3310.5,8,413.8125
GRB,SRQ,6.0,3422.07,6,570.345
GRB,STL,6.0,2470.0,5,411.6666666666667
GRB,STT,1.0,669.0,1,669.0
GRB,TPA,26.0,8724.16,24,335.5446153846154
GRB,TRI,1.0,1034.0,1,1034.0
GRB,TUL,4.0,2013.0,4,503.25
GRB,TUS,13.0,5269.5,12,405.34615384615387
GRB,TYS,6.0,1975.0,6,329.1666666666667
GRB,VPS,4.0,1597.28,4,399.32
GRB,XNA,7.0,1752.0,7,250.28571428571428
GRB,YUM,1.0,428.39,1,428.39
GRI,AGS,1.0,409.0,1,409.0
GRI,BRO,1.0,280.0,1,280.0
GRI,FSM,1.0,244.0,1,244.0
GRI,HOU,1.0,450.5,1,450.5
GRI,SAF,1.0,191.5,1,191.5
GRI,SGF,2.0,548.0,2,274.0
GRI,XNA,1.0,350.5,1,350.5
GRK,ABQ,3.0,894.5,3,298.1666666666667
GRK,AEX,3.0,1161.0,3,387.0
GRK,AGS,6.0,2118.5,5,353.0833333333333
GRK,ALB,5.0,2018.42,5,403.684
GRK,AMA,2.0,455.5,2,227.75
GRK,ANC,2.0,1057.0,2,528.5
GRK,ASE,1.0,717.5,1,717.5
GRK,ATL,39.0,12780.5,31,327.70512820512823
GRK,ATW,1.0,332.0,1,332.0
GRK,AVP,1.0,1116.0,1,1116.0
GRK,BHM,7.0,2293.0,7,327.57142857142856
GRK,BIL,1.0,5.5,1,5.5
GRK,BIS,1.0,248.5,1,248.5
GRK,BKW,1.0,407.0,1,407.0
GRK,BNA,27.0,6644.0,23,246.07407407407408
GRK,BOI,2.0,1227.0,2,613.5
GRK,BOS,8.0,2122.0,7,265.25
GRK,BRO,1.0,239.0,1,239.0
GRK,BTR,6.0,1019.5,6,169.91666666666666
GRK,BWI,6.0,3885.56,6,647.5933333333334
GRK,BZN,1.0,333.64,1,333.64
GRK,CAE,9.0,3977.5,9,441.94444444444446
GRK,CHA,1.0,293.5,1,293.5
GRK,CHO,1.0,478.0,1,478.0
GRK,CHS,2.0,481.5,2,240.75
GRK,CID,4.0,1692.0,4,423.0
GRK,CLE,11.0,3711.5,11,337.40909090909093
GRK,CLT,9.0,3855.65,9,428.40555555555557
GRK,CMH,6.0,1527.5,5,254.58333333333334
GRK,CMI,1.0,298.0,1,298.0
GRK,COS,11.0,3362.0,9,305.6363636363636
GRK,COU,2.0,439.0,2,219.5
GRK,CRW,1.0,1190.0,1,1190.0
GRK,CSG,4.0,1022.0,4,255.5
GRK,CVG,2.0,451.0,2,225.5
GRK,DAY,4.0,1254.0,4,313.5
GRK,DCA,18.0,6956.1900000000005,17,386.45500000000004
GRK,DEN,7.0,1994.6399999999999,7,284.9485714285714
GRK,DFW,7.0,1831.0,7,261.57142857142856
GRK,DRO,1.0,347.0,1,347.0
GRK,DSM,1.0,199.0,1,199.0
GRK,DTW,3.0,888.0,3,296.0
GRK,EGE,1.0,1172.0,1,1172.0
GRK,ELP,14.0,4968.5,14,354.89285714285717
GRK,EVV,2.0,492.5,2,246.25
GRK,EWR,6.0,2133.0,6,355.5
GRK,FAI,4.0,2600.0,2,650.0
GRK,FAT,9.0,2367.5,9,263.05555555555554
GRK,FAY,21.0,7159.84,20,340.9447619047619
GRK,FLG,1.0,545.0,1,545.0
GRK,FLL,6.0,1390.0,6,231.66666666666666
GRK,FNT,3.0,1689.0,2,563.0
GRK,FSM,1.0,239.0,1,239.0
GRK,FWA,1.0,364.0,1,364.0
GRK,GJT,1.0,5.5,1,5.5
GRK,GNV,1.0,404.0,1,404.0
GRK,GPT,9.0,1826.5,8,202.94444444444446
GRK,GRB,1.0,703.0,1,703.0
GRK,GRR,4.0,2010.0,3,502.5
GRK,GSO,2.0,371.73,2,185.865
GRK,GSP,2.0,495.0,2,247.5
GRK,HNL,4.0,2656.62,4,664.155
GRK,HOU,1.0,244.0,1,244.0
GRK,HSV,10.0,3030.5,9,303.05
GRK,HTS,1.0,689.0,1,689.0
GRK,IAD,1.0,332.5,1,332.5
GRK,IAH,2.0,471.0,2,235.5
GRK,ICT,5.0,1089.5,5,217.9
GRK,IND,12.0,3830.0,11,319.1666666666667
GRK,ITO,1.0,694.5,1,694.5
GRK,JAC,1.0,467.5,1,467.5
GRK,JAN,5.0,1282.0,5,256.4
GRK,JAX,1.0,470.0,1,470.0
GRK,JFK,3.0,1289.0,3,429.6666666666667
GRK,LAS,8.0,2364.19,8,295.52375
GRK,LAW,2.0,618.5,2,309.25
GRK,LAX,17.0,3781.5699999999997,15,222.44529411764705
GRK,LBB,3.0,567.95,3,189.3166666666667
GRK,LCH,1.0,446.0,1,446.0
GRK,LEX,3.0,963.0,3,321.0
GRK,LGA,6.0,1755.0,6,292.5
GRK,LGB,2.0,723.0,2,361.5
GRK,LIT,5.0,1234.0,5,246.8
GRK,LSE,4.0,2380.38,4,595.095
GRK,LYH,1.0,568.0,1,568.0
GRK,MAF,2.0,657.0,2,328.5
GRK,MCI,7.0,3131.0,7,447.2857142857143
GRK,MCO,12.0,3577.05,12,298.08750000000003
GRK,MDT,1.0,307.64,1,307.64
GRK,MEM,3.0,615.5,3,205.16666666666666
GRK,MFE,3.0,592.5,3,197.5
GRK,MGM,2.0,552.0,2,276.0
GRK,MHK,16.0,6040.74,13,377.54625
GRK,MHT,1.0,437.73,1,437.73
GRK,MIA,4.0,1472.62,4,368.155
GRK,MKE,5.0,1447.5,5,289.5
GRK,MLI,6.0,2767.88,6,461.31333333333333
GRK,MSN,2.0,640.5,2,320.25
GRK,MSP,10.0,3420.81,7,342.081
GRK,MSY,4.0,979.5,4,244.875
GRK,OGG,1.0,575.0,1,575.0
GRK,OKC,3.0,728.5,3,242.83333333333334
GRK,OMA,5.0,989.0,5,197.8
GRK,ONT,17.0,6132.14,17,360.71411764705886
GRK,ORD,13.0,5359.0,10,412.2307692307692
GRK,ORF,9.0,4039.73,7,448.8588888888889
GRK,PBI,2.0,1014.0,2,507.0
GRK,PDX,8.0,2237.87,8,279.73375
GRK,PHL,10.0,4057.4700000000003,10,405.747
GRK,PHX,5.0,1519.0,5,303.8
GRK,PIT,9.0,2808.5,9,312.05555555555554
GRK,PNS,2.0,524.0,2,262.0
GRK,PSP,1.0,290.5,1,290.5
GRK,RAP,2.0,799.5,2,399.75
GRK,RDU,20.0,5432.78,19,271.639
GRK,RIC,7.0,3444.5,6,492.07142857142856
GRK,ROA,3.0,1440.4,2,480.1333333333334
GRK,ROC,1.0,372.0,1,372.0
GRK,ROW,1.0,666.0,1,666.0
GRK,SAN,11.0,3278.86,10,298.0781818181818
GRK,SAV,5.0,1632.5,5,326.5
GRK,SBA,1.0,368.61,1,368.61
GRK,SBN,1.0,432.0,1,432.0
GRK,SBP,1.0,216.5,1,216.5
GRK,SDF,4.0,1329.5,4,332.375
GRK,SEA,16.0,6706.5,12,419.15625
GRK,SFO,7.0,1967.33,7,281.04714285714283
GRK,SGF,3.0,1676.0,3,558.6666666666666
GRK,SJC,2.0,455.0,2,227.5
GRK,SJU,7.0,2006.5,7,286.64285714285717
GRK,SLC,5.0,1119.15,5,223.83
GRK,SMF,5.0,1590.0,5,318.0
GRK,SNA,7.0,1999.5,7,285.64285714285717
GRK,SPI,2.0,422.0,2,211.0
GRK,STL,9.0,1994.5,8,221.61111111111111
GRK,STX,2.0,936.0,2,468.0
GRK,SWO,1.0,343.0,1,343.0
GRK,SYR,1.0,268.81,1,268.81
GRK,TLH,2.0,1147.0,2,573.5
GRK,TPA,5.0,1896.5,5,379.3
GRK,TRI,1.0,533.0,1,533.0
GRK,TUL,1.0,5.0,1,5.0
GRK,TUS,11.0,3869.0,10,351.72727272727275
GRK,TVC,1.0,764.0,1,764.0
GRK,TYS,3.0,1163.0,3,387.6666666666667
GRK,VPS,3.0,637.0,3,212.33333333333334
GRK,YUM,2.0,1407.0,2,703.5
GRR,ABE,3.0,1039.0,3,346.3333333333333
GRR,ABI,2.0,298.5,2,149.25
GRR,ABQ,7.0,1165.3899999999999,6,166.4842857142857
GRR,ACT,2.0,588.0,2,294.0
GRR,ALB,2.0,482.25,2,241.125
GRR,ALO,2.0,708.0,2,354.0
GRR,AMA,1.0,441.0,1,441.0
GRR,ANC,8.0,3127.04,6,390.88
GRR,ASE,2.0,883.88,2,441.94
GRR,ATL,6.0,1405.18,6,234.1966666666667
GRR,ATW,2.0,559.5,2,279.75
GRR,ATY,1.0,397.0,1,397.0
GRR,AUS,45.0,11895.2,44,264.3377777777778
GRR,BDL,8.0,2113.44,8,264.18
GRR,BHM,8.0,2916.2200000000003,8,364.52750000000003
GRR,BNA,30.0,9018.96,27,300.63199999999995
GRR,BOI,2.0,702.9300000000001,2,351.46500000000003
GRR,BOS,11.0,2742.59,11,249.32636363636365
GRR,BRO,4.0,1314.17,4,328.5425
GRR,BTR,1.0,265.0,1,265.0
GRR,BUF,3.0,743.0,3,247.66666666666666
GRR,BUR,3.0,1447.46,3,482.4866666666667
GRR,BWI,6.0,1800.67,6,300.1116666666667
GRR,BZN,8.0,2182.26,8,272.7825
GRR,CAE,1.0,487.0,1,487.0
GRR,CGI,1.0,210.0,1,210.0
GRR,CHS,3.0,565.8199999999999,3,188.60666666666665
GRR,CID,3.0,1133.0,3,377.6666666666667
GRR,CLE,4.0,927.0,4,231.75
GRR,CLL,1.0,266.47,1,266.47
GRR,CLT,13.0,3853.71,13,296.4392307692308
GRR,CMH,7.0,1818.5,7,259.7857142857143
GRR,COU,2.0,484.0,2,242.0
GRR,CRP,10.0,3142.36,10,314.236
GRR,CVG,6.0,1614.5,4,269.0833333333333
GRR,CWA,1.0,444.0,1,444.0
GRR,DAY,1.0,271.0,1,271.0
GRR,DCA,26.0,9736.05,26,374.4634615384615
GRR,DEN,18.0,4331.35,18,240.6305555555556
GRR,DFW,274.0,89338.99,227,326.0547080291971
GRR,DSM,12.0,2996.79,12,249.7325
GRR,ECP,2.0,535.5,2,267.75
GRR,ELP,13.0,4274.99,13,328.8453846153846
GRR,EWR,2.0,894.0,2,447.0
GRR,EYW,9.0,3719.14,9,413.23777777777775
GRR,FAI,1.0,598.0,1,598.0
GRR,FAR,3.0,1114.0,3,371.3333333333333
GRR,FAT,5.0,1804.78,5,360.956
GRR,FLG,1.0,377.0,1,377.0
GRR,FLL,9.0,2379.27,8,264.36333333333334
GRR,FSD,5.0,2187.5,5,437.5
GRR,GEG,3.0,1254.0,3,418.0
GRR,GJT,1.0,143.5,1,143.5
GRR,GNV,1.0,1114.0,1,1114.0
GRR,GPT,1.0,384.0,1,384.0
GRR,GRB,1.0,269.0,1,269.0
GRR,GRK,1.0,559.0,1,559.0
GRR,GSO,4.0,939.51,4,234.8775
GRR,GSP,8.0,2024.43,8,253.05375
GRR,HNL,5.0,2205.38,5,441.076
GRR,HOU,2.0,901.0,2,450.5
GRR,HPN,5.0,1088.16,5,217.632
GRR,HRL,9.0,2916.18,9,324.02
GRR,HSV,9.0,2151.55,9,239.06111111111113
GRR,IAH,12.0,3692.23,12,307.68583333333333
GRR,ICT,5.0,1218.0,5,243.6
GRR,IDA,1.0,562.0,1,562.0
GRR,IND,8.0,1814.5,8,226.8125
GRR,JAC,8.0,3466.61,8,433.32625
GRR,JAN,1.0,576.0,1,576.0
GRR,JAX,7.0,1762.51,7,251.78714285714287
GRR,JFK,1.0,743.0,1,743.0
GRR,JNU,2.0,2035.0,2,1017.5
GRR,KOA,2.0,921.0799999999999,2,460.53999999999996
GRR,LAS,47.0,16986.04,42,361.4051063829787
GRR,LAX,47.0,16418.82,44,349.33659574468084
GRR,LBB,2.0,1190.0,2,595.0
GRR,LEX,4.0,425.0,4,106.25
GRR,LFT,1.0,5.0,1,5.0
GRR,LGA,8.0,2510.12,8,313.765
GRR,LGB,1.0,5.43,1,5.43
GRR,LIH,4.0,1029.63,4,257.4075
GRR,LIT,11.0,3112.33,11,282.9390909090909
GRR,LSE,2.0,798.0,2,399.0
GRR,MAF,3.0,1562.85,3,520.9499999999999
GRR,MCI,9.0,3022.27,9,335.8077777777778
GRR,MCO,47.0,13458.92,43,286.36
GRR,MDT,3.0,786.22,3,262.0733333333333
GRR,MEM,6.0,1557.0,6,259.5
GRR,MFE,10.0,2268.34,10,226.834
GRR,MFR,1.0,11.0,1,11.0
GRR,MHK,3.0,994.5,3,331.5
GRR,MHT,1.0,658.0,1,658.0
GRR,MIA,40.0,13402.99,39,335.07475
GRR,MKE,4.0,1230.5,4,307.625
GRR,MLI,2.0,877.7,2,438.85
GRR,MQT,2.0,463.5,2,231.75
GRR,MRY,1.0,723.46,1,723.46
GRR,MSN,1.0,373.0,1,373.0
GRR,MSP,1.0,446.0,1,446.0
GRR,MSY,7.0,2162.32,7,308.90285714285716
GRR,OGG,2.0,605.1400000000001,2,302.57000000000005
GRR,OKC,7.0,2057.08,7,293.86857142857144
GRR,OMA,8.0,2425.0,8,303.125
GRR,ONT,5.0,1960.42,5,392.084
GRR,ORD,66.0,16152.5,55,244.7348484848485
GRR,ORF,3.0,703.37,3,234.45666666666668
GRR,PBI,5.0,1095.83,5,219.166
GRR,PDX,6.0,2460.0,5,410.0
GRR,PHX,22.0,6885.28,21,312.9672727272727
GRR,PIT,11.0,3459.66,11,314.51454545454544
GRR,PSP,14.0,3601.43,13,257.245
GRR,PVD,2.0,547.0,2,273.5
GRR,RAP,1.0,334.5,1,334.5
GRR,RDU,12.0,3166.2,11,263.84999999999997
GRR,RIC,3.0,892.22,3,297.4066666666667
GRR,RST,4.0,1124.5,4,281.125
GRR,RSW,19.0,5752.84,18,302.781052631579
GRR,SAN,23.0,6485.66,22,281.98521739130433
GRR,SAT,24.0,6754.9800000000005,23,281.45750000000004
GRR,SBA,1.0,186.0,1,186.0
GRR,SBP,5.0,1292.92,5,258.584
GRR,SDF,1.0,218.0,1,218.0
GRR,SEA,18.0,5690.26,16,316.1255555555556
GRR,SFO,8.0,2756.07,8,344.50875
GRR,SGF,9.0,3130.11,9,347.79
GRR,SJC,2.0,749.0799999999999,2,374.53999999999996
GRR,SJT,1.0,249.0,1,249.0
GRR,SJU,11.0,5078.48,10,461.67999999999995
GRR,SLC,9.0,3818.42,8,424.2688888888889
GRR,SMF,5.0,1578.12,5,315.62399999999997
GRR,SNA,20.0,6459.46,20,322.973
GRR,SPS,2.0,1149.5,2,574.75
GRR,SRQ,4.0,1410.8600000000001,4,352.71500000000003
GRR,STL,10.0,2967.0,10,296.7
GRR,STT,7.0,3403.66,7,486.2371428571428
GRR,SYR,3.0,720.77,3,240.25666666666666
GRR,TPA,13.0,4221.11,13,324.7007692307692
GRR,TUL,10.0,2805.47,9,280.54699999999997
GRR,TUS,12.0,4581.75,12,381.8125
GRR,TYR,1.0,280.41,1,280.41
GRR,TYS,7.0,1890.41,7,270.05857142857144
GRR,XNA,24.0,7654.89,24,318.95375
GSO,ABI,1.0,338.5,1,338.5
GSO,ABQ,3.0,531.44,2,177.14666666666668
GSO,AMA,1.0,319.5,1,319.5
GSO,ANC,3.0,786.06,3,262.02
GSO,ATW,3.0,610.89,3,203.63
GSO,AUS,7.0,1939.5900000000001,7,277.0842857142857
GSO,AZO,1.0,208.5,1,208.5
GSO,BDL,2.0,434.0,2,217.0
GSO,BHM,1.0,263.5,1,263.5
GSO,BIL,2.0,573.5,2,286.75
GSO,BUF,1.0,5.0,1,5.0
GSO,BZN,3.0,863.24,3,287.74666666666667
GSO,CID,4.0,837.0300000000001,4,209.25750000000002
GSO,CLE,1.0,264.0,1,264.0
GSO,CMH,3.0,781.04,3,260.34666666666664
GSO,CMI,1.0,250.5,1,250.5
GSO,COU,2.0,169.66,2,84.83
GSO,CRP,1.0,338.0,1,338.0
GSO,CVG,1.0,63.26,1,63.26
GSO,CWA,1.0,232.0,1,232.0
GSO,DAY,1.0,221.91,1,221.91
GSO,DCA,31.0,6003.91,27,193.67451612903224
GSO,DEN,1.0,730.6,1,730.6
GSO,DFW,1.0,461.35,1,461.35
GSO,DRO,1.0,289.0,1,289.0
GSO,DSM,3.0,449.82,3,149.94
GSO,DTW,2.0,692.23,2,346.115
GSO,EGE,1.0,5.0,1,5.0
GSO,ELP,2.0,768.94,2,384.47
GSO,EYW,3.0,1059.44,3,353.1466666666667
GSO,FAR,7.0,2134.68,7,304.9542857142857
GSO,FLL,1.0,534.62,1,534.62
GSO,FNT,1.0,5.5,1,5.5
GSO,FSD,2.0,745.44,2,372.72
GSO,FSM,2.0,920.5,2,460.25
GSO,FWA,2.0,528.41,2,264.205
GSO,GJT,1.0,190.5,1,190.5
GSO,GRB,2.0,676.0,2,338.0
GSO,GRK,2.0,369.27,2,184.635
GSO,GRR,3.0,621.49,3,207.16333333333333
GSO,HOU,1.0,358.0,1,358.0
GSO,HPN,2.0,516.0,1,258.0
GSO,IAH,7.0,1734.19,7,247.74142857142857
GSO,ICT,2.0,487.87,2,243.935
GSO,IND,4.0,901.48,3,225.37
GSO,JAC,8.0,1938.1799999999998,8,242.27249999999998
GSO,JAX,1.0,121.5,1,121.5
GSO,LAN,2.0,289.91999999999996,2,144.95999999999998
GSO,LAS,25.0,9391.36,24,375.6544
GSO,LAW,1.0,435.76,1,435.76
GSO,LAX,10.0,3810.65,10,381.065
GSO,LEX,1.0,217.5,1,217.5
GSO,LGA,1.0,113.5,1,113.5
GSO,LIT,3.0,966.0,3,322.0
GSO,LSE,2.0,677.0,2,338.5
GSO,MAF,1.0,421.04,1,421.04
GSO,MCI,4.0,832.1,4,208.025
GSO,MCO,1.0,434.34,1,434.34
GSO,MHK,4.0,802.28,4,200.57
GSO,MHT,2.0,431.0,2,215.5
GSO,MIA,141.0,45037.41,119,319.41425531914894
GSO,MKE,3.0,654.72,3,218.24
GSO,MQT,1.0,242.0,1,242.0
GSO,MSN,5.0,1385.54,5,277.108
GSO,MSP,6.0,1438.75,6,239.79166666666666
GSO,MSY,1.0,5.0,1,5.0
GSO,OKC,1.0,348.17,1,348.17
GSO,OMA,6.0,1367.79,6,227.965
GSO,ORD,349.0,63085.55,201,180.76088825214902
GSO,PHL,1.0,95.74,1,95.74
GSO,PHX,7.0,2393.72,7,341.96
GSO,PIA,5.0,1058.49,5,211.698
GSO,PSP,9.0,3066.0699999999997,9,340.6744444444444
GSO,PVD,1.0,337.04,1,337.04
GSO,RAP,2.0,924.7,2,462.35
GSO,RST,5.0,1421.5,5,284.3
GSO,SAN,4.0,967.3,4,241.825
GSO,SAT,4.0,466.14,2,116.535
GSO,SDF,2.0,631.0,2,315.5
GSO,SEA,2.0,1177.88,2,588.94
GSO,SFO,6.0,1513.67,6,252.27833333333334
GSO,SGF,7.0,2692.29,7,384.61285714285714
GSO,SJT,1.0,554.0,1,554.0
GSO,SJU,7.0,2051.19,7,293.02714285714285
GSO,SLC,9.0,3228.66,9,358.74
GSO,SNA,13.0,3801.01,13,292.3853846153846
GSO,SPS,1.0,270.21,1,270.21
GSO,STL,5.0,1015.13,5,203.026
GSO,STT,16.0,3689.79,14,230.611875
GSO,STX,8.0,3126.0,7,390.75
GSO,SYR,2.0,263.44,2,131.72
GSO,TPA,1.0,399.35,1,399.35
GSO,TUS,2.0,592.28,2,296.14
GSO,TVC,3.0,712.0,3,237.33333333333334
GSO,XNA,7.0,1787.97,7,255.42428571428573
GSP,ABE,2.0,499.58000000000004,2,249.79000000000002
GSP,ABI,5.0,1818.5,5,363.7
GSP,ALB,2.0,453.6,2,226.8
GSP,ALO,1.0,589.0,1,589.0
GSP,ANC,2.0,1867.0,2,933.5
GSP,ATW,2.0,644.59,2,322.295
GSP,AUS,8.0,2274.13,8,284.26625
GSP,AVP,1.0,334.5,1,334.5
GSP,BDL,1.0,515.0,1,515.0
GSP,BHM,2.0,547.5,2,273.75
GSP,BIL,1.0,248.5,1,248.5
GSP,BMI,2.0,351.86,2,175.93
GSP,BNA,7.0,1508.0,7,215.42857142857142
GSP,BOI,2.0,854.0,2,427.0
GSP,BOS,5.0,1465.41,5,293.082
GSP,BUF,1.0,234.59,1,234.59
GSP,CID,5.0,1718.85,5,343.77
GSP,CLE,3.0,631.5,3,210.5
GSP,CMH,10.0,2180.7,10,218.07
GSP,CMI,2.0,490.5,2,245.25
GSP,COU,2.0,484.5,2,242.25
GSP,CVG,9.0,1888.3899999999999,4,209.8211111111111
GSP,CWA,2.0,525.88,2,262.94
GSP,DAB,2.0,349.0,2,174.5
GSP,DAY,3.0,986.5,2,328.8333333333333
GSP,DCA,6.0,1373.0,6,228.83333333333334
GSP,DEN,9.0,2142.08,9,238.0088888888889
GSP,DFW,15.0,4615.75,15,307.71666666666664
GSP,DSM,7.0,1283.9,6,183.41428571428574
GSP,DTW,1.0,347.38,1,347.38
GSP,ECP,1.0,159.0,1,159.0
GSP,ELP,1.0,426.0,1,426.0
GSP,EYW,7.0,1982.6399999999999,7,283.2342857142857
GSP,FAI,4.0,1422.01,3,355.5025
GSP,FAR,3.0,1675.38,3,558.46
GSP,FLL,8.0,1679.55,8,209.94375
GSP,FNT,1.0,192.34,1,192.34
GSP,FSM,1.0,499.0,1,499.0
GSP,FWA,3.0,997.0,3,332.3333333333333
GSP,GNV,1.0,225.5,1,225.5
GSP,GRB,2.0,1126.0,1,563.0
GSP,GRK,1.0,301.0,1,301.0
GSP,GRR,9.0,2352.57,9,261.3966666666667
GSP,HHH,1.0,218.0,1,218.0
GSP,HOU,1.0,192.0,1,192.0
GSP,IAH,7.0,2210.21,7,315.7442857142857
GSP,ICT,2.0,319.34,2,159.67
GSP,IND,7.0,1119.91,5,159.98714285714286
GSP,JAC,1.0,300.08,1,300.08
GSP,JAX,1.0,157.0,1,157.0
GSP,JFK,1.0,5.5,1,5.5
GSP,LAN,5.0,1533.85,5,306.77
GSP,LAS,9.0,4238.74,8,470.9711111111111
GSP,LAW,2.0,757.39,2,378.695
GSP,LAX,14.0,6280.79,14,448.6278571428571
GSP,LEX,1.0,133.22,1,133.22
GSP,LGA,1.0,7.51,1,7.51
GSP,LIT,4.0,1281.33,4,320.3325
GSP,LSE,2.0,529.01,2,264.505
GSP,MAF,2.0,577.5,2,288.75
GSP,MCI,1.0,530.0,1,530.0
GSP,MCO,18.0,3199.5,16,177.75
GSP,MEM,2.0,438.5,2,219.25
GSP,MFR,2.0,851.65,2,425.825
GSP,MHK,7.0,2018.58,7,288.36857142857144
GSP,MIA,183.0,52788.91,155,288.46398907103827
GSP,MKE,5.0,1237.1,5,247.42
GSP,MKG,1.0,215.64,1,215.64
GSP,MLI,4.0,1461.4,4,365.35
GSP,MSN,4.0,745.8199999999999,4,186.45499999999998
GSP,MSO,1.0,291.5,1,291.5
GSP,MSP,10.0,2405.77,10,240.577
GSP,MSY,6.0,1362.0,6,227.0
GSP,OMA,5.0,1228.05,5,245.60999999999999
GSP,OME,1.0,613.0,1,613.0
GSP,ORD,202.0,40580.41,145,200.8931188118812
GSP,ORF,1.0,289.5,1,289.5
GSP,PBI,2.0,438.5,2,219.25
GSP,PHL,1.0,380.5,1,380.5
GSP,PHX,8.0,2177.44,8,272.18
GSP,PIA,5.0,875.26,5,175.052
GSP,PVD,3.0,311.5,2,103.83333333333333
GSP,RAP,2.0,793.0,2,396.5
GSP,RDU,1.0,220.5,1,220.5
GSP,RIC,1.0,296.0,1,296.0
GSP,ROA,1.0,5.5,1,5.5
GSP,ROC,1.0,270.37,1,270.37
GSP,RST,2.0,242.44,2,121.22
GSP,RSW,4.0,925.5,4,231.375
GSP,SAN,3.0,791.7,3,263.90000000000003
GSP,SAT,2.0,587.6800000000001,2,293.84000000000003
GSP,SBN,1.0,233.5,1,233.5
GSP,SDF,1.0,240.0,1,240.0
GSP,SEA,6.0,1573.0,5,262.1666666666667
GSP,SFO,11.0,2973.16,11,270.2872727272727
GSP,SGF,8.0,3233.31,8,404.16375
GSP,SHV,1.0,224.0,1,224.0
GSP,SJU,23.0,10602.24,20,460.9669565217391
GSP,SLC,7.0,3095.5,7,442.2142857142857
GSP,SNA,7.0,2160.05,6,308.5785714285715
GSP,SPS,1.0,589.0,1,589.0
GSP,SRQ,3.0,442.0,3,147.33333333333334
GSP,STL,10.0,2737.15,10,273.71500000000003
GSP,STT,13.0,4247.52,12,326.7323076923077
GSP,STX,7.0,2422.5,7,346.07142857142856
GSP,SYR,2.0,303.5,2,151.75
GSP,TPA,13.0,1748.12,12,134.47076923076924
GSP,TUL,3.0,945.79,3,315.2633333333333
GSP,TVC,1.0,397.0,1,397.0
GSP,XNA,7.0,1973.8,7,281.9714285714286
GUC,AGS,1.0,376.5,1,376.5
GUC,AVL,3.0,912.0,3,304.0
GUC,BTR,1.0,330.0,1,330.0
GUC,CHA,4.0,656.0,3,164.0
GUC,DAY,1.0,944.0,1,944.0
GUC,FSM,3.0,1253.5,3,417.8333333333333
GUC,GPT,1.0,275.5,1,275.5
GUC,HOU,1.0,221.0,1,221.0
GUC,JAN,3.0,1178.5,3,392.8333333333333
GUC,LIT,6.0,2541.5,6,423.5833333333333
GUC,MAF,1.0,274.5,1,274.5
GUC,MGM,2.0,542.5,2,271.25
GUC,PIA,1.0,337.5,1,337.5
GUC,PNS,1.0,338.5,1,338.5
GUC,SGF,1.0,292.5,1,292.5
GUC,SHV,1.0,468.0,1,468.0
GUC,TLH,1.0,293.5,1,293.5
GUC,XNA,2.0,510.5,2,255.25
HDN,AVL,1.0,550.5,1,550.5
HDN,BTR,10.0,3296.0,10,329.6
HDN,CHA,2.0,670.0,2,335.0
HDN,CRP,7.0,2166.0,7,309.42857142857144
HDN,CWA,1.0,887.0,1,887.0
HDN,EVV,2.0,764.5,2,382.25
HDN,GPT,2.0,463.5,2,231.75
HDN,HOU,1.0,5.5,1,5.5
HDN,HRL,1.0,211.5,1,211.5
HDN,HSV,1.0,316.0,1,316.0
HDN,JAN,7.0,2074.5,7,296.35714285714283
HDN,LCH,3.0,803.5,3,267.8333333333333
HDN,LFT,13.0,5329.5,12,409.96153846153845
HDN,LIT,4.0,1520.5,4,380.125
HDN,MGM,3.0,1035.0,2,345.0
HDN,MLI,1.0,557.5,1,557.5
HDN,MOB,1.0,655.5,1,655.5
HDN,PIA,1.0,229.5,1,229.5
HDN,SGF,5.0,1585.0,4,317.0
HDN,SHV,10.0,2201.0,9,220.1
HDN,SJT,2.0,577.5,2,288.75
HDN,TLH,4.0,1679.0,4,419.75
HDN,VPS,1.0,799.28,1,799.28
HDN,XNA,2.0,805.5,2,402.75
HHH,ABE,7.0,2236.0,7,319.42857142857144
HHH,ACY,1.0,277.0,1,277.0
HHH,ALB,4.0,834.0,4,208.5
HHH,ATL,3.0,992.5,3,330.8333333333333
HHH,ATW,2.0,794.5,2,397.25
HHH,AUS,7.0,1463.0,7,209.0
HHH,AVP,8.0,1995.5,8,249.4375
HHH,BDL,3.0,784.0,3,261.3333333333333
HHH,BFL,1.0,450.0,1,450.0
HHH,BHM,1.0,225.0,1,225.0
HHH,BNA,14.0,3728.5,13,266.32142857142856
HHH,BOS,14.0,5871.75,13,419.4107142857143
HHH,BTV,2.0,765.0,2,382.5
HHH,BUF,10.0,3047.0,10,304.7
HHH,BWI,4.0,914.5,4,228.625
HHH,CAK,8.0,2063.0,8,257.875
HHH,CHO,2.0,1527.0,2,763.5
HHH,CID,8.0,1618.35,8,202.29375
HHH,CKB,1.0,299.0,1,299.0
HHH,CLE,13.0,3207.0,11,246.69230769230768
HHH,CLT,36.0,6858.89,35,190.52472222222224
HHH,CMH,11.0,3419.2,11,310.8363636363636
HHH,CRP,1.0,334.0,1,334.0
HHH,CSG,1.0,370.0,1,370.0
HHH,CVG,10.0,4631.61,9,463.16099999999994
HHH,DAY,2.0,759.0,2,379.5
HHH,DCA,12.0,3768.5,11,314.0416666666667
HHH,DEN,6.0,1981.28,5,330.2133333333333
HHH,DFW,7.0,2044.5,7,292.07142857142856
HHH,DSM,2.0,268.31,2,134.155
HHH,DTW,18.0,5191.98,16,288.4433333333333
HHH,ERI,3.0,1016.0,3,338.6666666666667
HHH,EVV,3.0,885.5,3,295.1666666666667
HHH,EWR,9.0,1655.0,9,183.88888888888889
HHH,EYW,5.0,745.15,5,149.03
HHH,FLL,13.0,2732.0,12,210.15384615384616
HHH,FSD,1.0,362.52,1,362.52
HHH,FWA,1.0,487.0,1,487.0
HHH,GRR,1.0,5.0,1,5.0
HHH,GSP,2.0,450.0,1,225.0
HHH,HPN,8.0,1943.5,8,242.9375
HHH,HSV,2.0,913.0,2,456.5
HHH,IAD,1.0,656.0,1,656.0
HHH,IAH,1.0,5.0,1,5.0
HHH,IND,10.0,2733.5,10,273.35
HHH,JFK,3.0,669.0,3,223.0
HHH,LAS,14.0,5008.5,12,357.75
HHH,LAX,11.0,3793.7200000000003,11,344.8836363636364
HHH,LEX,3.0,859.0,3,286.3333333333333
HHH,LGA,11.0,1848.0,11,168.0
HHH,LIT,1.0,409.0,1,409.0
HHH,MAF,1.0,286.0,1,286.0
HHH,MCI,3.0,1783.0,3,594.3333333333334
HHH,MDT,5.0,2027.0,5,405.4
HHH,MEM,2.0,695.0,2,347.5
HHH,MHT,3.0,961.0,3,320.3333333333333
HHH,MIA,6.0,1234.56,6,205.76
HHH,MKE,6.0,1949.0,6,324.8333333333333
HHH,MOB,1.0,5.0,1,5.0
HHH,MSN,4.0,777.0,4,194.25
HHH,MSP,3.0,860.25,3,286.75
HHH,MSY,1.0,276.0,1,276.0
HHH,OGG,1.0,208.52,1,208.52
HHH,OKC,3.0,481.27,3,160.42333333333332
HHH,OMA,1.0,167.0,1,167.0
HHH,ORD,9.0,3022.0,7,335.77777777777777
HHH,ORF,1.0,367.78,1,367.78
HHH,PBI,4.0,1249.0,4,312.25
HHH,PDX,1.0,330.0,1,330.0
HHH,PHL,14.0,4283.63,13,305.97357142857146
HHH,PHX,8.0,1845.0,8,230.625
HHH,PIT,18.0,3902.15,16,216.78611111111113
HHH,PVD,5.0,492.0,5,98.4
HHH,PWM,3.0,1020.5,3,340.1666666666667
HHH,RDU,4.0,1280.5,4,320.125
HHH,RIC,2.0,590.0,2,295.0
HHH,ROA,4.0,1370.0,3,342.5
HHH,ROC,3.0,518.5,3,172.83333333333334
HHH,RSW,7.0,1838.74,6,262.6771428571429
HHH,SAN,8.0,2957.0,8,369.625
HHH,SAT,1.0,277.0,1,277.0
HHH,SBA,1.0,438.0,1,438.0
HHH,SBN,2.0,393.5,2,196.75
HHH,SDF,6.0,1612.5,6,268.75
HHH,SEA,7.0,2750.0,7,392.85714285714283
HHH,SFO,4.0,707.5,4,176.875
HHH,SLC,2.0,500.0,2,250.0
HHH,SMF,1.0,408.5,1,408.5
HHH,SNA,1.0,5.54,1,5.54
HHH,SRQ,2.0,371.5,2,185.75
HHH,STL,3.0,810.0,3,270.0
HHH,SYR,11.0,4783.0,11,434.8181818181818
HHH,TUS,1.0,766.0,1,766.0
HHH,TYS,4.0,1064.0,4,266.0
HHH,UIN,1.0,344.0,1,344.0
HHH,XNA,3.0,555.0,3,185.0
HLN,LSE,1.0,557.83,1,557.83
HNL,ABI,3.0,1482.86,3,494.28666666666663
HNL,AGS,4.0,2636.35,4,659.0875
HNL,AMA,1.0,596.5,1,596.5
HNL,ATW,1.0,553.5,1,553.5
HNL,AUS,1.0,451.34,1,451.34
HNL,AVL,1.0,614.51,1,614.51
HNL,AVP,1.0,5.5,1,5.5
HNL,AZO,1.0,5.61,1,5.61
HNL,BHM,1.0,438.5,1,438.5
HNL,BIL,1.0,289.89,1,289.89
HNL,BMI,1.0,5.54,1,5.54
HNL,BNA,1.0,1446.28,1,1446.28
HNL,BRO,1.0,337.0,1,337.0
HNL,BTR,9.0,6662.0599999999995,9,740.2288888888888
HNL,CHA,3.0,2420.63,3,806.8766666666667
HNL,CID,2.0,1008.27,2,504.135
HNL,CLE,1.0,453.93,1,453.93
HNL,CMH,5.0,1945.33,5,389.066
HNL,CMI,2.0,605.45,2,302.725
HNL,CRP,1.0,594.5,1,594.5
HNL,CWA,1.0,5.7,1,5.7
HNL,DAY,4.0,4913.0,4,1228.25
HNL,DCA,1.0,824.28,1,824.28
HNL,DFW,1.0,300.84,1,300.84
HNL,DRO,1.0,264.37,1,264.37
HNL,DSM,1.0,5.38,1,5.38
HNL,DTW,1.0,451.58,1,451.58
HNL,ECP,3.0,1781.71,3,593.9033333333333
HNL,EVV,5.0,4968.9400000000005,5,993.7880000000001
HNL,EYW,1.0,791.24,1,791.24
HNL,FAR,13.0,7182.08,11,552.4676923076923
HNL,FSD,1.0,443.5,1,443.5
HNL,FSM,9.0,6294.26,8,699.3622222222223
HNL,GJT,6.0,2649.49,6,441.58166666666665
HNL,GPT,5.0,2474.5,5,494.9
HNL,GRB,2.0,717.56,2,358.78
HNL,GRK,3.0,2043.38,3,681.1266666666667
HNL,GRR,4.0,1435.62,4,358.905
HNL,HOU,3.0,383.32,3,127.77333333333333
HNL,HPN,1.0,434.11,1,434.11
HNL,HRL,5.0,2510.38,5,502.076
HNL,HSV,5.0,4114.52,5,822.9040000000001
HNL,ICT,4.0,4417.78,4,1104.445
HNL,IND,4.0,1535.17,4,383.7925
HNL,JAN,9.0,3147.18,9,349.68666666666667
HNL,JAX,1.0,490.7,1,490.7
HNL,LBB,7.0,9691.07,7,1384.4385714285713
HNL,LCH,2.0,1397.5,2,698.75
HNL,LEX,3.0,1591.0,3,530.3333333333334
HNL,LFT,9.0,4935.389999999999,8,548.3766666666666
HNL,LIT,25.0,14701.7,25,588.068
HNL,LSE,1.0,483.68,1,483.68
HNL,MAF,15.0,11797.32,15,786.4879999999999
HNL,MGM,4.0,2418.98,4,604.745
HNL,MHK,7.0,4098.47,6,585.4957142857144
HNL,MLI,3.0,1984.82,3,661.6066666666667
HNL,MQT,4.0,2447.39,4,611.8475
HNL,MSN,1.0,366.89,1,366.89
HNL,MSP,3.0,881.93,3,293.97666666666663
HNL,ORF,1.0,499.45,1,499.45
HNL,PIA,7.0,3988.7000000000003,7,569.8142857142858
HNL,PNS,1.0,1544.49,1,1544.49
HNL,PSP,1.0,303.66,1,303.66
HNL,RAP,2.0,920.5,2,460.25
HNL,RIC,1.0,556.08,1,556.08
HNL,ROC,2.0,1424.34,2,712.17
HNL,RST,2.0,692.6700000000001,2,346.33500000000004
HNL,SAF,1.0,591.84,1,591.84
HNL,SBP,2.0,352.5,2,176.25
HNL,SDF,4.0,1950.0,4,487.5
HNL,SGF,15.0,8041.11,13,536.074
HNL,SHV,3.0,2093.47,3,697.8233333333333
HNL,SJT,2.0,2008.5,2,1004.25
HNL,SPI,1.0,774.81,1,774.81
HNL,STL,2.0,861.46,2,430.73
HNL,SYR,1.0,639.88,1,639.88
HNL,TLH,1.0,704.28,1,704.28
HNL,TVC,3.0,2532.0,3,844.0
HNL,TYS,1.0,724.59,1,724.59
HNL,VPS,1.0,1047.0,1,1047.0
HNL,XNA,13.0,8605.48,13,661.9599999999999
HOT,HRL,1.0,246.5,1,246.5
HOU,ABI,9.0,1946.7,9,216.3
HOU,ABQ,2.0,10.5,2,5.25
HOU,ACT,1.0,414.0,1,414.0
HOU,AGS,2.0,727.35,2,363.675
HOU,AMA,5.0,1355.0,5,271.0
HOU,ANC,1.0,1173.82,1,1173.82
HOU,ART,2.0,196.0,2,98.0
HOU,ATL,2.0,546.5,2,273.25
HOU,AVL,6.0,1291.0,6,215.16666666666666
HOU,BDL,1.0,393.0,1,393.0
HOU,BFL,4.0,1681.54,4,420.385
HOU,BHM,3.0,497.0,3,165.66666666666666
HOU,BIL,3.0,940.74,3,313.58
HOU,BMI,5.0,1868.5,5,373.7
HOU,BNA,1.0,5.0,1,5.0
HOU,BOS,7.0,2873.89,6,410.55571428571426
HOU,BUF,1.0,11.0,1,11.0
HOU,BZN,1.0,5.5,1,5.5
HOU,CAE,5.0,1199.46,5,239.892
HOU,CHA,6.0,1740.81,5,290.135
HOU,CHS,1.0,335.0,1,335.0
HOU,CID,1.0,244.01,1,244.01
HOU,CLE,6.0,2044.0,5,340.6666666666667
HOU,CLT,7.0,1937.56,5,276.7942857142857
HOU,CMH,5.0,1624.0,4,324.8
HOU,CMI,9.0,3145.87,9,349.5411111111111
HOU,COS,5.0,1117.63,5,223.526
HOU,COU,6.0,1844.95,6,307.4916666666667
HOU,CSG,6.0,2048.02,5,341.33666666666664
HOU,CVG,8.0,2270.0,8,283.75
HOU,DAB,1.0,284.0,1,284.0
HOU,DAY,4.0,2029.0,4,507.25
HOU,DCA,5.0,1775.66,5,355.132
HOU,DEN,4.0,953.0,3,238.25
HOU,DFW,344.0,58299.46,237,169.47517441860464
HOU,DRO,9.0,3176.5,9,352.94444444444446
HOU,DTW,7.0,1780.5,7,254.35714285714286
HOU,ECP,1.0,237.0,1,237.0
HOU,EGE,4.0,1246.88,4,311.72
HOU,ELP,9.0,2446.0,8,271.77777777777777
HOU,EVV,10.0,2922.9700000000003,9,292.297
HOU,EWR,7.0,2320.07,7,331.43857142857144
HOU,EYW,5.0,1794.5,5,358.9
HOU,FAR,1.0,793.5,1,793.5
HOU,FAT,10.0,2604.9,8,260.49
HOU,FAY,3.0,1085.8200000000002,3,361.94000000000005
HOU,FLL,1.0,162.0,1,162.0
HOU,FSD,2.0,1612.0,1,806.0
HOU,FSM,5.0,1608.42,5,321.684
HOU,GCK,2.0,518.0,2,259.0
HOU,GJT,2.0,372.0,2,186.0
HOU,GNV,5.0,1994.0,4,398.8
HOU,GPT,1.0,149.0,1,149.0
HOU,GRI,1.0,450.5,1,450.5
HOU,GRR,1.0,443.0,1,443.0
HOU,GSO,5.0,1750.1399999999999,5,350.02799999999996
HOU,GSP,5.0,1527.0,5,305.4
HOU,GUC,1.0,221.0,1,221.0
HOU,HDN,2.0,323.5,2,161.75
HOU,HNL,5.0,1879.68,5,375.93600000000004
HOU,HSV,7.0,1137.7,6,162.52857142857144
HOU,IAD,2.0,622.0,2,311.0
HOU,ICT,12.0,3687.66,12,307.305
HOU,ILM,7.0,2684.1,7,383.4428571428571
HOU,IND,13.0,3708.38,11,285.26
HOU,ITO,1.0,460.03,1,460.03
HOU,JAN,1.0,209.0,1,209.0
HOU,JAX,3.0,987.0,3,329.0
HOU,JFK,4.0,1448.0,4,362.0
HOU,LAS,14.0,4187.0,12,299.07142857142856
HOU,LAW,1.0,188.0,1,188.0
HOU,LAX,12.0,2874.5,12,239.54166666666666
HOU,LBB,9.0,2641.61,9,293.51222222222225
HOU,LEX,11.0,3436.5,11,312.40909090909093
HOU,LGA,10.0,1743.5,10,174.35
HOU,LGB,1.0,555.0,1,555.0
HOU,LIT,3.0,1021.0,3,340.3333333333333
HOU,LRD,4.0,1239.0,4,309.75
HOU,LYH,1.0,388.0,1,388.0
HOU,MAF,5.0,1352.0,5,270.4
HOU,MCI,4.0,735.5,4,183.875
HOU,MCO,2.0,1403.0,2,701.5
HOU,MEM,7.0,1761.5,7,251.64285714285714
HOU,MGM,6.0,1489.67,6,248.27833333333334
HOU,MHK,9.0,1902.67,9,211.4077777777778
HOU,MIA,1.0,284.58,1,284.58
HOU,MKE,2.0,752.0,2,376.0
HOU,MLI,12.0,4873.41,11,406.1175
HOU,MLU,3.0,1263.0,2,421.0
HOU,MOB,2.0,716.5,2,358.25
HOU,MSN,6.0,2541.51,6,423.58500000000004
HOU,MSO,1.0,413.5,1,413.5
HOU,MSP,8.0,2446.0,8,305.75
HOU,MTJ,7.0,2554.32,7,364.90285714285716
HOU,MYR,1.0,526.35,1,526.35
HOU,OGG,7.0,3149.3,7,449.90000000000003
HOU,OKC,2.0,373.5,2,186.75
HOU,OMA,1.0,268.0,1,268.0
HOU,ONT,13.0,4285.04,12,329.61846153846153
HOU,ORD,5.0,1726.33,5,345.26599999999996
HOU,ORF,2.0,818.6800000000001,2,409.34000000000003
HOU,PDX,6.0,2864.0,5,477.3333333333333
HOU,PHL,8.0,1921.79,7,240.22375
HOU,PHX,11.0,3170.86,11,288.26
HOU,PIA,4.0,1495.03,4,373.7575
HOU,PIT,4.0,1526.0,4,381.5
HOU,PNS,2.0,483.0,2,241.5
HOU,PSP,1.0,5.0,1,5.0
HOU,RAP,4.0,1632.45,4,408.1125
HOU,RDU,6.0,2023.09,6,337.1816666666667
HOU,RIC,1.0,307.0,1,307.0
HOU,RNO,5.0,1280.54,5,256.108
HOU,ROA,1.0,294.06,1,294.06
HOU,ROW,6.0,2062.5,6,343.75
HOU,SAF,5.0,1880.5,5,376.1
HOU,SAN,9.0,2672.0,8,296.8888888888889
HOU,SAV,1.0,686.0,1,686.0
HOU,SBN,3.0,2531.0,3,843.6666666666666
HOU,SDF,7.0,1806.0,7,258.0
HOU,SEA,4.0,894.6800000000001,4,223.67000000000002
HOU,SFO,9.0,3330.91,8,370.1011111111111
HOU,SGF,21.0,6160.21,21,293.34333333333336
HOU,SHV,3.0,1628.0,3,542.6666666666666
HOU,SJC,1.0,188.0,1,188.0
HOU,SJT,4.0,1420.0,4,355.0
HOU,SJU,1.0,405.0,1,405.0
HOU,SLC,5.0,1046.0,5,209.2
HOU,SMF,7.0,1751.1100000000001,6,250.15857142857143
HOU,SNA,7.0,2584.0,7,369.14285714285717
HOU,SPI,4.0,1343.0,4,335.75
HOU,SRQ,1.0,729.0,1,729.0
HOU,STL,4.0,1297.0,3,324.25
HOU,STS,2.0,619.5,2,309.75
HOU,SWO,4.0,853.5,4,213.375
HOU,TLH,4.0,1455.0,4,363.75
HOU,TPA,5.0,1159.55,5,231.91
HOU,TRI,2.0,746.5,2,373.25
HOU,TUL,3.0,691.26,3,230.42
HOU,TUS,6.0,1720.0,6,286.6666666666667
HOU,TVC,1.0,349.0,1,349.0
HOU,TXK,1.0,158.0,1,158.0
HOU,TYR,1.0,249.0,1,249.0
HOU,TYS,4.0,973.5,4,243.375
HOU,VPS,3.0,1041.06,3,347.02
HOU,XNA,11.0,3508.6,10,318.96363636363634
HOU,YUM,1.0,549.0,1,549.0
HPN,ASE,9.0,2219.52,8,246.61333333333334
HPN,ATW,4.0,1004.5,4,251.125
HPN,ATY,1.0,295.5,1,295.5
HPN,AUS,5.0,1235.56,5,247.112
HPN,AZO,2.0,391.0,2,195.5
HPN,BHM,1.0,3.68,1,3.68
HPN,BMI,1.0,659.0,1,659.0
HPN,BNA,1.0,87.5,1,87.5
HPN,BRL,1.0,177.5,1,177.5
HPN,CID,17.0,5413.34,17,318.43176470588236
HPN,CLE,2.0,794.0,2,397.0
HPN,CMH,1.0,83.0,1,83.0
HPN,CMI,4.0,1107.5,4,276.875
HPN,COU,2.0,560.0,2,280.0
HPN,CRP,1.0,352.0,1,352.0
HPN,CVG,1.0,227.5,1,227.5
HPN,CWA,4.0,1518.0,4,379.5
HPN,DAY,1.0,142.0,1,142.0
HPN,DEN,10.0,3241.43,10,324.143
HPN,DFW,8.0,1618.23,8,202.27875
HPN,DSM,4.0,1026.18,4,256.545
HPN,EGE,4.0,1029.0,4,257.25
HPN,ELP,2.0,801.5,2,400.75
HPN,EYW,5.0,1724.1399999999999,5,344.828
HPN,FAR,2.0,1012.0,2,506.0
HPN,FLL,1.0,182.63,1,182.63
HPN,FSD,2.0,567.5,2,283.75
HPN,FWA,2.0,214.0,2,107.0
HPN,GRB,6.0,2652.0,6,442.0
HPN,GRR,4.0,878.8399999999999,4,219.70999999999998
HPN,HHH,1.0,5.5,1,5.5
HPN,HNL,1.0,413.89,1,413.89
HPN,IAH,3.0,916.88,3,305.62666666666667
HPN,ICT,3.0,888.0,3,296.0
HPN,IND,4.0,895.41,4,223.8525
HPN,JAX,1.0,165.73,1,165.73
HPN,LAN,1.0,4.81,1,4.81
HPN,LAS,20.0,6993.26,20,349.663
HPN,LAX,25.0,5851.38,24,234.0552
HPN,LEX,3.0,634.3,3,211.4333333333333
HPN,LIT,4.0,913.58,4,228.395
HPN,LSE,2.0,533.0,2,266.5
HPN,MCI,7.0,1270.67,7,181.52428571428572
HPN,MCO,1.0,441.5,1,441.5
HPN,MHK,1.0,207.58,1,207.58
HPN,MIA,411.0,75924.65,188,184.73150851581508
HPN,MKE,2.0,150.5,2,75.25
HPN,MLI,2.0,1075.0,2,537.5
HPN,MSN,11.0,3133.89,11,284.8990909090909
HPN,MSP,3.0,849.0,3,283.0
HPN,MSY,7.0,1634.35,7,233.47857142857143
HPN,OKC,1.0,802.0,1,802.0
HPN,OMA,2.0,825.0,2,412.5
HPN,ORD,645.0,122893.14,329,190.532
HPN,PBI,1.0,351.33,1,351.33
HPN,PDX,2.0,421.0,2,210.5
HPN,PHX,22.0,5941.04,21,270.04727272727274
HPN,PIA,1.0,433.6,1,433.6
HPN,PSP,5.0,1725.5,5,345.1
HPN,RNO,1.0,182.0,1,182.0
HPN,RST,4.0,960.5,3,240.125
HPN,RSW,1.0,6.85,1,6.85
HPN,SAN,3.0,640.0,3,213.33333333333334
HPN,SAT,6.0,1235.75,5,205.95833333333334
HPN,SEA,1.0,11.0,1,11.0
HPN,SFO,11.0,1847.3899999999999,11,167.94454545454545
HPN,SGF,6.0,1699.11,6,283.185
HPN,SJC,1.0,239.0,1,239.0
HPN,SJU,1.0,5.66,1,5.66
HPN,SLC,11.0,1213.75,10,110.3409090909091
HPN,SMF,3.0,783.35,3,261.1166666666667
HPN,SNA,10.0,2248.0,10,224.8
HPN,STL,3.0,886.0,3,295.3333333333333
HPN,STT,1.0,200.5,1,200.5
HPN,STX,4.0,911.0,4,227.75
HPN,TPA,1.0,209.0,1,209.0
HPN,TUL,1.0,11.0,1,11.0
HPN,TUS,13.0,3287.83,12,252.91
HPN,TVC,1.0,157.5,1,157.5
HPN,XNA,2.0,489.77,2,244.885
HPN,YUM,1.0,619.81,1,619.81
HRL,ABI,2.0,552.5,2,276.25
HRL,ABQ,5.0,1199.0,5,239.8
HRL,ACT,4.0,662.5,4,165.625
HRL,AEX,1.0,285.97,1,285.97
HRL,AGS,2.0,971.0,2,485.5
HRL,ALB,2.0,1763.0,2,881.5
HRL,AMA,2.0,266.5,2,133.25
HRL,ANC,3.0,1413.5,3,471.1666666666667
HRL,ASE,1.0,307.5,1,307.5
HRL,ATL,12.0,3805.0,12,317.0833333333333
HRL,AUS,4.0,1394.5,4,348.625
HRL,AVL,1.0,447.0,1,447.0
HRL,BDL,5.0,2362.3,5,472.46000000000004
HRL,BFL,4.0,1883.0,4,470.75
HRL,BHM,5.0,1324.0,5,264.8
HRL,BIL,2.0,598.0,2,299.0
HRL,BIS,2.0,716.0,2,358.0
HRL,BMI,2.0,525.63,2,262.815
HRL,BNA,6.0,2347.5,6,391.25
HRL,BOI,2.0,810.0,1,405.0
HRL,BOS,19.0,10911.61,14,574.2952631578947
HRL,BTR,3.0,1358.0,3,452.6666666666667
HRL,BUF,1.0,1354.0,1,1354.0
HRL,BUR,1.0,333.0,1,333.0
HRL,BWI,8.0,4816.91,7,602.11375
HRL,BZN,3.0,1338.0,3,446.0
HRL,CAE,4.0,1844.5,4,461.125
HRL,CHA,3.0,925.0,3,308.3333333333333
HRL,CHS,7.0,2423.0,5,346.14285714285717
HRL,CID,3.0,1242.0,3,414.0
HRL,CLE,10.0,2986.0,9,298.6
HRL,CLL,1.0,238.0,1,238.0
HRL,CLT,23.0,9214.97,14,400.65086956521736
HRL,CMH,21.0,7570.12,12,360.48190476190473
HRL,CMI,1.0,553.5,1,553.5
HRL,CNM,1.0,432.0,1,432.0
HRL,COS,7.0,1732.0,7,247.42857142857142
HRL,COU,1.0,172.0,1,172.0
HRL,CVG,6.0,1747.5,6,291.25
HRL,DAY,2.0,1204.0,2,602.0
HRL,DCA,10.0,3267.67,6,326.767
HRL,DEN,15.0,4578.5,13,305.23333333333335
HRL,DFW,368.0,77215.16,195,209.8238043478261
HRL,DRO,2.0,561.0,2,280.5
HRL,DSM,10.0,3515.5,9,351.55
HRL,DTW,20.0,7685.1,18,384.255
HRL,DUJ,1.0,352.0,1,352.0
HRL,ECP,2.0,795.0,2,397.5
HRL,EGE,3.0,1474.5,3,491.5
HRL,ELP,8.0,2008.0,7,251.0
HRL,EVV,1.0,564.0,1,564.0
HRL,EWR,13.0,4868.38,10,374.4907692307692
HRL,EYW,1.0,263.5,1,263.5
HRL,FAI,1.0,658.0,1,658.0
HRL,FAR,1.0,274.01,1,274.01
HRL,FAT,6.0,1854.0,6,309.0
HRL,FAY,4.0,1541.0,4,385.25
HRL,FLG,1.0,406.0,1,406.0
HRL,FLL,8.0,2413.7200000000003,8,301.71500000000003
HRL,FNT,2.0,666.0,1,333.0
HRL,FSD,4.0,1609.5,4,402.375
HRL,FWA,2.0,815.18,2,407.59
HRL,GEG,1.0,446.0,1,446.0
HRL,GJT,2.0,648.0,2,324.0
HRL,GPT,1.0,474.0,1,474.0
HRL,GRB,1.0,673.0,1,673.0
HRL,GRI,1.0,584.0,1,584.0
HRL,GRK,1.0,279.0,1,279.0
HRL,GRR,11.0,3998.0,10,363.45454545454544
HRL,GSO,3.0,1470.0,3,490.0
HRL,GSP,4.0,1754.0,4,438.5
HRL,HDN,1.0,211.5,1,211.5
HRL,HNL,6.0,3075.62,6,512.6033333333334
HRL,HOT,1.0,246.5,1,246.5
HRL,HOU,3.0,744.13,3,248.04333333333332
HRL,HSV,1.0,300.0,1,300.0
HRL,IAD,1.0,486.02,1,486.02
HRL,IAH,3.0,357.0,3,119.0
HRL,ICT,1.0,284.0,1,284.0
HRL,ILM,1.0,373.27,1,373.27
HRL,IND,12.0,6317.0,12,526.4166666666666
HRL,JAN,3.0,726.0,3,242.0
HRL,JFK,10.0,4396.96,5,439.696
HRL,KOA,1.0,345.95,1,345.95
HRL,LAN,1.0,555.0,1,555.0
HRL,LAS,12.0,6161.55,12,513.4625
HRL,LAX,31.0,10947.72,27,353.1522580645161
HRL,LBB,2.0,444.5,2,222.25
HRL,LEX,2.0,994.0,2,497.0
HRL,LFT,1.0,544.0,1,544.0
HRL,LGA,30.0,12461.45,18,415.3816666666667
HRL,LIT,5.0,1118.5,5,223.7
HRL,LSE,1.0,424.0,1,424.0
HRL,MAF,6.0,3725.85,6,620.975
HRL,MCI,5.0,1536.0,2,307.2
HRL,MCO,4.0,2692.5,4,673.125
HRL,MEM,2.0,1153.0,2,576.5
HRL,MFR,1.0,1230.0,1,1230.0
HRL,MGM,1.0,631.0,1,631.0
HRL,MHK,3.0,1845.0,3,615.0
HRL,MHT,1.0,398.42,1,398.42
HRL,MIA,6.0,1775.49,5,295.915
HRL,MKE,8.0,2126.0,8,265.75
HRL,MLI,3.0,1169.27,3,389.75666666666666
HRL,MLU,1.0,454.0,1,454.0
HRL,MOB,1.0,360.0,1,360.0
HRL,MSN,4.0,1082.78,4,270.695
HRL,MSP,9.0,3422.0299999999997,7,380.2255555555555
HRL,MSY,2.0,441.0,2,220.5
HRL,MYR,3.0,2413.0,3,804.3333333333334
HRL,OAJ,2.0,1367.0,2,683.5
HRL,OGG,4.0,3005.7,4,751.425
HRL,OKC,11.0,3598.0699999999997,11,327.0972727272727
HRL,OMA,8.0,3130.0,7,391.25
HRL,ONT,9.0,3191.5,5,354.6111111111111
HRL,ORD,17.0,4627.26,16,272.19176470588235
HRL,ORF,6.0,2821.08,6,470.18
HRL,PBI,6.0,2546.0,6,424.3333333333333
HRL,PDX,7.0,4325.0,7,617.8571428571429
HRL,PHF,1.0,650.0,1,650.0
HRL,PHL,19.0,8003.96,17,421.26105263157893
HRL,PHX,18.0,6673.21,14,370.7338888888889
HRL,PIA,3.0,1735.0,3,578.3333333333334
HRL,PIT,4.0,1397.0,4,349.25
HRL,PNS,2.0,446.0,2,223.0
HRL,PSC,1.0,569.0,1,569.0
HRL,PVD,4.0,1465.9,4,366.475
HRL,RAP,2.0,599.0,2,299.5
HRL,RDU,14.0,4823.0,11,344.5
HRL,RIC,2.0,1495.0,2,747.5
HRL,RNO,4.0,1869.5,4,467.375
HRL,ROA,1.0,628.0,1,628.0
HRL,ROC,2.0,342.0,2,171.0
HRL,ROW,2.0,507.5,2,253.75
HRL,RST,2.0,876.0,2,438.0
HRL,RSW,10.0,2986.5,9,298.65
HRL,SAN,8.0,2417.5,7,302.1875
HRL,SAV,4.0,2382.0,4,595.5
HRL,SBA,1.0,215.0,1,215.0
HRL,SBP,1.0,11.0,1,11.0
HRL,SDF,10.0,3606.0,8,360.6
HRL,SEA,16.0,6948.31,14,434.269375
HRL,SFO,12.0,6900.0,11,575.0
HRL,SGF,3.0,686.0,3,228.66666666666666
HRL,SHV,3.0,936.0,3,312.0
HRL,SJC,1.0,809.0,1,809.0
HRL,SJT,2.0,793.0,2,396.5
HRL,SJU,6.0,2596.0,6,432.6666666666667
HRL,SLC,7.0,2931.2,7,418.74285714285713
HRL,SMF,7.0,1917.0,7,273.85714285714283
HRL,SNA,5.0,1436.32,4,287.264
HRL,SRQ,1.0,364.82,1,364.82
HRL,STL,13.0,5191.5,7,399.34615384615387
HRL,SYR,2.0,748.69,2,374.345
HRL,TBN,1.0,449.0,1,449.0
HRL,TLH,3.0,1911.28,3,637.0933333333334
HRL,TPA,8.0,2757.98,7,344.7475
HRL,TRI,2.0,1008.0,2,504.0
HRL,TUL,7.0,3299.0,7,471.2857142857143
HRL,TUS,6.0,1840.62,6,306.77
HRL,TVC,1.0,441.5,1,441.5
HRL,TXK,1.0,239.0,1,239.0
HRL,TYR,3.0,747.0,2,249.0
HRL,TYS,3.0,1101.0,3,367.0
HRL,UIN,1.0,275.0,1,275.0
HRL,XNA,2.0,807.0,2,403.5
HRO,CRP,1.0,376.0,1,376.0
HSV,ABI,2.0,578.0,2,289.0
HSV,ABQ,13.0,5721.5,13,440.11538461538464
HSV,AEX,1.0,834.0,1,834.0
HSV,ALB,2.0,641.0,2,320.5
HSV,ANC,1.0,947.0,1,947.0
HSV,ASE,1.0,5.5,1,5.5
HSV,ATW,1.0,238.0,1,238.0
HSV,AUS,18.0,6299.8,18,349.9888888888889
HSV,AZO,1.0,303.0,1,303.0
HSV,BDL,1.0,120.68,1,120.68
HSV,BFL,2.0,592.0,2,296.0
HSV,BOI,2.0,333.23,2,166.615
HSV,BOS,6.0,1764.9099999999999,6,294.15166666666664
HSV,BUR,3.0,753.5,3,251.16666666666666
HSV,BWI,1.0,256.08,1,256.08
HSV,BZN,4.0,2233.0,4,558.25
HSV,CID,1.0,393.06,1,393.06
HSV,CLE,2.0,328.86,2,164.43
HSV,CLL,3.0,950.5,3,316.8333333333333
HSV,CLT,8.0,770.08,8,96.26
HSV,CMH,2.0,471.0,2,235.5
HSV,CMI,1.0,209.0,1,209.0
HSV,COS,8.0,2930.52,8,366.315
HSV,CRP,5.0,1318.79,5,263.758
HSV,DCA,102.0,28862.59,80,282.96656862745095
HSV,DEN,10.0,2139.24,10,213.92399999999998
HSV,DFW,196.0,68575.31,172,349.8740306122449
HSV,DRO,1.0,431.0,1,431.0
HSV,DTW,4.0,673.6800000000001,4,168.42000000000002
HSV,EGE,1.0,323.0,1,323.0
HSV,ELP,25.0,9119.86,25,364.7944
HSV,FAI,4.0,2242.06,4,560.515
HSV,FAR,4.0,1301.5,4,325.375
HSV,FAT,3.0,1065.5,3,355.1666666666667
HSV,FSD,2.0,717.0,2,358.5
HSV,FSM,5.0,1624.0,5,324.8
HSV,GEG,2.0,611.5,2,305.75
HSV,GJT,2.0,200.5,2,100.25
HSV,GRK,12.0,3826.1,11,318.84166666666664
HSV,GRR,7.0,2277.45,7,325.34999999999997
HSV,HDN,1.0,316.0,1,316.0
HSV,HNL,7.0,5394.2,7,770.6
HSV,HOU,13.0,3962.3,12,304.7923076923077
HSV,HRL,1.0,825.0,1,825.0
HSV,IAH,6.0,1575.23,6,262.53833333333336
HSV,ICT,6.0,972.22,6,162.03666666666666
HSV,JAC,1.0,284.5,1,284.5
HSV,LAS,21.0,10299.39,21,490.4471428571428
HSV,LAW,5.0,1436.0,5,287.2
HSV,LAX,29.0,11252.71,24,388.02448275862065
HSV,LBB,7.0,2149.5,7,307.07142857142856
HSV,LFT,3.0,782.0,3,260.6666666666667
HSV,LGA,6.0,1650.23,6,275.03833333333336
HSV,LIH,7.0,4342.11,7,620.3014285714286
HSV,LRD,1.0,436.72,1,436.72
HSV,LSE,1.0,693.0,1,693.0
HSV,MAF,5.0,2307.5,5,461.5
HSV,MCI,2.0,519.0,2,259.5
HSV,MFE,1.0,364.0,1,364.0
HSV,MHK,4.0,1012.5,4,253.125
HSV,MHT,6.0,1526.61,6,254.43499999999997
HSV,MLI,3.0,362.86,3,120.95333333333333
HSV,MLU,1.0,439.0,1,439.0
HSV,MQT,2.0,487.88,2,243.94
HSV,MRY,6.0,2247.0,5,374.5
HSV,MSP,1.0,280.0,1,280.0
HSV,MTJ,2.0,759.0,2,379.5
HSV,OGG,2.0,2975.0,2,1487.5
HSV,OKC,11.0,3106.8199999999997,11,282.4381818181818
HSV,OMA,1.0,211.65,1,211.65
HSV,ONT,9.0,3906.5,8,434.05555555555554
HSV,ORD,10.0,1775.08,10,177.50799999999998
HSV,ORF,1.0,6.03,1,6.03
HSV,PDX,5.0,2408.5,5,481.7
HSV,PHL,7.0,2286.42,5,326.63142857142856
HSV,PHX,30.0,9855.48,28,328.51599999999996
HSV,PIT,4.0,1347.37,4,336.8425
HSV,PSP,4.0,1666.0,4,416.5
HSV,PVD,3.0,775.87,3,258.62333333333333
HSV,PWM,3.0,774.0,3,258.0
HSV,RAP,2.0,464.0,2,232.0
HSV,RNO,2.0,287.5,2,143.75
HSV,SAF,1.0,764.0,1,764.0
HSV,SAN,16.0,5339.91,16,333.744375
HSV,SAT,15.0,4557.1900000000005,14,303.8126666666667
HSV,SBA,2.0,784.78,2,392.39
HSV,SBP,1.0,871.73,1,871.73
HSV,SEA,5.0,1937.33,5,387.466
HSV,SFO,11.0,4805.93,10,436.9027272727273
HSV,SGF,3.0,919.47,3,306.49
HSV,SHV,3.0,1230.0,3,410.0
HSV,SJC,10.0,3204.0,10,320.4
HSV,SJT,3.0,595.0,3,198.33333333333334
HSV,SLC,16.0,5176.0,16,323.5
HSV,SMF,5.0,2355.55,5,471.11
HSV,SNA,15.0,6538.72,15,435.9146666666667
HSV,SPS,2.0,684.0,2,342.0
HSV,STX,1.0,837.0,1,837.0
HSV,TUL,6.0,1816.05,6,302.675
HSV,TUS,10.0,4310.0,10,431.0
HSV,TVC,1.0,394.07,1,394.07
HSV,TYR,1.0,11.0,1,11.0
HSV,XNA,7.0,1571.77,7,224.53857142857143
HSV,YUM,3.0,1824.13,3,608.0433333333334
HTS,LCH,1.0,447.5,1,447.5
HVR,ATL,1.0,883.0,1,883.0
HYA,ORD,1.0,442.5,1,442.5
IAD,ABI,3.0,667.0,3,222.33333333333334
IAD,AGS,1.0,5.5,1,5.5
IAD,AMA,1.0,266.5,1,266.5
IAD,COU,2.0,961.75,2,480.875
IAD,CRP,1.0,297.0,1,297.0
IAD,DRO,1.0,845.0,1,845.0
IAD,ELP,3.0,783.3,3,261.09999999999997
IAD,FSM,2.0,656.5,2,328.25
IAD,GRK,1.0,332.5,1,332.5
IAD,HRL,1.0,441.98,1,441.98
IAD,LBB,1.0,311.55,1,311.55
IAD,LSE,1.0,303.0,1,303.0
IAD,OKC,1.0,424.22,1,424.22
IAD,RAP,2.0,564.0,2,282.0
IAD,RST,2.0,482.3,2,241.15
IAD,SGF,8.0,2747.9700000000003,8,343.49625000000003
IAD,SHV,4.0,1458.97,4,364.7425
IAD,SJT,2.0,666.79,2,333.395
IAD,TLH,1.0,296.0,1,296.0
IAD,TUL,1.0,417.56,1,417.56
IAD,XNA,8.0,2872.96,8,359.12
IAH,ABE,1.0,398.59,1,398.59
IAH,ABI,12.0,3505.5,12,292.125
IAH,AGS,8.0,2229.34,8,278.6675
IAH,ALB,1.0,348.0,1,348.0
IAH,ATL,1.0,205.63,1,205.63
IAH,ATW,7.0,2036.91,7,290.9871428571429
IAH,AVL,7.0,1947.45,7,278.20714285714286
IAH,AVP,1.0,378.53,1,378.53
IAH,AZO,2.0,514.5,2,257.25
IAH,BDL,4.0,216.66,4,54.165
IAH,BFL,4.0,1038.0,4,259.5
IAH,BHM,1.0,124.55,1,124.55
IAH,BIL,6.0,2054.5,6,342.4166666666667
IAH,BIS,3.0,1077.0,3,359.0
IAH,BMI,5.0,1629.0,5,325.8
IAH,BNA,1.0,211.96,1,211.96
IAH,BOS,3.0,1155.72,3,385.24
IAH,BUF,5.0,1153.08,5,230.61599999999999
IAH,BWI,2.0,328.63,2,164.315
IAH,BZN,1.0,319.0,1,319.0
IAH,CHA,15.0,5217.53,15,347.8353333333333
IAH,CHS,1.0,376.0,1,376.0
IAH,CID,14.0,4799.33,13,342.8092857142857
IAH,CLE,1.0,5.51,1,5.51
IAH,CMH,9.0,2824.71,8,313.8566666666667
IAH,CMI,18.0,5073.64,17,281.86888888888893
IAH,COS,2.0,343.5,2,171.75
IAH,COU,11.0,2770.49,11,251.86272727272726
IAH,CVG,3.0,587.99,3,195.99666666666667
IAH,CWA,4.0,1421.0,4,355.25
IAH,DAY,3.0,697.5,3,232.5
IAH,DFW,51.0,12112.13,48,237.4927450980392
IAH,DRO,6.0,2315.58,5,385.93
IAH,DSM,3.0,767.0,3,255.66666666666666
IAH,DTW,1.0,5.0,1,5.0
IAH,ECP,1.0,5.5,1,5.5
IAH,ELP,1.0,269.0,1,269.0
IAH,EVV,10.0,4228.53,10,422.85299999999995
IAH,EWR,1.0,84.23,1,84.23
IAH,EYW,1.0,180.57,1,180.57
IAH,FAR,15.0,4611.74,13,307.4493333333333
IAH,FAT,8.0,2726.56,8,340.82
IAH,FAY,1.0,284.0,1,284.0
IAH,FSD,2.0,736.86,2,368.43
IAH,FSM,8.0,2925.5,8,365.6875
IAH,GJT,13.0,3211.63,11,247.04846153846154
IAH,GNV,8.0,2216.63,8,277.07875
IAH,GPT,2.0,382.5,2,191.25
IAH,GRB,6.0,2520.0299999999997,6,420.00499999999994
IAH,GRR,12.0,4303.7699999999995,12,358.6475
IAH,GSO,6.0,1522.67,6,253.77833333333334
IAH,GSP,2.0,518.25,2,259.125
IAH,HPN,3.0,360.12,3,120.04
IAH,HSV,7.0,1719.77,7,245.68142857142857
IAH,IAD,1.0,653.0,1,653.0
IAH,ICT,9.0,1990.0,9,221.11111111111111
IAH,JAX,1.0,193.0,1,193.0
IAH,LAN,2.0,229.5,2,114.75
IAH,LAS,1.0,568.0,1,568.0
IAH,LAX,4.0,1111.68,2,277.92
IAH,LBB,10.0,1765.81,10,176.581
IAH,LEX,18.0,5243.11,18,291.2838888888889
IAH,LGA,6.0,860.35,5,143.39166666666668
IAH,LIT,4.0,1563.0,4,390.75
IAH,LSE,7.0,2165.63,7,309.3757142857143
IAH,MAF,3.0,990.54,3,330.18
IAH,MCO,3.0,556.75,3,185.58333333333334
IAH,MEM,5.0,1074.03,5,214.80599999999998
IAH,MGM,6.0,1511.9099999999999,6,251.98499999999999
IAH,MHK,18.0,4991.98,17,277.3322222222222
IAH,MIA,298.0,80770.1,189,271.04060402684564
IAH,MKE,2.0,345.90999999999997,2,172.95499999999998
IAH,MLI,15.0,4934.77,14,328.98466666666667
IAH,MOB,1.0,208.5,1,208.5
IAH,MQT,1.0,5.28,1,5.28
IAH,MRY,2.0,497.56,2,248.78
IAH,MSN,12.0,3857.4700000000003,12,321.4558333333334
IAH,MSO,4.0,1595.58,3,398.895
IAH,MSP,3.0,1015.98,3,338.66
IAH,MYR,2.0,610.0699999999999,2,305.03499999999997
IAH,OKC,2.0,231.0,2,115.5
IAH,OMA,4.0,1368.0,3,342.0
IAH,ONT,1.0,274.0,1,274.0
IAH,ORD,151.0,30626.77,108,202.82629139072847
IAH,ORF,1.0,140.88,1,140.88
IAH,PBI,1.0,493.0,1,493.0
IAH,PDX,1.0,473.0,1,473.0
IAH,PHL,3.0,410.22,3,136.74
IAH,PHX,1.0,423.52,1,423.52
IAH,PIA,12.0,2856.7400000000002,11,238.0616666666667
IAH,PIT,2.0,944.58,2,472.29
IAH,PNS,1.0,281.0,1,281.0
IAH,PVD,4.0,1245.13,4,311.2825
IAH,RAP,3.0,1124.1399999999999,3,374.7133333333333
IAH,RIC,3.0,1024.48,3,341.49333333333334
IAH,ROC,3.0,809.95,2,269.98333333333335
IAH,RST,1.0,296.5,1,296.5
IAH,SAF,1.0,222.0,1,222.0
IAH,SAN,2.0,1352.0,2,676.0
IAH,SAV,4.0,778.66,4,194.665
IAH,SBA,3.0,1028.31,3,342.77
IAH,SBP,4.0,1004.1300000000001,4,251.03250000000003
IAH,SDF,2.0,494.98,2,247.49
IAH,SEA,1.0,217.0,1,217.0
IAH,SFO,1.0,388.0,1,388.0
IAH,SGF,18.0,4527.43,18,251.5238888888889
IAH,SJT,8.0,2831.0,8,353.875
IAH,SJU,1.0,224.0,1,224.0
IAH,SMF,2.0,409.88,2,204.94
IAH,SPS,2.0,309.0,2,154.5
IAH,STS,5.0,1457.01,5,291.402
IAH,SYR,4.0,1428.32,4,357.08
IAH,TLH,17.0,5661.45,17,333.02647058823527
IAH,TPA,1.0,280.96,1,280.96
IAH,TRI,1.0,313.72,1,313.72
IAH,TUL,4.0,914.5,4,228.625
IAH,TVC,2.0,407.5,2,203.75
IAH,TXK,1.0,238.0,1,238.0
IAH,TYS,4.0,1026.6599999999999,4,256.66499999999996
IAH,VPS,2.0,320.5,2,160.25
IAH,XNA,18.0,4142.0,18,230.11111111111111
ICT,ABE,1.0,448.0,1,448.0
ICT,ABQ,5.0,1252.0,4,250.4
ICT,ACY,1.0,297.5,1,297.5
ICT,AEX,1.0,489.0,1,489.0
ICT,AGS,1.0,235.6,1,235.6
ICT,ALB,1.0,341.0,1,341.0
ICT,ALO,2.0,432.0,2,216.0
ICT,ATL,7.0,2468.15,7,352.59285714285716
ICT,ATW,3.0,1291.0,3,430.3333333333333
ICT,AUS,16.0,4005.0,16,250.3125
ICT,AVL,2.0,701.0,2,350.5
ICT,AVP,2.0,1090.13,2,545.065
ICT,AZO,1.0,153.0,1,153.0
ICT,BDL,5.0,1530.93,5,306.18600000000004
ICT,BFL,5.0,1596.1,5,319.21999999999997
ICT,BHM,2.0,445.0,2,222.5
ICT,BMI,1.0,347.61,1,347.61
ICT,BNA,29.0,8727.87,28,300.96103448275863
ICT,BOI,1.0,724.0,1,724.0
ICT,BOS,19.0,6135.38,19,322.91473684210524
ICT,BPT,2.0,311.5,2,155.75
ICT,BRO,2.0,455.5,2,227.75
ICT,BTR,9.0,2837.78,9,315.30888888888893
ICT,BUF,2.0,1181.28,2,590.64
ICT,BWI,7.0,2974.0,6,424.85714285714283
ICT,CAE,2.0,658.0,2,329.0
ICT,CHA,3.0,1257.0,3,419.0
ICT,CHS,4.0,1133.77,4,283.4425
ICT,CID,1.0,314.5,1,314.5
ICT,CLE,8.0,2264.81,8,283.10125
ICT,CLT,23.0,8008.4,23,348.1913043478261
ICT,CMH,13.0,3738.38,13,287.5676923076923
ICT,CMI,2.0,397.42,2,198.71
ICT,CRP,15.0,3878.5,15,258.56666666666666
ICT,CVG,13.0,3310.07,12,254.62076923076924
ICT,DAB,1.0,5.37,1,5.37
ICT,DAY,4.0,1768.0,4,442.0
ICT,DCA,36.0,12110.41,33,336.4002777777778
ICT,DFW,173.0,46162.6,140,266.835838150289
ICT,DRO,1.0,372.5,1,372.5
ICT,DRT,1.0,260.0,1,260.0
ICT,DSM,2.0,420.46000000000004,2,210.23000000000002
ICT,DTW,16.0,4738.03,16,296.126875
ICT,ELP,11.0,2759.0,11,250.8181818181818
ICT,EVV,1.0,494.0,1,494.0
ICT,EWR,6.0,1760.97,6,293.495
ICT,EYW,5.0,1157.51,4,231.502
ICT,FAR,2.0,788.51,2,394.255
ICT,FAT,6.0,1349.5,6,224.91666666666666
ICT,FAY,2.0,519.5,2,259.75
ICT,FLL,12.0,3397.76,12,283.1466666666667
ICT,FLO,1.0,338.0,1,338.0
ICT,FNT,1.0,225.5,1,225.5
ICT,FWA,5.0,1394.48,5,278.896
ICT,GJT,1.0,205.0,1,205.0
ICT,GNV,3.0,2240.0,3,746.6666666666666
ICT,GPT,5.0,1579.5,5,315.9
ICT,GRB,5.0,2940.48,5,588.096
ICT,GRK,3.0,562.14,3,187.38
ICT,GRR,6.0,1400.0,6,233.33333333333334
ICT,GSO,1.0,241.13,1,241.13
ICT,GSP,1.0,5.66,1,5.66
ICT,HNL,5.0,4785.32,5,957.064
ICT,HOU,12.0,3747.52,12,312.29333333333335
ICT,HPN,3.0,888.0,3,296.0
ICT,HRL,2.0,568.0,2,284.0
ICT,HSV,10.0,2127.7799999999997,10,212.77799999999996
ICT,IAD,1.0,452.0,1,452.0
ICT,IAH,17.0,6733.0,15,396.05882352941177
ICT,ILM,5.0,1498.35,5,299.66999999999996
ICT,IND,16.0,3970.74,14,248.17125
ICT,JAN,2.0,522.5,2,261.25
ICT,JAX,12.0,3961.48,12,330.12333333333333
ICT,JFK,6.0,1680.46,6,280.07666666666665
ICT,KOA,2.0,335.2,2,167.6
ICT,LAN,4.0,1184.5,4,296.125
ICT,LAS,19.0,5018.0,18,264.10526315789474
ICT,LAX,18.0,5277.93,17,293.21833333333336
ICT,LBB,1.0,397.0,1,397.0
ICT,LCH,2.0,1377.0,2,688.5
ICT,LEX,10.0,3087.18,10,308.71799999999996
ICT,LFT,6.0,2589.5,6,431.5833333333333
ICT,LGA,42.0,10456.53,36,248.965
ICT,LIH,2.0,651.5,2,325.75
ICT,LIT,5.0,1440.58,5,288.116
ICT,LSE,1.0,633.0,1,633.0
ICT,LYH,2.0,880.0,2,440.0
ICT,MAF,5.0,1416.5,5,283.3
ICT,MCO,41.0,12728.05,39,310.440243902439
ICT,MDT,2.0,944.0,2,472.0
ICT,MEM,1.0,238.68,1,238.68
ICT,MFE,8.0,2022.5,8,252.8125
ICT,MGM,7.0,1988.0,7,284.0
ICT,MIA,13.0,3619.15,12,278.3961538461539
ICT,MKE,6.0,1024.88,6,170.81333333333336
ICT,MLB,1.0,5.5,1,5.5
ICT,MLU,2.0,402.5,2,201.25
ICT,MOB,9.0,3067.5,8,340.8333333333333
ICT,MRY,1.0,287.0,1,287.0
ICT,MSN,5.0,1176.96,5,235.392
ICT,MSP,6.0,1848.43,6,308.07166666666666
ICT,MSY,13.0,3292.07,13,253.23615384615385
ICT,MYR,1.0,402.0,1,402.0
ICT,OGG,4.0,3563.5,4,890.875
ICT,ONT,7.0,2178.55,7,311.2214285714286
ICT,ORD,180.0,38324.12,141,212.9117777777778
ICT,ORF,9.0,2460.2,9,273.35555555555555
ICT,PBI,6.0,1465.43,6,244.23833333333334
ICT,PDX,8.0,3099.5,7,387.4375
ICT,PGV,1.0,5.0,1,5.0
ICT,PHF,1.0,367.37,1,367.37
ICT,PHL,26.0,8133.11,25,312.81192307692305
ICT,PHX,10.0,3238.5,10,323.85
ICT,PIA,2.0,768.0,2,384.0
ICT,PIT,6.0,1983.13,6,330.5216666666667
ICT,PNS,9.0,2729.0,9,303.22222222222223
ICT,PSP,3.0,945.42,3,315.14
ICT,PVD,1.0,352.0,1,352.0
ICT,PWM,1.0,333.0,1,333.0
ICT,RAP,1.0,407.0,1,407.0
ICT,RDM,1.0,663.0,1,663.0
ICT,RDU,9.0,2103.67,9,233.7411111111111
ICT,RIC,7.0,2098.79,7,299.82714285714286
ICT,RNO,3.0,817.5,3,272.5
ICT,ROC,2.0,565.0,2,282.5
ICT,ROW,4.0,1039.0,4,259.75
ICT,RST,3.0,1070.0,3,356.6666666666667
ICT,RSW,15.0,5556.97,12,370.4646666666667
ICT,SAF,1.0,296.0,1,296.0
ICT,SAN,18.0,6773.0,18,376.27777777777777
ICT,SAT,26.0,7938.0,24,305.3076923076923
ICT,SAV,1.0,360.0,1,360.0
ICT,SBA,1.0,207.0,1,207.0
ICT,SBP,2.0,615.0,2,307.5
ICT,SDF,12.0,3348.5,12,279.0416666666667
ICT,SEA,7.0,2075.0,6,296.42857142857144
ICT,SFO,8.0,2484.36,8,310.545
ICT,SHV,7.0,2014.8,7,287.8285714285714
ICT,SJC,2.0,822.53,2,411.265
ICT,SJT,1.0,338.5,1,338.5
ICT,SJU,9.0,3803.85,9,422.65
ICT,SLC,2.0,554.0,2,277.0
ICT,SMF,7.0,2379.0,7,339.85714285714283
ICT,SNA,4.0,1212.5,4,303.125
ICT,SRQ,3.0,1608.98,3,536.3266666666667
ICT,STL,6.0,1579.7,6,263.28333333333336
ICT,STS,1.0,302.0,1,302.0
ICT,STT,1.0,790.0,1,790.0
ICT,TPA,26.0,8241.83,26,316.99346153846153
ICT,TUS,4.0,1077.5,3,269.375
ICT,TVC,1.0,298.0,1,298.0
ICT,TXK,1.0,414.0,1,414.0
ICT,TYS,4.0,1414.5,4,353.625
ICT,VPS,4.0,1590.0,4,397.5
IDA,AVL,1.0,386.0,1,386.0
IDA,BFL,4.0,1047.5,4,261.875
IDA,BMI,1.0,404.0,1,404.0
IDA,DFW,1.0,267.05,1,267.05
IDA,ELP,1.0,239.95,1,239.95
IDA,EVV,1.0,416.0,1,416.0
IDA,GPT,1.0,477.94,1,477.94
IDA,LFT,1.0,944.0,1,944.0
IDA,MRY,1.0,261.5,1,261.5
IDA,SGF,1.0,364.0,1,364.0
IDA,VPS,1.0,437.0,1,437.0
IDA,YUM,1.0,356.5,1,356.5
ILM,ATW,2.0,635.7,2,317.85
ILM,AUS,1.0,385.95,1,385.95
ILM,BHM,2.0,515.0,2,257.5
ILM,BTR,1.0,238.34,1,238.34
ILM,CMH,6.0,722.26,6,120.37666666666667
ILM,CMI,1.0,118.34,1,118.34
ILM,CRP,1.0,728.0,1,728.0
ILM,CVG,1.0,329.71,1,329.71
ILM,DEN,1.0,5.88,1,5.88
ILM,FSD,2.0,556.65,2,278.325
ILM,FSM,1.0,276.0,1,276.0
ILM,GJT,2.0,564.5,2,282.25
ILM,GRB,2.0,937.1500000000001,2,468.57500000000005
ILM,HOU,3.0,966.9,3,322.3
ILM,HRL,1.0,369.73,1,369.73
ILM,ICT,5.0,1498.65,5,299.73
ILM,JAC,1.0,288.99,1,288.99
ILM,LEX,2.0,635.39,2,317.695
ILM,MAF,1.0,439.0,1,439.0
ILM,MEM,1.0,377.0,1,377.0
ILM,MHK,1.0,269.68,1,269.68
ILM,MRY,1.0,404.11,1,404.11
ILM,MSN,1.0,376.71,1,376.71
ILM,ORD,1.0,297.7,1,297.7
ILM,PIA,2.0,188.06,2,94.03
ILM,RAP,3.0,893.5,3,297.8333333333333
ILM,SEA,1.0,198.86,1,198.86
ILM,SGF,4.0,1439.13,4,359.7825
ILM,SHV,1.0,336.06,1,336.06
ILM,TVC,1.0,343.0,1,343.0
ILM,XNA,2.0,881.5,2,440.75
IND,ABE,1.0,231.17,1,231.17
IND,ABI,3.0,1330.5,3,443.5
IND,ABQ,8.0,1884.5700000000002,8,235.57125000000002
IND,AGS,3.0,437.05,3,145.68333333333334
IND,ALO,4.0,1526.0,4,381.5
IND,AMA,2.0,1897.0,2,948.5
IND,ANC,3.0,1120.0,3,373.3333333333333
IND,ASE,3.0,1151.86,3,383.9533333333333
IND,ATL,3.0,697.3499999999999,3,232.44999999999996
IND,ATW,2.0,373.0,2,186.5
IND,ATY,2.0,691.0,2,345.5
IND,AUS,419.0,92429.65,285,220.59582338902146
IND,AVP,6.0,2385.21,6,397.535
IND,BDL,3.0,689.97,3,229.99
IND,BFL,9.0,2653.31,9,294.8122222222222
IND,BHM,2.0,938.5,2,469.25
IND,BIL,1.0,152.5,1,152.5
IND,BOS,3.0,772.9300000000001,3,257.6433333333334
IND,BRO,1.0,287.0,1,287.0
IND,BTR,4.0,1076.9099999999999,4,269.22749999999996
IND,BUF,6.0,1152.0,6,192.0
IND,BWI,3.0,671.5,3,223.83333333333334
IND,BZN,2.0,688.05,2,344.025
IND,CID,5.0,1789.0,5,357.8
IND,CLE,8.0,1506.06,8,188.2575
IND,CLL,1.0,5.5,1,5.5
IND,CLT,13.0,2011.28,13,154.71384615384616
IND,COS,4.0,823.0,4,205.75
IND,CRP,5.0,1417.0,5,283.4
IND,CWA,2.0,815.5,2,407.75
IND,DCA,6.0,972.2,6,162.03333333333333
IND,DEN,7.0,1142.22,6,163.17428571428573
IND,DFW,85.0,26031.04,74,306.24752941176473
IND,DRO,4.0,1315.0,4,328.75
IND,DSM,6.0,1092.1100000000001,6,182.01833333333335
IND,DTW,1.0,567.0,1,567.0
IND,EGE,4.0,767.05,4,191.7625
IND,ELP,19.0,6289.07,19,331.0036842105263
IND,EWR,6.0,1326.5,6,221.08333333333334
IND,FAR,7.0,2492.55,7,356.0785714285715
IND,FAT,1.0,370.0,1,370.0
IND,FLL,1.0,435.01,1,435.01
IND,FSD,4.0,1886.5,4,471.625
IND,FSM,9.0,3340.5,9,371.1666666666667
IND,GJT,1.0,225.5,1,225.5
IND,GNV,2.0,535.0,2,267.5
IND,GPT,1.0,105.94,1,105.94
IND,GRB,3.0,1272.0,3,424.0
IND,GRK,7.0,2003.0,7,286.14285714285717
IND,GRR,6.0,1287.5,6,214.58333333333334
IND,GSO,2.0,452.52,2,226.26
IND,GSP,3.0,487.09000000000003,3,162.36333333333334
IND,HHH,4.0,916.5,4,229.125
IND,HNL,7.0,2565.83,7,366.54714285714283
IND,HOU,4.0,1558.62,4,389.655
IND,HPN,3.0,883.5899999999999,3,294.53
IND,HRL,3.0,1191.0,3,397.0
IND,IAH,2.0,914.0,2,457.0
IND,ICT,16.0,3581.26,14,223.82875
IND,JAN,2.0,426.67,2,213.335
IND,JAX,2.0,564.55,2,282.275
IND,JFK,1.0,258.91,1,258.91
IND,KOA,2.0,1071.8200000000002,2,535.9100000000001
IND,LAN,2.0,598.0,2,299.0
IND,LAS,29.0,9532.37,27,328.70241379310346
IND,LAX,21.0,6672.73,20,317.7490476190476
IND,LCH,8.0,2641.37,6,330.17125
IND,LFT,10.0,2658.92,8,265.892
IND,LGA,2.0,315.68,2,157.84
IND,LIT,15.0,3833.61,15,255.574
IND,LRD,1.0,329.0,1,329.0
IND,LSE,5.0,1126.0,4,225.2
IND,MAF,4.0,1597.65,4,399.4125
IND,MCI,36.0,7909.09,34,219.69694444444445
IND,MCO,9.0,1520.88,8,168.98666666666668
IND,MEM,11.0,2656.15,11,241.46818181818182
IND,MFE,3.0,822.0,3,274.0
IND,MGM,1.0,97.77,1,97.77
IND,MHK,14.0,3433.9300000000003,14,245.2807142857143
IND,MIA,281.0,79752.95,198,283.8183274021352
IND,MKE,12.0,3342.5,12,278.5416666666667
IND,MLI,1.0,289.23,1,289.23
IND,MOB,1.0,348.0,1,348.0
IND,MQT,2.0,562.0,2,281.0
IND,MRY,2.0,230.34,2,115.17
IND,MSN,7.0,2402.5,7,343.2142857142857
IND,MSP,6.0,1242.5,6,207.08333333333334
IND,MSY,32.0,9666.18,30,302.068125
IND,OGG,1.0,423.0,1,423.0
IND,OKC,13.0,3242.42,13,249.41692307692307
IND,OMA,17.0,5127.5,16,301.61764705882354
IND,ONT,5.0,1670.5,5,334.1
IND,ORD,146.0,34731.89,127,237.88965753424657
IND,ORF,2.0,693.74,2,346.87
IND,PBI,9.0,2324.4,8,258.26666666666665
IND,PDX,1.0,844.0,1,844.0
IND,PHL,8.0,3366.66,7,420.8325
IND,PHX,28.0,7649.79,24,273.20678571428573
IND,PIT,6.0,1417.25,6,236.20833333333334
IND,PSP,9.0,2412.35,9,268.0388888888889
IND,PVD,1.0,11.0,1,11.0
IND,RDU,10.0,2244.56,9,224.456
IND,RIC,5.0,1239.69,4,247.93800000000002
IND,RNO,1.0,787.0,1,787.0
IND,ROC,6.0,1428.24,6,238.04
IND,ROW,1.0,334.5,1,334.5
IND,RST,7.0,1712.76,6,244.68
IND,RSW,4.0,663.3399999999999,4,165.83499999999998
IND,SAN,15.0,4886.68,13,325.7786666666667
IND,SAT,21.0,5657.53,19,269.4061904761905
IND,SAV,2.0,573.0,2,286.5
IND,SBP,3.0,1277.0,3,425.6666666666667
IND,SEA,9.0,3416.84,9,379.6488888888889
IND,SFO,5.0,1144.22,5,228.844
IND,SGF,15.0,4292.86,15,286.19066666666663
IND,SHV,6.0,1635.05,6,272.5083333333333
IND,SJC,2.0,307.0,2,153.5
IND,SJT,2.0,588.0,2,294.0
IND,SJU,7.0,2458.85,7,351.2642857142857
IND,SLC,4.0,1221.94,4,305.485
IND,SMF,2.0,848.0,2,424.0
IND,SNA,7.0,2055.4,7,293.62857142857143
IND,STL,9.0,2018.1399999999999,9,224.23777777777775
IND,STT,1.0,504.5,1,504.5
IND,SYR,4.0,701.88,4,175.47
IND,TLH,4.0,1442.13,4,360.5325
IND,TPA,7.0,1838.69,7,262.67
IND,TUL,11.0,3394.08,11,308.5527272727273
IND,TUS,5.0,1663.32,5,332.664
IND,TVC,4.0,1253.5,4,313.375
IND,TYR,3.0,1218.0,3,406.0
IND,TYS,1.0,170.24,1,170.24
IND,UIN,1.0,468.0,1,468.0
IND,VPS,4.0,846.05,4,211.5125
IND,XNA,17.0,4744.48,17,279.0870588235294
IRK,BTR,1.0,384.0,1,384.0
ITO,BFL,1.0,621.0,1,621.0
ITO,EVV,1.0,792.0,1,792.0
ITO,GRK,1.0,694.5,1,694.5
ITO,HOU,1.0,478.97,1,478.97
ITO,LEX,1.0,901.95,1,901.95
ITO,MLI,1.0,5.56,1,5.56
ITO,RAP,1.0,582.5,1,582.5
JAC,ABI,3.0,311.0,3,103.66666666666667
JAC,AGS,2.0,837.14,2,418.57
JAC,AVL,1.0,518.5,1,518.5
JAC,BFL,1.0,248.5,1,248.5
JAC,BNA,1.0,388.5,1,388.5
JAC,BOS,4.0,1311.26,4,327.815
JAC,BTR,10.0,3091.0,10,309.1
JAC,BUF,4.0,1373.8400000000001,4,343.46000000000004
JAC,BWI,2.0,513.0,2,256.5
JAC,CHA,8.0,3055.5,8,381.9375
JAC,CMH,6.0,2347.26,6,391.21000000000004
JAC,CMI,3.0,368.96000000000004,2,122.98666666666668
JAC,COU,1.0,362.07,1,362.07
JAC,CRP,1.0,356.5,1,356.5
JAC,CVG,1.0,167.51,1,167.51
JAC,DTW,3.0,985.6800000000001,3,328.56
JAC,EVV,1.0,268.5,1,268.5
JAC,FNT,1.0,282.0,1,282.0
JAC,GNV,2.0,817.5,2,408.75
JAC,GPT,4.0,1502.5,4,375.625
JAC,GRK,1.0,467.5,1,467.5
JAC,GRR,8.0,3960.39,8,495.04875
JAC,GSO,7.0,2223.82,7,317.68857142857144
JAC,GSP,1.0,208.92,1,208.92
JAC,HSV,1.0,284.5,1,284.5
JAC,ILM,1.0,291.01,1,291.01
JAC,JAN,4.0,1209.0,4,302.25
JAC,LAN,1.0,322.5,1,322.5
JAC,LEX,5.0,1945.0,5,389.0
JAC,LFT,2.0,653.0,2,326.5
JAC,LIT,6.0,2654.19,6,442.365
JAC,LYH,1.0,468.96,1,468.96
JAC,MAF,5.0,2005.0,5,401.0
JAC,MGM,3.0,792.0,1,264.0
JAC,MKE,1.0,308.47,1,308.47
JAC,MOB,3.0,1240.5,3,413.5
JAC,PIA,1.0,5.5,1,5.5
JAC,PIT,1.0,291.5,1,291.5
JAC,RDU,1.0,513.0,1,513.0
JAC,RIC,6.0,1925.6,6,320.93333333333334
JAC,ROC,4.0,941.0,4,235.25
JAC,SAV,1.0,317.39,1,317.39
JAC,SGF,4.0,1522.72,4,380.68
JAC,SHV,4.0,761.0,4,190.25
JAC,SJT,2.0,11.0,2,5.5
JAC,SYR,1.0,357.56,1,357.56
JAC,TLH,6.0,2071.04,6,345.17333333333335
JAC,TVC,1.0,311.04,1,311.04
JAC,TYS,1.0,435.8,1,435.8
JAC,XNA,4.0,2218.93,4,554.7325
JAN,ABQ,10.0,1752.5,9,175.25
JAN,ACT,5.0,1270.0,5,254.0
JAN,AMA,3.0,1087.0,2,362.3333333333333
JAN,ANC,3.0,1115.5,3,371.8333333333333
JAN,ASE,1.0,242.0,1,242.0
JAN,ATW,1.0,266.21,1,266.21
JAN,AUS,26.0,6320.92,26,243.1123076923077
JAN,BFL,3.0,1522.0,3,507.3333333333333
JAN,BIL,2.0,688.5,2,344.25
JAN,BIS,2.0,1117.0,2,558.5
JAN,BOI,3.0,1165.0,3,388.3333333333333
JAN,BWI,1.0,162.0,1,162.0
JAN,BZN,15.0,4479.0,15,298.6
JAN,CID,4.0,1037.5,4,259.375
JAN,CLE,1.0,386.02,1,386.02
JAN,CLL,3.0,786.0,3,262.0
JAN,CMH,3.0,882.8599999999999,3,294.28666666666663
JAN,CMI,3.0,1685.77,3,561.9233333333333
JAN,COS,11.0,2774.5,11,252.22727272727272
JAN,COU,4.0,1328.0,4,332.0
JAN,CRP,8.0,2291.5,8,286.4375
JAN,CVG,7.0,1874.26,6,267.75142857142856
JAN,DCA,1.0,702.0,1,702.0
JAN,DEN,23.0,5655.0599999999995,21,245.87217391304347
JAN,DFW,245.0,65530.81,181,267.472693877551
JAN,DRO,10.0,2621.5,9,262.15
JAN,DRT,1.0,123.0,1,123.0
JAN,DSM,1.0,235.0,1,235.0
JAN,DTW,3.0,695.19,3,231.73000000000002
JAN,EGE,3.0,1157.5,2,385.8333333333333
JAN,ELP,8.0,2473.0,7,309.125
JAN,FAI,2.0,1179.0,2,589.5
JAN,FAT,5.0,1319.5,5,263.9
JAN,FNT,3.0,768.02,3,256.00666666666666
JAN,FSD,1.0,498.0,1,498.0
JAN,FSM,2.0,473.5,2,236.75
JAN,GGG,1.0,409.0,1,409.0
JAN,GJT,7.0,2084.5,7,297.7857142857143
JAN,GRB,2.0,950.4,2,475.2
JAN,GRK,8.0,2261.0,8,282.625
JAN,GUC,3.0,1178.5,3,392.8333333333333
JAN,HDN,8.0,2330.5,8,291.3125
JAN,HNL,10.0,3617.82,10,361.78200000000004
JAN,HOU,1.0,5.0,1,5.0
JAN,HRL,3.0,726.0,3,242.0
JAN,IAH,5.0,1419.0,3,283.8
JAN,ICT,5.0,1478.5,5,295.7
JAN,IND,6.0,1821.04,6,303.50666666666666
JAN,JAC,4.0,1209.0,4,302.25
JAN,KOA,1.0,548.0,1,548.0
JAN,LAS,34.0,13068.54,34,384.36882352941177
JAN,LAX,38.0,14649.71,33,385.5186842105263
JAN,LBB,5.0,1562.0,5,312.4
JAN,LEX,1.0,186.32,1,186.32
JAN,LRD,3.0,624.0,3,208.0
JAN,MAF,18.0,5479.5,17,304.4166666666667
JAN,MCI,10.0,3016.84,9,301.684
JAN,MFE,1.0,399.0,1,399.0
JAN,MHK,7.0,1542.5,7,220.35714285714286
JAN,MKE,4.0,1170.53,3,292.6325
JAN,MRY,2.0,1009.5,2,504.75
JAN,MSN,1.0,613.0,1,613.0
JAN,MSO,1.0,330.0,1,330.0
JAN,MSP,4.0,1110.5,4,277.625
JAN,MTJ,3.0,828.0,3,276.0
JAN,OGG,4.0,3709.5,4,927.375
JAN,OKC,12.0,3153.0,11,262.75
JAN,OMA,3.0,663.5,3,221.16666666666666
JAN,ONT,8.0,2984.0,5,373.0
JAN,ORD,9.0,2434.33,9,270.4811111111111
JAN,PDX,14.0,4533.5,14,323.82142857142856
JAN,PHX,15.0,5760.11,15,384.0073333333333
JAN,PIA,2.0,873.46,2,436.73
JAN,PSP,2.0,517.5,2,258.75
JAN,RAP,6.0,2385.0,6,397.5
JAN,RDM,1.0,393.0,1,393.0
JAN,RIC,1.0,385.71,1,385.71
JAN,RNO,3.0,1315.0,3,438.3333333333333
JAN,ROW,2.0,940.0,2,470.0
JAN,RST,1.0,494.66,1,494.66
JAN,SAF,1.0,155.0,1,155.0
JAN,SAN,30.0,11656.89,28,388.563
JAN,SAT,20.0,4572.14,17,228.60700000000003
JAN,SBN,1.0,238.0,1,238.0
JAN,SBP,1.0,279.0,1,279.0
JAN,SEA,14.0,5575.04,13,398.21714285714285
JAN,SFO,18.0,7482.0,16,415.6666666666667
JAN,SGF,3.0,604.5,3,201.5
JAN,SHV,1.0,214.0,1,214.0
JAN,SJC,5.0,1629.17,5,325.834
JAN,SJT,5.0,2164.5,5,432.9
JAN,SJU,1.0,792.0,1,792.0
JAN,SLC,19.0,6827.0,19,359.3157894736842
JAN,SMF,4.0,1331.0,4,332.75
JAN,SNA,5.0,1680.0,4,336.0
JAN,SPI,1.0,260.0,1,260.0
JAN,STL,4.0,756.46,4,189.115
JAN,STS,1.0,464.0,1,464.0
JAN,STT,1.0,525.48,1,525.48
JAN,TPA,1.0,367.57,1,367.57
JAN,TUL,11.0,3073.5,10,279.40909090909093
JAN,TUS,8.0,2808.5,8,351.0625
JAN,TYR,1.0,374.0,1,374.0
JAN,XNA,6.0,2182.5,6,363.75
JAN,YUM,1.0,280.41,1,280.41
JAX,ABI,4.0,805.0,4,201.25
JAX,ABQ,4.0,837.77,4,209.4425
JAX,ALO,1.0,301.0,1,301.0
JAX,ATW,4.0,815.0,4,203.75
JAX,AUS,4.0,949.77,4,237.4425
JAX,AVP,2.0,622.46,2,311.23
JAX,AZO,2.0,410.0,2,205.0
JAX,BDL,1.0,239.07,1,239.07
JAX,BFL,1.0,549.24,1,549.24
JAX,BIL,4.0,1438.5,4,359.625
JAX,BMI,2.0,376.5,2,188.25
JAX,BNA,1.0,247.0,1,247.0
JAX,BOI,1.0,475.0,1,475.0
JAX,BOS,4.0,741.8199999999999,4,185.45499999999998
JAX,BRO,2.0,625.0,2,312.5
JAX,BTR,4.0,1148.37,3,287.0925
JAX,BUF,1.0,478.0,1,478.0
JAX,CID,6.0,1959.26,6,326.54333333333335
JAX,CLT,2.0,180.29,2,90.145
JAX,CMH,7.0,1814.4,7,259.2
JAX,CMI,1.0,198.89,1,198.89
JAX,COU,5.0,1241.76,5,248.352
JAX,CRP,9.0,2378.0,8,264.22222222222223
JAX,CVG,5.0,866.22,5,173.244
JAX,CWA,5.0,1856.02,5,371.204
JAX,DCA,102.0,22092.91,85,216.5971568627451
JAX,DFW,3.0,1042.05,3,347.34999999999997
JAX,DRO,5.0,1796.0,5,359.2
JAX,DSM,3.0,766.8199999999999,3,255.60666666666665
JAX,DTW,1.0,191.0,1,191.0
JAX,EGE,3.0,1363.21,3,454.40333333333336
JAX,ELP,7.0,1459.15,7,208.45000000000002
JAX,EWR,2.0,880.0,2,440.0
JAX,EYW,32.0,11357.62,32,354.925625
JAX,FAR,12.0,4580.88,11,381.74
JAX,FNT,2.0,589.7,2,294.85
JAX,FSM,7.0,2706.5,7,386.64285714285717
JAX,GGG,1.0,838.0,1,838.0
JAX,GJT,7.0,3252.0,7,464.57142857142856
JAX,GRB,2.0,465.33000000000004,2,232.66500000000002
JAX,GRR,6.0,1487.49,6,247.915
JAX,GSO,1.0,121.5,1,121.5
JAX,HNL,1.0,545.3,1,545.3
JAX,HOU,1.0,333.0,1,333.0
JAX,HPN,3.0,421.27,3,140.42333333333332
JAX,IAH,4.0,978.04,4,244.51
JAX,ICT,9.0,2627.52,9,291.94666666666666
JAX,ILM,1.0,130.52,1,130.52
JAX,IND,3.0,815.45,3,271.81666666666666
JAX,JFK,5.0,996.6800000000001,5,199.336
JAX,LAN,2.0,986.0,2,493.0
JAX,LAS,6.0,1884.34,5,314.0566666666667
JAX,LAW,1.0,257.0,1,257.0
JAX,LAX,7.0,2103.4,7,300.4857142857143
JAX,LBB,2.0,616.0,2,308.0
JAX,LCH,3.0,738.0,3,246.0
JAX,LEX,2.0,454.81,2,227.405
JAX,LFT,3.0,943.8199999999999,3,314.6066666666666
JAX,LIT,8.0,1939.26,7,242.4075
JAX,LSE,4.0,1845.98,4,461.495
JAX,MAF,10.0,3072.5,10,307.25
JAX,MCI,1.0,381.06,1,381.06
JAX,MEM,2.0,443.0,2,221.5
JAX,MHK,11.0,2472.94,11,224.81272727272727
JAX,MIA,910.0,238289.73,461,261.85684615384616
JAX,MLI,6.0,2394.14,6,399.0233333333333
JAX,MQT,1.0,411.5,1,411.5
JAX,MRY,2.0,812.5,2,406.25
JAX,MSN,1.0,477.24,1,477.24
JAX,MSP,4.0,1373.01,3,343.2525
JAX,MSY,6.0,2108.31,6,351.385
JAX,ORD,12.0,3119.95,11,259.99583333333334
JAX,ORF,2.0,503.0,2,251.5
JAX,PDX,1.0,5.0,1,5.0
JAX,PHL,2.0,1080.0,2,540.0
JAX,PHX,2.0,575.36,2,287.68
JAX,PIA,2.0,512.0,2,256.0
JAX,RAP,13.0,5112.5,13,393.2692307692308
JAX,RIC,2.0,144.07,2,72.035
JAX,ROC,1.0,206.0,1,206.0
JAX,RST,6.0,1810.71,5,301.785
JAX,SAF,1.0,5.5,1,5.5
JAX,SAN,1.0,322.59,1,322.59
JAX,SAT,1.0,213.47,1,213.47
JAX,SBP,1.0,402.56,1,402.56
JAX,SDF,1.0,249.0,1,249.0
JAX,SFO,2.0,779.72,2,389.86
JAX,SGF,26.0,7977.24,25,306.81692307692305
JAX,SHV,3.0,883.35,3,294.45
JAX,SJU,34.0,12050.49,30,354.42617647058825
JAX,SLC,6.0,2332.68,6,388.78
JAX,STL,3.0,629.4,3,209.79999999999998
JAX,STS,3.0,858.5,3,286.1666666666667
JAX,STT,17.0,8267.92,17,486.34823529411767
JAX,STX,17.0,6796.0,17,399.7647058823529
JAX,SYR,4.0,571.4300000000001,4,142.85750000000002
JAX,TUL,1.0,153.09,1,153.09
JAX,TUS,1.0,247.0,1,247.0
JAX,TVC,4.0,1960.85,4,490.2125
JAX,XNA,17.0,5653.72,15,332.57176470588234
JFK,ABI,2.0,374.48,2,187.24
JFK,AGS,4.0,887.5,4,221.875
JFK,AUS,4.0,830.8499999999999,3,207.71249999999998
JFK,BHM,2.0,332.37,2,166.185
JFK,BNA,1.0,190.15,1,190.15
JFK,CID,2.0,459.5,2,229.75
JFK,CMH,3.0,369.04,3,123.01333333333334
JFK,CMI,3.0,1631.73,3,543.91
JFK,COU,1.0,660.5,1,660.5
JFK,CRP,1.0,294.0,1,294.0
JFK,CVG,2.0,221.19,2,110.595
JFK,CWA,1.0,5.5,1,5.5
JFK,DFW,1.0,5.5,1,5.5
JFK,DRO,1.0,533.0,1,533.0
JFK,DSM,3.0,637.5899999999999,3,212.52999999999997
JFK,ELP,7.0,1716.53,7,245.21857142857144
JFK,EYW,2.0,797.38,2,398.69
JFK,FAT,1.0,455.38,1,455.38
JFK,FNT,1.0,220.0,1,220.0
JFK,FSD,1.0,253.5,1,253.5
JFK,FSM,1.0,253.0,1,253.0
JFK,GJT,4.0,1721.61,4,430.4025
JFK,GNV,4.0,872.8299999999999,4,218.20749999999998
JFK,GRK,1.0,318.0,1,318.0
JFK,GSP,1.0,5.5,1,5.5
JFK,ICT,4.0,1460.54,4,365.135
JFK,JAX,2.0,268.32,2,134.16
JFK,LAN,1.0,163.0,1,163.0
JFK,LAW,1.0,461.3,1,461.3
JFK,LAX,3.0,2634.42,3,878.14
JFK,LBB,1.0,838.0,1,838.0
JFK,LFT,4.0,2064.3199999999997,2,516.0799999999999
JFK,LIT,4.0,1213.33,4,303.3325
JFK,MAF,4.0,2144.5,4,536.125
JFK,MFE,4.0,1952.6599999999999,4,488.16499999999996
JFK,MHK,5.0,931.0600000000001,4,186.21200000000002
JFK,MIA,4.0,939.6,4,234.9
JFK,MRY,3.0,646.64,3,215.54666666666665
JFK,MSN,1.0,240.03,1,240.03
JFK,MSP,1.0,319.02,1,319.02
JFK,ORD,4.0,607.3100000000001,4,151.82750000000001
JFK,PIA,1.0,242.0,1,242.0
JFK,PIT,1.0,132.38,1,132.38
JFK,PNS,2.0,474.87,2,237.435
JFK,RAP,1.0,278.5,1,278.5
JFK,RDU,1.0,99.61,1,99.61
JFK,SBP,3.0,1072.33,3,357.4433333333333
JFK,SGF,6.0,2138.4,6,356.40000000000003
JFK,SHV,2.0,739.3399999999999,2,369.66999999999996
JFK,STL,3.0,580.05,3,193.35
JFK,TLH,9.0,2375.42,8,263.93555555555554
JFK,TUL,1.0,287.18,1,287.18
JFK,XNA,4.0,1339.79,3,334.9475
JHM,BTR,1.0,467.5,1,467.5
JNU,STL,1.0,377.53,1,377.53
JNU,TVC,1.0,736.0,1,736.0
KOA,ABI,1.0,702.95,1,702.95
KOA,ATL,1.0,351.23,1,351.23
KOA,BTR,1.0,342.5,1,342.5
KOA,CID,2.0,758.38,2,379.19
KOA,CMH,3.0,4113.22,3,1371.0733333333335
KOA,COU,1.0,523.26,1,523.26
KOA,CRP,1.0,460.12,1,460.12
KOA,CWA,2.0,746.3,2,373.15
KOA,DAY,1.0,1342.5,1,1342.5
KOA,DFW,1.0,313.8,1,313.8
KOA,DSM,2.0,463.94,2,231.97
KOA,FAR,3.0,1581.49,3,527.1633333333333
KOA,FNT,1.0,607.5,1,607.5
KOA,GJT,1.0,647.0,1,647.0
KOA,GRB,2.0,982.5,2,491.25
KOA,GRR,1.0,437.92,1,437.92
KOA,HRL,1.0,345.05,1,345.05
KOA,ICT,2.0,282.8,2,141.4
KOA,IND,1.0,741.18,1,741.18
KOA,JAN,1.0,548.0,1,548.0
KOA,LAN,1.0,1073.0,1,1073.0
KOA,LEX,1.0,415.49,1,415.49
KOA,LFT,1.0,679.5,1,679.5
KOA,LIT,3.0,1531.98,3,510.66
KOA,LSE,2.0,854.01,2,427.005
KOA,MLI,2.0,450.08000000000004,2,225.04000000000002
KOA,MSN,2.0,852.77,2,426.385
KOA,PIA,1.0,623.39,1,623.39
KOA,RIC,1.0,5.47,1,5.47
KOA,ROC,1.0,448.0,1,448.0
KOA,RST,1.0,380.0,1,380.0
KOA,SBP,1.0,543.5,1,543.5
KOA,SDF,1.0,333.75,1,333.75
KOA,SGF,5.0,2038.63,5,407.726
KOA,SHV,1.0,473.0,1,473.0
KOA,STL,1.0,314.84,1,314.84
KOA,TVC,2.0,1011.5699999999999,2,505.78499999999997
KOA,XNA,5.0,3380.96,5,676.192
KTN,BHM,1.0,5.46,1,5.46
KTN,FSM,1.0,5.04,1,5.04
KTN,STL,1.0,5.21,1,5.21
LAN,ABI,1.0,603.5,1,603.5
LAN,ABQ,8.0,2372.5,8,296.5625
LAN,ANC,2.0,604.5,2,302.25
LAN,ATL,2.0,696.0,2,348.0
LAN,AUS,8.0,2320.0,8,290.0
LAN,AVP,1.0,298.0,1,298.0
LAN,BHM,3.0,636.12,3,212.04
LAN,BMI,1.0,179.0,1,179.0
LAN,BNA,10.0,1833.1,10,183.31
LAN,BOS,3.0,1001.0,3,333.6666666666667
LAN,BPT,1.0,510.0,1,510.0
LAN,BTR,1.0,534.82,1,534.82
LAN,BUF,1.0,208.5,1,208.5
LAN,BUR,2.0,1077.0,2,538.5
LAN,BWI,5.0,1239.0,5,247.8
LAN,BZN,1.0,217.5,1,217.5
LAN,CAE,1.0,741.0,1,741.0
LAN,CHS,1.0,122.0,1,122.0
LAN,CID,4.0,1329.0,4,332.25
LAN,CLT,6.0,1367.0,6,227.83333333333334
LAN,CMI,2.0,738.0,2,369.0
LAN,COU,1.0,140.43,1,140.43
LAN,CVG,3.0,862.5,3,287.5
LAN,DAB,1.0,163.0,1,163.0
LAN,DAY,1.0,253.0,1,253.0
LAN,DCA,12.0,3594.96,12,299.58
LAN,DEN,8.0,1581.3899999999999,7,197.67374999999998
LAN,DFW,19.0,6641.83,19,349.57
LAN,DSM,3.0,686.0,3,228.66666666666666
LAN,ELP,6.0,1893.35,6,315.55833333333334
LAN,EWR,3.0,890.0,3,296.6666666666667
LAN,EYW,2.0,527.96,2,263.98
LAN,FAR,1.0,188.5,1,188.5
LAN,FAT,1.0,428.0,1,428.0
LAN,FLL,8.0,2063.46,8,257.9325
LAN,FSD,1.0,274.0,1,274.0
LAN,GSO,3.0,737.08,3,245.69333333333336
LAN,GSP,5.0,1863.15,5,372.63
LAN,HHH,1.0,234.0,1,234.0
LAN,HPN,1.0,6.19,1,6.19
LAN,IAH,4.0,1770.5,4,442.625
LAN,ICT,4.0,1184.5,4,296.125
LAN,IND,3.0,797.0,3,265.6666666666667
LAN,JAC,2.0,910.5,2,455.25
LAN,JAX,4.0,1556.3600000000001,4,389.09000000000003
LAN,JFK,1.0,163.0,1,163.0
LAN,KOA,1.0,1073.0,1,1073.0
LAN,LAS,17.0,4852.74,16,285.45529411764704
LAN,LAX,9.0,2977.0,9,330.77777777777777
LAN,LBB,2.0,830.38,2,415.19
LAN,LFT,1.0,304.0,1,304.0
LAN,LGA,2.0,493.0,2,246.5
LAN,LIH,1.0,444.0,1,444.0
LAN,LIT,4.0,952.0,4,238.0
LAN,LRD,1.0,5.0,1,5.0
LAN,MCI,5.0,1240.0,5,248.0
LAN,MCO,30.0,8417.56,29,280.5853333333333
LAN,MEM,5.0,1254.0,5,250.8
LAN,MFE,1.0,338.0,1,338.0
LAN,MIA,7.0,2489.0,7,355.57142857142856
LAN,MKE,2.0,443.0,2,221.5
LAN,MOB,1.0,242.0,1,242.0
LAN,MQT,2.0,646.0,2,323.0
LAN,MSP,5.0,1609.5,5,321.9
LAN,MSY,5.0,1759.73,5,351.946
LAN,OKC,7.0,2108.0,7,301.14285714285717
LAN,OMA,2.0,650.0,2,325.0
LAN,ORD,56.0,15314.25,49,273.46875
LAN,PBI,8.0,2181.07,8,272.63375
LAN,PDX,1.0,421.65,1,421.65
LAN,PHL,8.0,2890.1,8,361.2625
LAN,PHX,10.0,3839.5,10,383.95
LAN,PIT,1.0,233.0,1,233.0
LAN,PSP,3.0,1890.0,3,630.0
LAN,RAP,1.0,565.5,1,565.5
LAN,RDU,2.0,641.0,2,320.5
LAN,RNO,2.0,544.77,2,272.385
LAN,ROC,2.0,617.0,2,308.5
LAN,RST,1.0,404.0,1,404.0
LAN,RSW,9.0,1491.0,9,165.66666666666666
LAN,SAN,8.0,2612.5,7,326.5625
LAN,SAT,10.0,3317.0299999999997,10,331.703
LAN,SCE,1.0,295.0,1,295.0
LAN,SEA,4.0,2320.0,4,580.0
LAN,SFO,14.0,5207.11,14,371.93642857142856
LAN,SGF,1.0,424.0,1,424.0
LAN,SJT,1.0,550.63,1,550.63
LAN,SJU,2.0,589.0,2,294.5
LAN,SLC,4.0,1630.5,4,407.625
LAN,SMF,7.0,2538.5,7,362.64285714285717
LAN,SNA,8.0,3833.0,8,479.125
LAN,SRQ,4.0,984.17,4,246.0425
LAN,STL,11.0,2344.77,11,213.1609090909091
LAN,TPA,11.0,2777.36,10,252.48727272727274
LAN,TUL,8.0,3431.5,7,428.9375
LAN,TUS,13.0,3645.0,11,280.38461538461536
LAN,TYS,2.0,557.63,2,278.815
LAN,VPS,1.0,312.49,1,312.49
LAN,XNA,3.0,948.06,3,316.02
LAS,ABE,3.0,1063.06,3,354.3533333333333
LAS,ABI,40.0,14870.0,34,371.75
LAS,AGS,12.0,5350.83,12,445.9025
LAS,ALB,1.0,442.5,1,442.5
LAS,ALO,3.0,842.0,3,280.6666666666667
LAS,AMA,1.0,242.55,1,242.55
LAS,ATW,18.0,5456.22,17,303.12333333333333
LAS,AUS,3.0,551.4300000000001,3,183.81000000000003
LAS,AVL,10.0,4942.02,10,494.20200000000006
LAS,AVP,9.0,4971.53,9,552.3922222222222
LAS,AZO,4.0,1026.5,4,256.625
LAS,BDL,5.0,1970.73,5,394.146
LAS,BFD,1.0,432.63,1,432.63
LAS,BHM,32.0,11148.380000000001,32,348.38687500000003
LAS,BIL,3.0,440.97,3,146.99
LAS,BIS,2.0,424.0,2,212.0
LAS,BMI,14.0,5332.83,14,380.9164285714286
LAS,BNA,1.0,5.85,1,5.85
LAS,BOS,8.0,3884.16,8,485.52
LAS,BRO,5.0,1444.0,4,288.8
LAS,BTR,32.0,15459.0,29,483.09375
LAS,BUF,19.0,6102.32,19,321.17473684210523
LAS,BWI,1.0,205.36,1,205.36
LAS,CHA,40.0,15685.36,38,392.134
LAS,CID,19.0,7170.54,19,377.39684210526315
LAS,CLE,11.0,3473.95,11,315.81363636363636
LAS,CLT,2.0,1683.99,2,841.995
LAS,CMH,21.0,8323.7,21,396.3666666666667
LAS,CMI,36.0,13222.1,35,367.28055555555557
LAS,COU,17.0,5894.8,17,346.7529411764706
LAS,CRP,25.0,9617.31,24,384.69239999999996
LAS,CVG,12.0,4218.639999999999,12,351.5533333333333
LAS,CWA,8.0,2744.0,7,343.0
LAS,DAB,4.0,1695.1399999999999,4,423.78499999999997
LAS,DAY,24.0,6522.63,22,271.77625
LAS,DCA,1.0,712.52,1,712.52
LAS,DFW,4.0,1375.96,4,343.99
LAS,DSM,3.0,707.79,3,235.92999999999998
LAS,DTW,4.0,1321.52,4,330.38
LAS,ECP,5.0,2479.4300000000003,5,495.8860000000001
LAS,ELP,2.0,148.87,2,74.435
LAS,EVV,33.0,11588.31,30,351.16090909090906
LAS,EWR,1.0,209.81,1,209.81
LAS,EYW,5.0,3216.73,5,643.346
LAS,FAR,8.0,2182.34,7,272.7925
LAS,FAY,8.0,2355.61,8,294.45125
LAS,FLL,1.0,1060.85,1,1060.85
LAS,FNT,9.0,3870.0,9,430.0
LAS,FSD,2.0,263.01,2,131.505
LAS,FSM,22.0,10525.35,21,478.425
LAS,FWA,3.0,683.0,3,227.66666666666666
LAS,GJT,12.0,3146.5,11,262.2083333333333
LAS,GNV,18.0,7503.26,15,416.84777777777776
LAS,GPT,21.0,7214.5,20,343.54761904761904
LAS,GRB,8.0,3887.5,8,485.9375
LAS,GRK,6.0,1823.5,6,303.9166666666667
LAS,GRR,23.0,9322.42,23,405.32260869565215
LAS,GSO,24.0,8727.64,23,363.65166666666664
LAS,GSP,8.0,3626.26,7,453.2825
LAS,HHH,8.0,3202.5,8,400.3125
LAS,HOU,2.0,296.0,2,148.0
LAS,HPN,17.0,5597.74,17,329.27882352941174
LAS,HRL,4.0,2171.94,4,542.985
LAS,HSV,14.0,6455.61,14,461.11499999999995
LAS,IAH,2.0,1049.59,2,524.795
LAS,ICT,8.0,1960.0,8,245.0
LAS,IND,13.0,3885.63,12,298.8946153846154
LAS,JAN,29.0,12016.46,29,414.3606896551724
LAS,JAX,4.0,1209.6599999999999,3,302.41499999999996
LAS,LAN,16.0,4528.26,15,283.01625
LAS,LAW,1.0,512.5,1,512.5
LAS,LBB,8.0,1594.54,7,199.3175
LAS,LCH,9.0,2532.0,8,281.3333333333333
LAS,LEX,28.0,13174.8,28,470.5285714285714
LAS,LFT,24.0,11048.75,23,460.3645833333333
LAS,LIT,46.0,21991.18,45,478.0691304347826
LAS,LSE,10.0,3907.25,10,390.725
LAS,MAF,26.0,7190.52,26,276.55846153846153
LAS,MCI,3.0,385.9,3,128.63333333333333
LAS,MEM,5.0,1739.1399999999999,5,347.828
LAS,MFE,1.0,5.51,1,5.51
LAS,MGM,15.0,5875.8,15,391.72
LAS,MHK,15.0,6258.06,15,417.204
LAS,MIA,3.0,2180.5699999999997,3,726.8566666666666
LAS,MKE,5.0,1950.3600000000001,5,390.072
LAS,MLI,32.0,13187.12,29,412.0975
LAS,MOB,17.0,7385.0,17,434.4117647058824
LAS,MQT,10.0,3035.0,9,303.5
LAS,MSN,19.0,6015.8099999999995,18,316.6215789473684
LAS,MSY,1.0,5.5,1,5.5
LAS,MYR,5.0,1531.01,5,306.202
LAS,OKC,3.0,1305.75,3,435.25
LAS,ORD,2.0,678.4300000000001,2,339.21500000000003
LAS,ORF,5.0,1332.84,5,266.568
LAS,PHL,2.0,902.96,2,451.48
LAS,PHX,12.0,1088.07,12,90.6725
LAS,PIA,22.0,11282.87,22,512.8577272727273
LAS,PIT,4.0,2812.76,4,703.19
LAS,PNS,18.0,7620.48,16,423.35999999999996
LAS,PVD,27.0,9202.65,27,340.8388888888889
LAS,RAP,2.0,772.5,2,386.25
LAS,RDU,7.0,2753.57,6,393.3671428571429
LAS,RIC,15.0,4194.35,15,279.62333333333333
LAS,ROC,16.0,5247.12,16,327.945
LAS,RST,5.0,1310.5,5,262.1
LAS,RSW,13.0,3863.37,13,297.1823076923077
LAS,SAF,6.0,1463.5,6,243.91666666666666
LAS,SAV,2.0,633.09,2,316.545
LAS,SDF,12.0,5943.86,12,495.32166666666666
LAS,SGF,67.0,23027.77,56,343.6980597014925
LAS,SHV,23.0,8459.82,23,367.8182608695652
LAS,SJT,14.0,3446.36,14,246.16857142857143
LAS,SLC,1.0,313.76,1,313.76
LAS,STL,7.0,1647.6200000000001,7,235.37428571428572
LAS,STS,2.0,528.0,2,264.0
LAS,SYR,12.0,3680.25,11,306.6875
LAS,TLH,32.0,12788.42,31,399.638125
LAS,TPA,1.0,379.5,1,379.5
LAS,TRI,6.0,2390.68,5,398.44666666666666
LAS,TUL,11.0,4155.33,10,377.7572727272727
LAS,TUS,1.0,128.5,1,128.5
LAS,TVC,16.0,7026.59,16,439.161875
LAS,TYS,12.0,3723.14,12,310.26166666666666
LAS,VPS,8.0,4930.33,8,616.29125
LAS,XNA,132.0,54097.75,126,409.8314393939394
LAS,YUM,2.0,658.5,2,329.25
LAW,ATL,1.0,379.0,1,379.0
LAW,ATW,1.0,453.5,1,453.5
LAW,AUS,2.0,371.5,2,185.75
LAW,AVL,1.0,397.68,1,397.68
LAW,BHM,1.0,186.5,1,186.5
LAW,BIL,1.0,475.5,1,475.5
LAW,BNA,1.0,269.0,1,269.0
LAW,BOS,4.0,1166.1399999999999,4,291.53499999999997
LAW,BWI,1.0,367.0,1,367.0
LAW,CAE,2.0,680.0,2,340.0
LAW,CLT,4.0,1580.23,4,395.0575
LAW,CMI,1.0,796.0,1,796.0
LAW,COS,1.0,270.35,1,270.35
LAW,DCA,2.0,819.5,2,409.75
LAW,DEN,2.0,1170.0,1,585.0
LAW,DFW,2.0,10.0,1,5.0
LAW,ELP,1.0,269.0,1,269.0
LAW,EWR,1.0,174.5,1,174.5
LAW,FAY,4.0,960.5,4,240.125
LAW,FWA,1.0,436.5,1,436.5
LAW,GJT,1.0,5.5,1,5.5
LAW,GNV,1.0,184.76,1,184.76
LAW,GRK,1.0,440.5,1,440.5
LAW,GSO,1.0,428.24,1,428.24
LAW,GSP,3.0,1507.6100000000001,3,502.5366666666667
LAW,HSV,6.0,3083.0,6,513.8333333333334
LAW,IAH,1.0,173.0,1,173.0
LAW,JAX,1.0,257.0,1,257.0
LAW,JFK,1.0,460.7,1,460.7
LAW,LAS,2.0,747.5,2,373.75
LAW,LAX,1.0,5.5,1,5.5
LAW,LEX,1.0,351.93,1,351.93
LAW,LFT,1.0,284.0,1,284.0
LAW,LGA,8.0,1861.6599999999999,7,232.70749999999998
LAW,LIT,2.0,393.0,2,196.5
LAW,MAF,1.0,291.0,1,291.0
LAW,MCO,1.0,294.5,1,294.5
LAW,MEM,1.0,159.0,1,159.0
LAW,MGM,1.0,259.0,1,259.0
LAW,MHK,2.0,915.5,2,457.75
LAW,MIA,1.0,363.0,1,363.0
LAW,MLI,1.0,355.0,1,355.0
LAW,MSN,1.0,285.0,1,285.0
LAW,MSP,2.0,842.0,2,421.0
LAW,MSY,1.0,175.0,1,175.0
LAW,MYR,1.0,317.0,1,317.0
LAW,ONT,3.0,857.0,3,285.6666666666667
LAW,ORD,4.0,1327.45,4,331.8625
LAW,ORF,2.0,616.0,2,308.0
LAW,PHX,3.0,897.0,3,299.0
LAW,PIT,2.0,881.1800000000001,2,440.59000000000003
LAW,PSP,1.0,219.0,1,219.0
LAW,RDU,3.0,941.5899999999999,3,313.8633333333333
LAW,RIC,3.0,1035.0,3,345.0
LAW,RSW,1.0,282.0,1,282.0
LAW,SAN,1.0,5.5,1,5.5
LAW,SAV,1.0,405.0,1,405.0
LAW,SBA,1.0,758.0,1,758.0
LAW,SBN,1.0,305.0,1,305.0
LAW,SEA,1.0,185.5,1,185.5
LAW,SFO,1.0,324.0,1,324.0
LAW,SGF,1.0,698.0,1,698.0
LAW,SJU,4.0,886.44,4,221.61
LAW,SMF,1.0,609.0,1,609.0
LAW,SNA,1.0,231.0,1,231.0
LAW,SYR,1.0,349.0,1,349.0
LAW,TPA,1.0,217.0,1,217.0
LAW,TRI,1.0,291.0,1,291.0
LAW,TUS,1.0,158.0,1,158.0
LAW,VPS,2.0,349.5,2,174.75
LAW,XNA,1.0,285.56,1,285.56
LAX,ABE,2.0,304.61,2,152.305
LAX,ABI,18.0,5533.98,16,307.4433333333333
LAX,AGS,7.0,3741.94,7,534.5628571428572
LAX,ALO,3.0,958.0,3,319.3333333333333
LAX,ATL,1.0,660.14,1,660.14
LAX,ATW,7.0,2537.04,7,362.4342857142857
LAX,AUS,6.0,2037.8899999999999,6,339.6483333333333
LAX,AVL,8.0,2189.29,8,273.66125
LAX,AVP,10.0,5341.03,10,534.103
LAX,AZO,4.0,1107.5,4,276.875
LAX,BDL,4.0,1530.44,4,382.61
LAX,BHM,9.0,2656.81,9,295.2011111111111
LAX,BIS,1.0,248.84,1,248.84
LAX,BMI,6.0,1491.79,6,248.63166666666666
LAX,BNA,7.0,1375.32,7,196.4742857142857
LAX,BOS,7.0,2000.96,7,285.8514285714286
LAX,BRO,4.0,1107.58,4,276.895
LAX,BTR,10.0,2210.2599999999998,10,221.02599999999998
LAX,BUF,12.0,3454.06,12,287.8383333333333
LAX,BWI,8.0,1084.3899999999999,7,135.54874999999998
LAX,CHA,17.0,6652.88,17,391.3458823529412
LAX,CHO,1.0,552.73,1,552.73
LAX,CID,5.0,2335.14,5,467.02799999999996
LAX,CLE,7.0,1605.73,7,229.39000000000001
LAX,CLT,1.0,91.29,1,91.29
LAX,CMH,38.0,11397.31,37,299.9292105263158
LAX,CMI,25.0,7834.64,22,313.3856
LAX,COU,5.0,1763.67,5,352.73400000000004
LAX,CRP,13.0,4274.91,13,328.83923076923077
LAX,CVG,12.0,3146.0,12,262.1666666666667
LAX,CWA,4.0,962.5,4,240.625
LAX,DAB,3.0,846.01,3,282.00333333333333
LAX,DAY,20.0,7077.6,20,353.88
LAX,DFW,4.0,713.38,4,178.345
LAX,DSM,4.0,1031.3899999999999,4,257.84749999999997
LAX,DTW,1.0,208.63,1,208.63
LAX,ECP,3.0,813.0,3,271.0
LAX,ELP,2.0,490.86,2,245.43
LAX,EVV,9.0,3463.7200000000003,9,384.8577777777778
LAX,EWR,1.0,5.48,1,5.48
LAX,EYW,2.0,737.0,2,368.5
LAX,FAR,11.0,2836.34,10,257.84909090909093
LAX,FAY,6.0,2150.69,6,358.4483333333333
LAX,FNT,7.0,1580.56,7,225.7942857142857
LAX,FSM,8.0,2590.5,8,323.8125
LAX,FWA,3.0,1182.97,3,394.3233333333333
LAX,GJT,11.0,2495.75,10,226.88636363636363
LAX,GNV,11.0,2856.48,10,259.68
LAX,GPT,3.0,1393.62,3,464.53999999999996
LAX,GRB,9.0,3195.54,9,355.06
LAX,GRK,9.0,1611.43,9,179.04777777777778
LAX,GRR,24.0,8068.18,23,336.1741666666667
LAX,GSO,7.0,2591.35,7,370.1928571428571
LAX,GSP,11.0,4304.21,11,391.2918181818182
LAX,HHH,5.0,2037.28,5,407.456
LAX,HOU,5.0,1143.5,5,228.7
LAX,HPN,10.0,2714.14,10,271.414
LAX,HRL,14.0,3663.77,13,261.6978571428571
LAX,HSV,16.0,6447.29,16,402.955625
LAX,IAH,3.0,823.5899999999999,1,274.53
LAX,ICT,8.0,2403.07,8,300.38375
LAX,IND,14.0,3176.27,14,226.87642857142856
LAX,JAN,16.0,6245.2,16,390.325
LAX,JAX,7.0,2002.9099999999999,7,286.13
LAX,LAN,8.0,2649.0,8,331.125
LAX,LAW,1.0,5.5,1,5.5
LAX,LBB,9.0,3136.35,9,348.48333333333335
LAX,LCH,2.0,763.67,2,381.835
LAX,LEX,18.0,6551.8,17,363.9888888888889
LAX,LFT,26.0,9829.51,25,378.05807692307695
LAX,LIT,23.0,7321.15,23,318.3108695652174
LAX,LSE,5.0,2232.5,5,446.5
LAX,MAF,17.0,6550.82,17,385.34235294117644
LAX,MCI,3.0,440.69,3,146.89666666666668
LAX,MEM,25.0,5222.42,25,208.8968
LAX,MFE,1.0,5.51,1,5.51
LAX,MGM,8.0,2217.6800000000003,8,277.21000000000004
LAX,MHK,20.0,6595.44,19,329.772
LAX,MIA,4.0,2154.85,4,538.7125
LAX,MKE,5.0,1186.5900000000001,5,237.31800000000004
LAX,MLI,16.0,6260.15,16,391.259375
LAX,MOB,4.0,1309.0,4,327.25
LAX,MQT,7.0,2083.33,7,297.61857142857144
LAX,MSN,15.0,3709.33,15,247.28866666666667
LAX,MSP,1.0,355.76,1,355.76
LAX,MSY,7.0,2370.79,7,338.6842857142857
LAX,MYR,2.0,461.72,2,230.86
LAX,OKC,3.0,583.06,3,194.35333333333332
LAX,ORD,6.0,1701.9299999999998,6,283.655
LAX,ORF,1.0,262.75,1,262.75
LAX,PHL,3.0,956.5899999999999,3,318.8633333333333
LAX,PIA,12.0,4306.82,11,358.90166666666664
LAX,PIT,3.0,1031.42,3,343.8066666666667
LAX,PVD,10.0,3373.33,10,337.33299999999997
LAX,RAP,2.0,685.1800000000001,2,342.59000000000003
LAX,RDU,11.0,2941.19,11,267.3809090909091
LAX,RIC,7.0,2249.94,7,321.42
LAX,ROC,8.0,2238.78,8,279.8475
LAX,RST,1.0,315.5,1,315.5
LAX,RSW,5.0,948.6800000000001,5,189.73600000000002
LAX,SAF,2.0,350.9,2,175.45
LAX,SAV,4.0,1647.77,4,411.9425
LAX,SDF,9.0,3495.39,9,388.37666666666667
LAX,SGF,35.0,8433.81,31,240.96599999999998
LAX,SHV,13.0,3855.36,12,296.56615384615384
LAX,SJT,7.0,3188.5,7,455.5
LAX,STL,7.0,2593.43,7,370.48999999999995
LAX,SYR,6.0,1159.52,6,193.25333333333333
LAX,TLH,36.0,14510.79,33,403.07750000000004
LAX,TPA,1.0,184.31,1,184.31
LAX,TRI,1.0,244.17,1,244.17
LAX,TUL,7.0,1398.77,6,199.8242857142857
LAX,TUS,1.0,148.23,1,148.23
LAX,TVC,15.0,4944.61,15,329.6406666666666
LAX,TYS,8.0,3474.2400000000002,8,434.28000000000003
LAX,VPS,6.0,2245.67,6,374.27833333333336
LAX,XNA,34.0,11933.01,30,350.9708823529412
LBB,ACT,1.0,239.0,1,239.0
LBB,AEX,1.0,343.5,1,343.5
LBB,AGS,1.0,485.62,1,485.62
LBB,ALB,1.0,531.55,1,531.55
LBB,ATL,5.0,1846.0,5,369.2
LBB,ATW,1.0,569.0,1,569.0
LBB,AUS,6.0,1383.0,4,230.5
LBB,AVL,2.0,691.0,2,345.5
LBB,BDL,1.0,293.0,1,293.0
LBB,BFL,4.0,1191.92,4,297.98
LBB,BHM,1.0,355.0,1,355.0
LBB,BNA,7.0,2252.5,7,321.7857142857143
LBB,BOI,3.0,957.64,3,319.2133333333333
LBB,BOS,5.0,2570.5,5,514.1
LBB,BPT,1.0,143.0,1,143.0
LBB,BRO,1.0,167.0,1,167.0
LBB,BTR,5.0,1397.5,5,279.5
LBB,BUR,4.0,209.0,3,52.25
LBB,BWI,1.0,519.0,1,519.0
LBB,CAK,1.0,564.91,1,564.91
LBB,CHA,8.0,2717.0,8,339.625
LBB,CHS,5.0,2096.39,5,419.27799999999996
LBB,CLL,2.0,299.0,2,149.5
LBB,CLT,2.0,514.5,2,257.25
LBB,CMH,7.0,2895.5,7,413.64285714285717
LBB,CMI,1.0,294.5,1,294.5
LBB,COU,2.0,643.0,2,321.5
LBB,CRP,8.0,1833.0,8,229.125
LBB,CRW,1.0,558.0,1,558.0
LBB,CVG,2.0,841.0,2,420.5
LBB,DAB,1.0,227.5,1,227.5
LBB,DCA,2.0,1398.0,2,699.0
LBB,DEN,4.0,537.1800000000001,4,134.29500000000002
LBB,DFW,202.0,42881.03,138,212.28232673267325
LBB,DSM,4.0,1617.5,3,404.375
LBB,DTW,4.0,1891.63,4,472.9075
LBB,ECP,2.0,1019.5,2,509.75
LBB,EUG,6.0,2186.5,6,364.4166666666667
LBB,EWN,1.0,650.0,1,650.0
LBB,EWR,3.0,1542.5,3,514.1666666666666
LBB,FAI,2.0,640.5,2,320.25
LBB,FAR,6.0,2246.69,6,374.4483333333333
LBB,FAT,5.0,1642.0,5,328.4
LBB,FAY,1.0,381.0,1,381.0
LBB,FLG,1.0,232.21,1,232.21
LBB,FLL,2.0,700.0,2,350.0
LBB,FSD,1.0,499.0,1,499.0
LBB,FSM,3.0,1007.0,3,335.6666666666667
LBB,GEG,2.0,732.9200000000001,2,366.46000000000004
LBB,GJT,1.0,362.5,1,362.5
LBB,GNV,2.0,380.5,2,190.25
LBB,GPT,3.0,848.0,3,282.6666666666667
LBB,GRK,2.0,452.5,2,226.25
LBB,GRR,3.0,1654.0,3,551.3333333333334
LBB,GSP,1.0,343.0,1,343.0
LBB,HNL,10.0,10789.93,10,1078.993
LBB,HOU,8.0,2062.39,8,257.79875
LBB,HRL,4.0,1135.5,4,283.875
LBB,HSV,6.0,1840.5,6,306.75
LBB,IAH,20.0,4231.19,19,211.55949999999999
LBB,JAN,5.0,1535.0,5,307.0
LBB,JAX,3.0,993.0,3,331.0
LBB,JFK,3.0,1778.0,3,592.6666666666666
LBB,LAS,14.0,3585.46,13,256.1042857142857
LBB,LAX,12.0,4126.12,11,343.8433333333333
LBB,LCH,1.0,163.0,1,163.0
LBB,LEX,5.0,1323.24,4,264.648
LBB,LFT,6.0,2705.0,6,450.8333333333333
LBB,LGA,6.0,2012.84,6,335.4733333333333
LBB,LGB,2.0,301.59,2,150.795
LBB,LIT,6.0,1220.0,6,203.33333333333334
LBB,MCI,3.0,916.5,3,305.5
LBB,MCO,9.0,3613.0,8,401.44444444444446
LBB,MEM,3.0,837.47,3,279.1566666666667
LBB,MFE,1.0,179.0,1,179.0
LBB,MGM,4.0,1554.5,4,388.625
LBB,MHK,6.0,1599.0,6,266.5
LBB,MHT,1.0,430.0,1,430.0
LBB,MIA,6.0,2331.5,6,388.5833333333333
LBB,MKE,2.0,721.0,2,360.5
LBB,MLI,2.0,848.0,2,424.0
LBB,MOB,1.0,381.0,1,381.0
LBB,MRY,4.0,1319.32,4,329.83
LBB,MSN,4.0,2025.57,4,506.3925
LBB,MSP,1.0,293.0,1,293.0
LBB,MSY,5.0,2227.0,5,445.4
LBB,MWA,1.0,267.1,1,267.1
LBB,OAJ,1.0,648.0,1,648.0
LBB,OGG,5.0,2545.79,4,509.158
LBB,OKC,3.0,610.26,3,203.42
LBB,ONT,8.0,3407.41,7,425.92625
LBB,ORD,5.0,1713.85,5,342.77
LBB,ORF,1.0,561.0,1,561.0
LBB,PDX,3.0,644.5,3,214.83333333333334
LBB,PHL,2.0,388.5,2,194.25
LBB,PHX,50.0,13630.73,40,272.6146
LBB,PIA,3.0,976.8,3,325.59999999999997
LBB,PIT,2.0,671.0,2,335.5
LBB,PNS,2.0,734.0,2,367.0
LBB,PSP,2.0,506.5,2,253.25
LBB,PVD,1.0,624.67,1,624.67
LBB,RAP,1.0,412.5,1,412.5
LBB,RDU,6.0,2407.0,6,401.1666666666667
LBB,RIC,3.0,1391.28,3,463.76
LBB,RNO,2.0,917.0,2,458.5
LBB,ROC,1.0,338.0,1,338.0
LBB,RST,2.0,695.69,2,347.845
LBB,RSW,1.0,572.0,1,572.0
LBB,SAN,20.0,5496.12,20,274.806
LBB,SAT,14.0,3270.63,11,233.61642857142857
LBB,SBA,5.0,1887.76,4,377.552
LBB,SBP,1.0,347.64,1,347.64
LBB,SDF,4.0,1600.5,4,400.125
LBB,SEA,9.0,2301.41,9,255.7122222222222
LBB,SFO,5.0,1612.81,5,322.562
LBB,SGF,11.0,3683.46,10,334.86
LBB,SGU,2.0,507.5,2,253.75
LBB,SHV,2.0,567.5,2,283.75
LBB,SJC,3.0,733.35,3,244.45000000000002
LBB,SJU,1.0,5.0,1,5.0
LBB,SLC,6.0,1440.82,6,240.13666666666666
LBB,SMF,8.0,2490.69,8,311.33625
LBB,SNA,5.0,1224.72,5,244.94400000000002
LBB,STL,3.0,970.09,3,323.36333333333334
LBB,STS,1.0,394.0,1,394.0
LBB,STX,1.0,432.5,1,432.5
LBB,SWO,1.0,250.0,1,250.0
LBB,SYR,2.0,551.0,2,275.5
LBB,TLH,2.0,607.0,2,303.5
LBB,TPA,4.0,2017.0,4,504.25
LBB,TUL,1.0,412.0,1,412.0
LBB,TUS,9.0,2091.25,9,232.36111111111111
LBB,TYR,2.0,458.96,2,229.48
LBB,TYS,2.0,778.0,2,389.0
LBB,VPS,10.0,3734.34,9,373.434
LBB,XNA,8.0,2054.98,8,256.8725
LBB,YUM,1.0,312.03,1,312.03
LCH,ABI,3.0,547.0,3,182.33333333333334
LCH,ABQ,3.0,1111.5,3,370.5
LCH,ACY,1.0,240.5,1,240.5
LCH,ANC,3.0,1958.94,3,652.98
LCH,ATL,8.0,2069.0,8,258.625
LCH,AUS,2.0,628.0,2,314.0
LCH,AVL,1.0,218.5,1,218.5
LCH,BFL,1.0,394.23,1,394.23
LCH,BHM,1.0,162.0,1,162.0
LCH,BIL,2.0,288.0,2,144.0
LCH,BMI,2.0,512.01,2,256.005
LCH,BNA,9.0,2769.0,9,307.6666666666667
LCH,BOI,1.0,471.0,1,471.0
LCH,BOS,6.0,1880.0,6,313.3333333333333
LCH,BRO,1.0,134.0,1,134.0
LCH,BUR,2.0,584.74,2,292.37
LCH,BWI,3.0,833.5,3,277.8333333333333
LCH,CAE,1.0,353.0,1,353.0
LCH,CHA,1.0,264.5,1,264.5
LCH,CHS,1.0,428.0,1,428.0
LCH,CID,1.0,391.5,1,391.5
LCH,CLE,2.0,535.5,2,267.75
LCH,CLT,4.0,1556.16,4,389.04
LCH,CMH,6.0,1560.0,6,260.0
LCH,COS,3.0,738.5,3,246.16666666666666
LCH,COU,1.0,184.0,1,184.0
LCH,CRP,2.0,723.0,2,361.5
LCH,CWA,1.0,515.0,1,515.0
LCH,DAY,1.0,5.0,1,5.0
LCH,DCA,6.0,2066.37,6,344.395
LCH,DEN,12.0,3465.82,11,288.8183333333333
LCH,DFW,91.0,17313.6,73,190.25934065934064
LCH,DRO,2.0,11.0,2,5.5
LCH,DRT,1.0,634.0,1,634.0
LCH,DSM,1.0,347.46,1,347.46
LCH,DTW,4.0,1211.71,4,302.9275
LCH,EGE,2.0,690.5,2,345.25
LCH,ELP,3.0,713.5,3,237.83333333333334
LCH,EVV,1.0,496.0,1,496.0
LCH,FAT,2.0,740.0,2,370.0
LCH,FAY,2.0,143.5,2,71.75
LCH,FLL,1.0,177.0,1,177.0
LCH,GEG,1.0,489.0,1,489.0
LCH,HDN,3.0,803.5,3,267.8333333333333
LCH,HNL,2.0,1397.5,2,698.75
LCH,HRL,1.0,215.0,1,215.0
LCH,HSV,1.0,257.0,1,257.0
LCH,HTS,1.0,447.5,1,447.5
LCH,IAD,1.0,262.0,1,262.0
LCH,ICT,3.0,1640.7,3,546.9
LCH,IDA,1.0,702.0,1,702.0
LCH,IND,10.0,2984.63,8,298.463
LCH,JAX,6.0,1939.0,5,323.1666666666667
LCH,KOA,1.0,574.0,1,574.0
LCH,LAS,12.0,3803.0,11,316.9166666666667
LCH,LAX,5.0,1531.33,5,306.26599999999996
LCH,LBB,1.0,163.0,1,163.0
LCH,LGA,9.0,1752.1599999999999,9,194.68444444444444
LCH,LGB,1.0,367.0,1,367.0
LCH,LIH,1.0,546.6,1,546.6
LCH,LSE,1.0,253.0,1,253.0
LCH,MAF,12.0,2535.5,12,211.29166666666666
LCH,MCI,4.0,1490.8899999999999,4,372.72249999999997
LCH,MCO,14.0,4876.0,14,348.2857142857143
LCH,MEM,5.0,1448.5,5,289.7
LCH,MFE,2.0,382.0,2,191.0
LCH,MGM,1.0,192.0,1,192.0
LCH,MIA,4.0,957.9,4,239.475
LCH,MKE,2.0,344.0,1,172.0
LCH,MLI,2.0,554.0,2,277.0
LCH,MRY,2.0,507.5,2,253.75
LCH,MSO,1.0,443.0,1,443.0
LCH,MSP,4.0,1688.0,3,422.0
LCH,MTJ,1.0,376.0,1,376.0
LCH,MYR,1.0,220.5,1,220.5
LCH,OAJ,1.0,568.0,1,568.0
LCH,OKC,4.0,563.0,4,140.75
LCH,OMA,1.0,239.0,1,239.0
LCH,ONT,1.0,293.0,1,293.0
LCH,ORD,6.0,2684.0,6,447.3333333333333
LCH,PBI,1.0,578.0,1,578.0
LCH,PDX,2.0,1040.5,2,520.25
LCH,PHL,9.0,3014.0,9,334.8888888888889
LCH,PHX,10.0,2900.0,10,290.0
LCH,PIT,6.0,1506.05,6,251.00833333333333
LCH,PKB,1.0,427.0,1,427.0
LCH,PSP,1.0,288.5,1,288.5
LCH,PVD,2.0,506.0,2,253.0
LCH,RDU,4.0,807.5,4,201.875
LCH,RIC,2.0,435.61,2,217.805
LCH,RNO,2.0,823.0,2,411.5
LCH,ROW,1.0,191.0,1,191.0
LCH,RSW,1.0,219.0,1,219.0
LCH,SAF,3.0,907.5,3,302.5
LCH,SAN,5.0,1496.0,5,299.2
LCH,SAT,4.0,1289.46,4,322.365
LCH,SAV,3.0,828.5,3,276.1666666666667
LCH,SBA,1.0,412.1,1,412.1
LCH,SDF,1.0,259.0,1,259.0
LCH,SEA,7.0,2372.0,7,338.85714285714283
LCH,SFO,5.0,2972.8599999999997,4,594.5719999999999
LCH,SGF,1.0,204.0,1,204.0
LCH,SJU,2.0,509.0,2,254.5
LCH,SLC,9.0,2739.5,9,304.3888888888889
LCH,SMF,1.0,5.0,1,5.0
LCH,SNA,3.0,810.0,3,270.0
LCH,SRQ,1.0,289.0,1,289.0
LCH,STL,6.0,1685.0,6,280.8333333333333
LCH,STX,1.0,275.0,1,275.0
LCH,TLH,1.0,369.0,1,369.0
LCH,TPA,1.0,281.5,1,281.5
LCH,TUL,5.0,1093.0,5,218.6
LCH,TUS,3.0,858.0,3,286.0
LCH,TYR,1.0,193.0,1,193.0
LCH,TYS,1.0,317.0,1,317.0
LCH,XNA,1.0,5.5,1,5.5
LEB,ORD,1.0,264.5,1,264.5
LEX,ABI,3.0,1161.5,3,387.1666666666667
LEX,ABQ,11.0,4697.49,9,427.0445454545454
LEX,ACT,2.0,588.5,2,294.25
LEX,AEX,1.0,304.0,1,304.0
LEX,AGS,1.0,257.5,1,257.5
LEX,ALB,1.0,246.52,1,246.52
LEX,AMA,7.0,2859.5,7,408.5
LEX,ANC,4.0,1787.5,4,446.875
LEX,ASE,2.0,1203.5,2,601.75
LEX,ATW,3.0,947.46,3,315.82
LEX,AUS,32.0,9526.09,31,297.6903125
LEX,BDL,3.0,568.21,3,189.40333333333334
LEX,BFL,3.0,937.0,3,312.3333333333333
LEX,BMI,1.0,868.0,1,868.0
LEX,BOI,2.0,1049.0,2,524.5
LEX,BOS,16.0,4916.85,16,307.303125
LEX,BPT,1.0,603.0,1,603.0
LEX,BRO,4.0,1413.0,4,353.25
LEX,BTR,2.0,613.0,2,306.5
LEX,BUF,3.0,843.59,3,281.19666666666666
LEX,BUR,8.0,3218.66,8,402.3325
LEX,BWI,6.0,1379.78,5,229.96333333333334
LEX,BZN,6.0,2563.77,6,427.295
LEX,CAE,1.0,187.5,1,187.5
LEX,CID,4.0,1530.5,4,382.625
LEX,CLL,6.0,1940.5,6,323.4166666666667
LEX,CLT,13.0,1907.15,12,146.70384615384617
LEX,CMI,1.0,394.0,1,394.0
LEX,COS,13.0,4401.0,13,338.53846153846155
LEX,COU,1.0,438.0,1,438.0
LEX,CRP,11.0,3385.81,11,307.8009090909091
LEX,CSG,1.0,287.5,1,287.5
LEX,DCA,1.0,251.5,1,251.5
LEX,DEN,19.0,6416.54,19,337.71263157894737
LEX,DFW,366.0,128050.59,237,349.865
LEX,DRO,2.0,641.5,2,320.75
LEX,DRT,1.0,651.0,1,651.0
LEX,DSM,2.0,549.5,2,274.75
LEX,DTW,2.0,768.88,2,384.44
LEX,EGE,3.0,596.0,3,198.66666666666666
LEX,ELP,11.0,4121.32,11,374.6654545454545
LEX,EWR,12.0,2212.52,12,184.37666666666667
LEX,FAI,2.0,1630.0,2,815.0
LEX,FAR,2.0,740.4,2,370.2
LEX,FAT,10.0,3425.5,9,342.55
LEX,FAY,1.0,236.5,1,236.5
LEX,FLL,7.0,1756.89,7,250.98428571428573
LEX,FNT,1.0,273.0,1,273.0
LEX,FSD,4.0,1049.5,4,262.375
LEX,FSM,1.0,425.68,1,425.68
LEX,GGG,1.0,344.0,1,344.0
LEX,GJT,5.0,2400.0,5,480.0
LEX,GNV,1.0,402.5,1,402.5
LEX,GPT,1.0,359.18,1,359.18
LEX,GRB,1.0,286.0,1,286.0
LEX,GRK,3.0,963.0,3,321.0
LEX,GSO,1.0,217.5,1,217.5
LEX,HDN,1.0,363.0,1,363.0
LEX,HHH,1.0,324.0,1,324.0
LEX,HNL,5.0,2647.0,5,529.4
LEX,HOU,18.0,6583.5,18,365.75
LEX,HPN,2.0,683.7,2,341.85
LEX,HRL,1.0,299.0,1,299.0
LEX,IAD,3.0,543.0,2,181.0
LEX,IAH,29.0,9190.89,28,316.9272413793103
LEX,ICT,12.0,3694.82,12,307.9016666666667
LEX,ILM,2.0,453.61,2,226.805
LEX,ITO,1.0,832.05,1,832.05
LEX,JAC,6.0,2491.0,6,415.1666666666667
LEX,JAN,2.0,462.01,2,231.005
LEX,JAX,3.0,754.19,3,251.39666666666668
LEX,KOA,1.0,416.51,1,416.51
LEX,LAN,1.0,1084.0,1,1084.0
LEX,LAS,36.0,15898.2,35,441.6166666666667
LEX,LAW,3.0,1270.07,3,423.3566666666666
LEX,LAX,30.0,12030.2,28,401.0066666666667
LEX,LBB,7.0,2777.76,6,396.8228571428572
LEX,LCH,1.0,360.0,1,360.0
LEX,LGA,18.0,3474.76,15,193.04222222222222
LEX,LIH,1.0,535.83,1,535.83
LEX,LIT,9.0,2949.14,8,327.6822222222222
LEX,LSE,2.0,458.0,2,229.0
LEX,MAF,7.0,2062.5,7,294.64285714285717
LEX,MCI,21.0,7644.08,19,364.00380952380954
LEX,MCO,14.0,3802.17,14,271.5835714285714
LEX,MEM,6.0,1281.65,6,213.60833333333335
LEX,MFE,3.0,1300.5,3,433.5
LEX,MGM,1.0,169.59,1,169.59
LEX,MHK,1.0,241.0,1,241.0
LEX,MIA,3.0,1280.31,3,426.77
LEX,MKE,3.0,825.5,3,275.1666666666667
LEX,MLI,1.0,329.0,1,329.0
LEX,MLU,1.0,276.0,1,276.0
LEX,MQT,1.0,484.0,1,484.0
LEX,MRY,7.0,3201.2799999999997,7,457.32571428571424
LEX,MSN,2.0,798.0,2,399.0
LEX,MSO,2.0,593.5,2,296.75
LEX,MSP,10.0,2974.91,10,297.491
LEX,MSY,9.0,2149.91,9,238.87888888888887
LEX,MTJ,2.0,912.0,2,456.0
LEX,OAJ,1.0,242.5,1,242.5
LEX,OGG,5.0,3137.77,5,627.554
LEX,OKC,15.0,3016.8199999999997,12,201.12133333333333
LEX,OMA,7.0,1979.37,7,282.76714285714286
LEX,ONT,20.0,7123.29,18,356.1645
LEX,ORD,189.0,31053.53,139,164.30439153439153
LEX,PBG,1.0,500.0,1,500.0
LEX,PBI,1.0,216.5,1,216.5
LEX,PDX,12.0,4843.1,12,403.5916666666667
LEX,PHF,1.0,228.0,1,228.0
LEX,PHL,4.0,1481.3600000000001,4,370.34000000000003
LEX,PHX,44.0,14626.8,41,332.42727272727274
LEX,PIA,2.0,583.5,2,291.75
LEX,PIT,3.0,795.01,2,265.00333333333333
LEX,PSC,1.0,585.0,1,585.0
LEX,PSP,21.0,9199.86,21,438.08857142857147
LEX,PVD,1.0,725.0,1,725.0
LEX,RAP,1.0,396.0,1,396.0
LEX,RDU,3.0,580.0,3,193.33333333333334
LEX,RIC,1.0,255.5,1,255.5
LEX,RNO,8.0,3063.9,8,382.9875
LEX,ROC,1.0,313.0,1,313.0
LEX,ROW,2.0,772.5,2,386.25
LEX,RST,8.0,2719.26,7,339.9075
LEX,RSW,5.0,1829.7800000000002,5,365.956
LEX,SAF,4.0,1258.0,4,314.5
LEX,SAN,36.0,12691.73,36,352.54805555555555
LEX,SAT,15.0,3694.67,15,246.31133333333335
LEX,SBA,3.0,1505.0,3,501.6666666666667
LEX,SBP,6.0,1860.79,5,310.13166666666666
LEX,SCE,1.0,242.0,1,242.0
LEX,SEA,14.0,4358.47,13,311.31928571428574
LEX,SFO,32.0,11855.39,32,370.4809375
LEX,SGF,5.0,1760.23,5,352.046
LEX,SHV,1.0,451.0,1,451.0
LEX,SJC,11.0,4711.03,11,428.2754545454545
LEX,SJT,1.0,369.0,1,369.0
LEX,SLC,16.0,5467.4,16,341.7125
LEX,SMF,18.0,5583.76,17,310.2088888888889
LEX,SNA,20.0,6845.07,20,342.2535
LEX,STL,4.0,974.5,4,243.625
LEX,STS,2.0,882.5,2,441.25
LEX,TLH,3.0,1139.0,3,379.6666666666667
LEX,TPA,10.0,2641.31,9,264.131
LEX,TUL,8.0,2296.91,8,287.11375
LEX,TUS,11.0,2651.14,10,241.01272727272726
LEX,TVC,2.0,1382.47,2,691.235
LEX,TXK,1.0,559.0,1,559.0
LEX,TYR,2.0,534.0,2,267.0
LEX,VPS,1.0,208.0,1,208.0
LEX,XNA,18.0,6180.92,18,343.38444444444445
LFT,ABE,1.0,5.0,1,5.0
LFT,ABI,4.0,1572.0,4,393.0
LFT,ABQ,6.0,2310.5,6,385.0833333333333
LFT,ACT,1.0,229.0,1,229.0
LFT,AGS,1.0,538.0,1,538.0
LFT,AMA,3.0,1258.0,3,419.3333333333333
LFT,ANC,11.0,6275.52,11,570.5018181818182
LFT,ASE,3.0,1276.5,3,425.5
LFT,ATL,4.0,1202.37,4,300.5925
LFT,AUS,12.0,4031.0,12,335.9166666666667
LFT,AZO,1.0,157.5,1,157.5
LFT,BDL,1.0,1317.0,1,1317.0
LFT,BFL,4.0,1963.78,4,490.945
LFT,BIL,4.0,1818.5,4,454.625
LFT,BIS,6.0,2955.5,6,492.5833333333333
LFT,BNA,12.0,3369.85,12,280.8208333333333
LFT,BOI,2.0,1304.48,2,652.24
LFT,BOS,3.0,1371.45,3,457.15000000000003
LFT,BUR,7.0,2182.5,7,311.7857142857143
LFT,BWI,5.0,2584.65,5,516.9300000000001
LFT,BZN,4.0,2180.5,4,545.125
LFT,CHA,2.0,1026.26,2,513.13
LFT,CHO,1.0,782.0,1,782.0
LFT,CHS,3.0,1198.51,2,399.50333333333333
LFT,CID,1.0,245.0,1,245.0
LFT,CLE,7.0,3334.11,7,476.3014285714286
LFT,CLT,8.0,2361.22,8,295.1525
LFT,CMH,5.0,2685.96,5,537.192
LFT,CMI,1.0,266.5,1,266.5
LFT,COS,8.0,2774.5,8,346.8125
LFT,COU,2.0,953.0,2,476.5
LFT,CRP,4.0,1442.0,4,360.5
LFT,CVG,6.0,2387.62,6,397.93666666666667
LFT,DCA,14.0,5205.48,14,371.82
LFT,DEN,49.0,19395.5,46,395.8265306122449
LFT,DFW,203.0,50940.59,149,250.93886699507388
LFT,DRO,9.0,2839.5,9,315.5
LFT,DSM,2.0,776.29,2,388.145
LFT,DTW,4.0,1939.0,4,484.75
LFT,EGE,13.0,5348.0,13,411.38461538461536
LFT,ELP,2.0,1151.0,2,575.5
LFT,EUG,1.0,628.0,1,628.0
LFT,EWR,4.0,1846.17,4,461.5425
LFT,EYW,1.0,278.5,1,278.5
LFT,FAT,1.0,556.0,1,556.0
LFT,FAY,1.0,334.14,1,334.14
LFT,FLG,4.0,2009.5,4,502.375
LFT,FLL,7.0,2308.05,7,329.7214285714286
LFT,FNT,1.0,379.0,1,379.0
LFT,GEG,1.0,767.5,1,767.5
LFT,GJT,5.0,1815.82,5,363.164
LFT,GRB,1.0,300.5,1,300.5
LFT,GRR,1.0,349.0,1,349.0
LFT,HDN,13.0,5329.5,12,409.96153846153845
LFT,HNL,12.0,6659.610000000001,11,554.9675000000001
LFT,HSV,4.0,1086.75,4,271.6875
LFT,IAD,2.0,663.0,2,331.5
LFT,ICT,6.0,2360.5,6,393.4166666666667
LFT,IDA,1.0,944.0,1,944.0
LFT,IND,15.0,5067.08,13,337.80533333333335
LFT,IWD,1.0,731.0,1,731.0
LFT,JAC,2.0,653.0,2,326.5
LFT,JAX,3.0,1048.18,3,349.3933333333334
LFT,JFK,5.0,2297.6800000000003,3,459.53600000000006
LFT,KOA,1.0,679.5,1,679.5
LFT,LAN,2.0,1210.0,2,605.0
LFT,LAS,28.0,13695.66,27,489.1307142857143
LFT,LAW,1.0,284.0,1,284.0
LFT,LAX,36.0,15208.22,32,422.4505555555555
LFT,LBB,8.0,3258.0,8,407.25
LFT,LEX,1.0,679.0,1,679.0
LFT,LGA,8.0,2389.41,8,298.67625
LFT,LIH,1.0,693.5,1,693.5
LFT,LIT,4.0,1479.5,4,369.875
LFT,LSE,1.0,249.0,1,249.0
LFT,MAF,44.0,17123.03,44,389.1597727272727
LFT,MCI,7.0,2053.5,7,293.35714285714283
LFT,MCO,16.0,4940.07,14,308.754375
LFT,MEM,8.0,2597.5299999999997,6,324.69124999999997
LFT,MFE,1.0,486.0,1,486.0
LFT,MHK,7.0,1827.0,7,261.0
LFT,MHT,1.0,594.0,1,594.0
LFT,MIA,8.0,3269.89,7,408.73625
LFT,MKE,1.0,289.0,1,289.0
LFT,MSN,1.0,293.0,1,293.0
LFT,MSO,1.0,268.5,1,268.5
LFT,MSP,2.0,878.5,2,439.25
LFT,MTJ,7.0,3512.0,6,501.7142857142857
LFT,MYR,1.0,420.01,1,420.01
LFT,OGG,3.0,1292.0,3,430.6666666666667
LFT,OKC,11.0,3032.96,11,275.7236363636364
LFT,OMA,3.0,1054.0,3,351.3333333333333
LFT,ONT,7.0,2757.0,7,393.85714285714283
LFT,ORD,10.0,3763.0,9,376.3
LFT,ORF,1.0,241.0,1,241.0
LFT,PBI,4.0,1731.9099999999999,4,432.97749999999996
LFT,PDX,10.0,4216.5,9,421.65
LFT,PHL,9.0,3250.0,9,361.1111111111111
LFT,PHX,23.0,8182.24,21,355.7495652173913
LFT,PIA,1.0,422.77,1,422.77
LFT,PIT,10.0,4027.02,10,402.702
LFT,PSP,2.0,596.5,2,298.25
LFT,RAP,6.0,2171.0,6,361.8333333333333
LFT,RDM,1.0,251.0,1,251.0
LFT,RDU,5.0,1525.02,4,305.004
LFT,RIC,1.0,353.81,1,353.81
LFT,RNO,8.0,2671.0,8,333.875
LFT,ROW,1.0,204.0,1,204.0
LFT,RST,1.0,656.06,1,656.06
LFT,RSW,3.0,1161.0,3,387.0
LFT,SAF,8.0,2897.0,7,362.125
LFT,SAN,13.0,5974.5,13,459.5769230769231
LFT,SAT,5.0,1431.0,5,286.2
LFT,SAV,2.0,707.58,2,353.79
LFT,SBA,7.0,4225.5,7,603.6428571428571
LFT,SBP,1.0,288.5,1,288.5
LFT,SDF,6.0,2291.65,6,381.94166666666666
LFT,SDY,1.0,453.5,1,453.5
LFT,SEA,11.0,6522.49,11,592.9536363636363
LFT,SFO,8.0,2944.73,8,368.09125
LFT,SGF,7.0,2192.0,7,313.14285714285717
LFT,SJC,6.0,1743.5,6,290.5833333333333
LFT,SJT,4.0,1477.0,4,369.25
LFT,SJU,5.0,2756.82,4,551.364
LFT,SLC,19.0,7559.5,18,397.86842105263156
LFT,SMF,7.0,3595.5,7,513.6428571428571
LFT,SNA,6.0,2796.62,6,466.1033333333333
LFT,SPS,1.0,394.0,1,394.0
LFT,STL,7.0,2286.49,7,326.64142857142855
LFT,STT,2.0,1095.0,2,547.5
LFT,SYR,1.0,819.0,1,819.0
LFT,TLH,1.0,386.98,1,386.98
LFT,TPA,4.0,1139.63,4,284.9075
LFT,TRI,2.0,1285.51,2,642.755
LFT,TUL,14.0,5951.62,14,425.11571428571426
LFT,TUS,11.0,4676.5,10,425.1363636363636
LFT,TYS,5.0,1703.58,5,340.716
LFT,XNA,2.0,364.0,2,182.0
LGA,ABI,11.0,2248.91,11,204.44636363636363
LGA,AGS,6.0,1135.42,6,189.23666666666668
LGA,ALO,5.0,1090.5,5,218.1
LGA,AMA,1.0,346.5,1,346.5
LGA,ATL,1.0,108.51,1,108.51
LGA,ATW,2.0,457.5,2,228.75
LGA,AUS,6.0,1505.1,6,250.85
LGA,AZO,1.0,228.0,1,228.0
LGA,BHM,2.0,744.64,2,372.32
LGA,BIL,3.0,825.0,2,275.0
LGA,BMI,1.0,458.37,1,458.37
LGA,BNA,1.0,162.72,1,162.72
LGA,BRO,10.0,2898.08,10,289.808
LGA,BTR,8.0,1535.96,8,191.995
LGA,CID,19.0,5894.98,19,310.2621052631579
LGA,CLE,1.0,244.47,1,244.47
LGA,CMH,8.0,1085.21,8,135.65125
LGA,CMI,18.0,6048.0599999999995,17,336.00333333333333
LGA,COU,9.0,1788.25,8,198.69444444444446
LGA,CRP,15.0,5905.22,13,393.6813333333333
LGA,CVG,5.0,794.5999999999999,5,158.92
LGA,CWA,6.0,1818.8899999999999,6,303.1483333333333
LGA,DCA,2.0,120.79,2,60.395
LGA,DFW,2.0,748.9599999999999,2,374.47999999999996
LGA,DRO,5.0,2053.33,5,410.666
LGA,DSM,11.0,3226.34,11,293.3036363636364
LGA,ELP,1.0,583.0,1,583.0
LGA,EYW,1.0,473.52,1,473.52
LGA,FAR,19.0,5922.7300000000005,12,311.7226315789474
LGA,FNT,1.0,443.0,1,443.0
LGA,FSD,3.0,685.5,1,228.5
LGA,FSM,4.0,1113.1399999999999,4,278.28499999999997
LGA,FWA,1.0,310.64,1,310.64
LGA,GJT,5.0,1578.5,5,315.7
LGA,GNV,5.0,917.55,5,183.51
LGA,GRB,4.0,1251.17,3,312.7925
LGA,GRK,2.0,637.0,2,318.5
LGA,GRR,6.0,1512.88,6,252.14666666666668
LGA,GSO,3.0,229.93,3,76.64333333333333
LGA,GSP,1.0,3.49,1,3.49
LGA,HHH,3.0,458.0,3,152.66666666666666
LGA,HOU,2.0,318.5,2,159.25
LGA,HRL,4.0,1206.55,3,301.6375
LGA,HSV,5.0,1060.77,5,212.154
LGA,IAH,2.0,387.64,2,193.82
LGA,ICT,22.0,6002.47,21,272.8395454545455
LGA,IND,1.0,225.32,1,225.32
LGA,LAN,1.0,250.0,1,250.0
LGA,LAS,1.0,418.08,1,418.08
LGA,LAW,5.0,1167.3400000000001,4,233.46800000000002
LGA,LBB,1.0,386.16,1,386.16
LGA,LCH,6.0,1331.8400000000001,6,221.97333333333336
LGA,LEX,13.0,2119.24,10,163.0184615384615
LGA,LFT,6.0,962.59,6,160.43166666666667
LGA,LIT,23.0,5891.04,22,256.13217391304346
LGA,LSE,3.0,915.88,3,305.29333333333335
LGA,MAF,17.0,6192.98,15,364.29294117647055
LGA,MCI,4.0,892.24,4,223.06
LGA,MEM,1.0,109.64,1,109.64
LGA,MHK,17.0,3812.92,16,224.28941176470587
LGA,MIA,3.0,617.8199999999999,2,205.93999999999997
LGA,MKE,2.0,391.0,2,195.5
LGA,MLI,23.0,7085.65,19,308.07173913043476
LGA,MQT,2.0,842.3399999999999,2,421.16999999999996
LGA,MRY,3.0,731.02,3,243.67333333333332
LGA,MSN,8.0,1955.64,7,244.455
LGA,MSP,3.0,631.03,3,210.34333333333333
LGA,MSY,1.0,748.0,1,748.0
LGA,OKC,1.0,303.38,1,303.38
LGA,OMA,2.0,417.02,2,208.51
LGA,ORD,25.0,3431.26,24,137.2504
LGA,PIA,18.0,4368.97,17,242.72055555555556
LGA,RAP,2.0,565.75,2,282.875
LGA,RST,4.0,862.8199999999999,4,215.70499999999998
LGA,SAF,6.0,1096.78,6,182.79666666666665
LGA,SAT,1.0,283.59,1,283.59
LGA,SAV,1.0,100.47,1,100.47
LGA,SBP,1.0,321.76,1,321.76
LGA,SGF,31.0,9520.619999999999,30,307.11677419354834
LGA,SHV,9.0,1907.3400000000001,8,211.92666666666668
LGA,SJT,3.0,794.8399999999999,3,264.94666666666666
LGA,STL,1.0,180.69,1,180.69
LGA,TLH,14.0,3587.43,13,256.245
LGA,TPA,1.0,96.21,1,96.21
LGA,TVC,7.0,1664.94,6,237.84857142857143
LGA,XNA,32.0,9215.3,31,287.978125
LGB,ATW,1.0,372.5,1,372.5
LGB,CMH,1.0,546.59,1,546.59
LGB,GRR,1.0,5.57,1,5.57
LGB,HOU,1.0,555.0,1,555.0
LGB,LBB,2.0,301.41,2,150.705
LGB,LSE,1.0,343.0,1,343.0
LGB,MAF,1.0,337.5,1,337.5
LGB,SAF,1.0,187.5,1,187.5
LGB,SGF,1.0,284.0,1,284.0
LGB,XNA,2.0,707.0,2,353.5
LIH,ATW,1.0,1496.77,1,1496.77
LIH,BIL,1.0,703.0,1,703.0
LIH,CID,1.0,892.0,1,892.0
LIH,CMH,1.0,714.42,1,714.42
LIH,CVG,1.0,1741.77,1,1741.77
LIH,CWA,1.0,5.54,1,5.54
LIH,DSM,1.0,352.89,1,352.89
LIH,FAR,2.0,1564.65,2,782.325
LIH,GJT,2.0,2145.02,2,1072.51
LIH,GRB,1.0,483.3,1,483.3
LIH,GRR,2.0,474.37,2,237.185
LIH,HNL,1.0,9.73,1,9.73
LIH,HSV,5.0,2506.16,5,501.23199999999997
LIH,ICT,1.0,5.5,1,5.5
LIH,LAN,1.0,444.0,1,444.0
LIH,LCH,1.0,531.4,1,531.4
LIH,LEX,1.0,536.17,1,536.17
LIH,LFT,1.0,693.5,1,693.5
LIH,LIT,2.0,891.22,2,445.61
LIH,LSE,1.0,655.0,1,655.0
LIH,MHK,2.0,1026.67,2,513.335
LIH,MKE,3.0,942.01,3,314.00333333333333
LIH,MQT,1.0,530.59,1,530.59
LIH,MSN,6.0,2290.5,3,381.75
LIH,PIA,1.0,816.13,1,816.13
LIH,RAP,2.0,851.1400000000001,2,425.57000000000005
LIH,SGF,2.0,2100.8199999999997,2,1050.4099999999999
LIH,TLH,1.0,437.61,1,437.61
LIH,TVC,1.0,826.72,1,826.72
LIH,XNA,4.0,4494.6900000000005,4,1123.6725000000001
LIT,ABI,6.0,1813.91,6,302.3183333333333
LIT,ABQ,6.0,2228.41,6,371.40166666666664
LIT,AGS,2.0,330.5,2,165.25
LIT,ALB,12.0,3323.78,12,276.9816666666667
LIT,AMA,3.0,708.0,3,236.0
LIT,ANC,11.0,5158.13,8,468.9209090909091
LIT,ART,1.0,163.0,1,163.0
LIT,ASE,1.0,327.01,1,327.01
LIT,ATL,1.0,219.0,1,219.0
LIT,ATW,8.0,2158.13,8,269.76625
LIT,AUS,26.0,7873.9400000000005,24,302.8438461538462
LIT,AVL,2.0,587.81,2,293.905
LIT,AVP,1.0,363.0,1,363.0
LIT,AZO,1.0,538.0,1,538.0
LIT,BDL,19.0,5254.82,18,276.5694736842105
LIT,BFL,8.0,3864.86,8,483.1075
LIT,BGR,1.0,223.0,1,223.0
LIT,BIL,2.0,722.0,2,361.0
LIT,BIS,2.0,1129.5,2,564.75
LIT,BOI,2.0,717.0,2,358.5
LIT,BOS,39.0,13916.2,38,356.82564102564106
LIT,BPT,3.0,476.5,3,158.83333333333334
LIT,BRO,6.0,1616.0,6,269.3333333333333
LIT,BTV,5.0,1435.7,5,287.14
LIT,BUF,4.0,1041.87,4,260.4675
LIT,BUR,10.0,4107.5,10,410.75
LIT,BWI,10.0,3090.85,10,309.085
LIT,BZN,2.0,713.0,2,356.5
LIT,CAE,2.0,122.0,2,61.0
LIT,CHS,3.0,632.0,3,210.66666666666666
LIT,CID,7.0,2668.55,7,381.2214285714286
LIT,CLE,16.0,4877.66,16,304.85375
LIT,CLL,3.0,926.0,3,308.6666666666667
LIT,CLT,10.0,2687.09,10,268.709
LIT,CMH,14.0,3201.65,11,228.68928571428572
LIT,COS,7.0,1980.0,6,282.85714285714283
LIT,CRP,5.0,1209.0,5,241.8
LIT,CVG,12.0,3791.06,11,315.9216666666667
LIT,CVN,1.0,323.5,1,323.5
LIT,CWA,1.0,361.0,1,361.0
LIT,DAB,1.0,423.21,1,423.21
LIT,DAY,5.0,2140.67,5,428.134
LIT,DCA,267.0,72401.51,202,271.1667041198502
LIT,DEN,17.0,5004.34,16,294.3729411764706
LIT,DFW,340.0,72186.0,273,212.31176470588235
LIT,DRT,1.0,216.0,1,216.0
LIT,DSM,12.0,2677.98,10,223.165
LIT,DTW,14.0,4026.75,14,287.625
LIT,DVL,1.0,1039.0,1,1039.0
LIT,ECP,2.0,239.5,2,119.75
LIT,EGE,5.0,1997.93,5,399.586
LIT,ELP,13.0,4534.5,13,348.8076923076923
LIT,EUG,2.0,893.96,2,446.98
LIT,EWR,30.0,6429.39,23,214.31300000000002
LIT,EYW,3.0,1043.67,3,347.89000000000004
LIT,FAI,2.0,1152.0,2,576.0
LIT,FAR,8.0,2990.25,8,373.78125
LIT,FAT,10.0,2968.0,10,296.8
LIT,FLG,2.0,878.5,2,439.25
LIT,FLL,12.0,3382.24,12,281.8533333333333
LIT,FNT,6.0,2352.0,6,392.0
LIT,FSD,3.0,1173.59,3,391.19666666666666
LIT,FWA,2.0,642.0,2,321.0
LIT,GCK,2.0,503.0,2,251.5
LIT,GEG,1.0,253.0,1,253.0
LIT,GJT,7.0,2520.0,7,360.0
LIT,GNV,3.0,842.0,2,280.6666666666667
LIT,GRB,6.0,2219.0,6,369.8333333333333
LIT,GRK,4.0,1267.0,4,316.75
LIT,GRR,14.0,4758.16,14,339.86857142857144
LIT,GSO,1.0,370.0,1,370.0
LIT,GSP,3.0,1179.65,3,393.2166666666667
LIT,GUC,6.0,2541.5,6,423.5833333333333
LIT,HDN,4.0,1520.5,4,380.125
LIT,HNL,33.0,19616.3,33,594.4333333333333
LIT,HOU,3.0,1012.0,3,337.3333333333333
LIT,HPN,3.0,688.1,3,229.36666666666667
LIT,HRL,2.0,530.5,2,265.25
LIT,IAH,6.0,2005.0,6,334.1666666666667
LIT,ICT,3.0,816.0,3,272.0
LIT,IND,19.0,5621.02,19,295.84315789473686
LIT,JAC,7.0,2924.81,7,417.83
LIT,JAX,19.0,4793.74,14,252.30210526315787
LIT,JFK,5.0,1816.67,5,363.334
LIT,KOA,3.0,1700.02,3,566.6733333333333
LIT,LAN,3.0,725.0,3,241.66666666666666
LIT,LAS,76.0,29582.31,71,389.2409210526316
LIT,LAW,2.0,626.0,2,313.0
LIT,LAX,60.0,22877.85,50,381.29749999999996
LIT,LBB,6.0,1220.0,6,203.33333333333334
LIT,LCH,1.0,403.0,1,403.0
LIT,LFT,5.0,2300.5,5,460.1
LIT,LGA,28.0,9100.97,27,325.03464285714284
LIT,LIH,2.0,890.78,2,445.39
LIT,LRD,3.0,640.0,3,213.33333333333334
LIT,MAF,10.0,2674.83,10,267.483
LIT,MBL,1.0,163.96,1,163.96
LIT,MCI,13.0,3905.55,13,300.4269230769231
LIT,MCO,38.0,11126.4,36,292.8
LIT,MDT,3.0,533.38,3,177.79333333333332
LIT,MFE,4.0,925.0,4,231.25
LIT,MHK,2.0,530.0,2,265.0
LIT,MHT,4.0,1328.24,4,332.06
LIT,MIA,22.0,6861.43,21,311.8831818181818
LIT,MKE,9.0,2737.7400000000002,8,304.1933333333334
LIT,MLI,6.0,1954.9,6,325.81666666666666
LIT,MRY,1.0,766.5,1,766.5
LIT,MSN,10.0,2606.26,10,260.62600000000003
LIT,MSO,1.0,401.0,1,401.0
LIT,MSP,30.0,7909.58,28,263.6526666666667
LIT,MSY,16.0,5063.38,16,316.46125
LIT,MTJ,8.0,2873.0,8,359.125
LIT,MYR,1.0,279.0,1,279.0
LIT,OGG,28.0,25936.54,28,926.3050000000001
LIT,OKC,6.0,2264.0,5,377.3333333333333
LIT,OMA,11.0,2784.38,10,253.12545454545455
LIT,OME,1.0,583.5,1,583.5
LIT,ONT,20.0,7928.84,19,396.442
LIT,ORD,334.0,79228.93,254,237.21236526946106
LIT,ORF,8.0,1665.49,8,208.18625
LIT,PBI,10.0,3119.82,10,311.982
LIT,PDX,22.0,10863.14,20,493.7790909090909
LIT,PHL,23.0,6654.49,22,289.32565217391306
LIT,PHX,49.0,20445.65,46,417.25816326530617
LIT,PIA,2.0,833.5,2,416.75
LIT,PIT,19.0,6887.09,19,362.4784210526316
LIT,PNS,3.0,918.3199999999999,3,306.1066666666666
LIT,PSP,16.0,6688.86,15,418.05375
LIT,PVD,5.0,1309.54,5,261.908
LIT,PWM,5.0,1463.5,4,292.7
LIT,RAP,5.0,2123.0,5,424.6
LIT,RDU,6.0,2105.57,6,350.92833333333334
LIT,RIC,3.0,1163.77,3,387.92333333333335
LIT,RNO,14.0,7056.5,12,504.0357142857143
LIT,ROC,6.0,1789.03,6,298.1716666666667
LIT,RST,16.0,4804.5,15,300.28125
LIT,RSW,14.0,3742.19,14,267.2992857142857
LIT,SAF,3.0,1653.0,3,551.0
LIT,SAN,41.0,18066.0,37,440.6341463414634
LIT,SAT,15.0,3216.0,15,214.4
LIT,SAV,2.0,981.5,2,490.75
LIT,SBA,5.0,1412.5,5,282.5
LIT,SBP,2.0,354.0,2,177.0
LIT,SDF,6.0,1502.81,6,250.46833333333333
LIT,SEA,37.0,13532.61,33,365.7462162162162
LIT,SFO,25.0,12004.98,24,480.19919999999996
LIT,SJC,10.0,4044.36,10,404.43600000000004
LIT,SJT,1.0,703.0,1,703.0
LIT,SJU,1.0,902.0,1,902.0
LIT,SLC,19.0,8334.78,19,438.6726315789474
LIT,SMF,26.0,9483.45,24,364.74807692307695
LIT,SNA,24.0,7840.25,24,326.6770833333333
LIT,STL,1.0,265.6,1,265.6
LIT,STS,3.0,1530.5,3,510.1666666666667
LIT,STT,2.0,799.14,1,399.57
LIT,SWO,1.0,141.0,1,141.0
LIT,SYR,4.0,1117.2,4,279.3
LIT,TPA,15.0,4951.6,14,330.1066666666667
LIT,TUS,21.0,8419.0,21,400.9047619047619
LIT,TVC,2.0,572.0,2,286.0
LIT,TYR,1.0,246.0,1,246.0
LIT,VPS,6.0,1356.1799999999998,6,226.02999999999997
LIT,YUM,2.0,614.3299999999999,2,307.16499999999996
LNY,FSD,1.0,559.08,1,559.08
LRD,AGS,1.0,637.0,1,637.0
LRD,AVL,1.0,444.45,1,444.45
LRD,CID,1.0,956.0,1,956.0
LRD,FAR,2.0,1057.0,2,528.5
LRD,FSD,1.0,284.0,1,284.0
LRD,HOU,2.0,786.0,2,393.0
LRD,HSV,1.0,513.28,1,513.28
LRD,MHK,1.0,136.85,1,136.85
LRD,OKC,1.0,320.0,1,320.0
LRD,PHX,1.0,394.19,1,394.19
LRD,PIA,1.0,323.5,1,323.5
LRD,SDF,1.0,212.0,1,212.0
LRD,SGF,3.0,786.5,3,262.1666666666667
LRD,TRI,1.0,419.0,1,419.0
LRD,TUL,1.0,397.5,1,397.5
LSE,ABQ,1.0,278.73,1,278.73
LSE,AGS,2.0,1116.0,2,558.0
LSE,ALB,1.0,294.0,1,294.0
LSE,ATL,18.0,6454.5,18,358.5833333333333
LSE,AUS,15.0,6262.65,15,417.51
LSE,AVP,2.0,409.5,2,204.75
LSE,BDL,6.0,2376.5,6,396.0833333333333
LSE,BHM,4.0,1463.5,4,365.875
LSE,BNA,17.0,6123.0,17,360.1764705882353
LSE,BOS,1.0,333.5,1,333.5
LSE,BRO,2.0,828.0,2,414.0
LSE,BTR,1.0,617.0,1,617.0
LSE,BTV,1.0,379.0,1,379.0
LSE,BUF,1.0,339.0,1,339.0
LSE,BUR,1.0,959.5,1,959.5
LSE,BWI,2.0,600.26,2,300.13
LSE,CAE,2.0,551.22,2,275.61
LSE,CHA,1.0,171.0,1,171.0
LSE,CHS,3.0,844.37,3,281.45666666666665
LSE,CLE,2.0,725.0,2,362.5
LSE,CLT,10.0,3838.5,10,383.85
LSE,CMH,7.0,2316.79,6,330.96999999999997
LSE,COU,1.0,260.0,1,260.0
LSE,CRP,2.0,834.47,2,417.235
LSE,CVG,4.0,1821.5,4,455.375
LSE,DAB,1.0,752.04,1,752.04
LSE,DAY,4.0,1187.66,4,296.915
LSE,DCA,15.0,4684.35,14,312.29
LSE,DEN,8.0,2941.0,7,367.625
LSE,DFW,20.0,6577.35,17,328.8675
LSE,DTW,8.0,2507.0,8,313.375
LSE,ECP,1.0,250.5,1,250.5
LSE,ELP,2.0,585.5,2,292.75
LSE,EVV,1.0,524.0,1,524.0
LSE,EWR,6.0,2038.9699999999998,6,339.8283333333333
LSE,EYW,3.0,1049.7,3,349.90000000000003
LSE,FAI,1.0,408.0,1,408.0
LSE,FLL,7.0,2312.55,6,330.36428571428576
LSE,FNT,1.0,194.0,1,194.0
LSE,GRK,5.0,2892.62,5,578.524
LSE,GSO,3.0,1071.0,3,357.0
LSE,GSP,1.0,470.99,1,470.99
LSE,HLN,1.0,601.17,1,601.17
LSE,HNL,3.0,1657.3200000000002,3,552.44
LSE,HPN,2.0,533.0,2,266.5
LSE,HRL,1.0,424.0,1,424.0
LSE,HSV,2.0,1125.0,2,562.5
LSE,IAD,1.0,303.0,1,303.0
LSE,IAH,7.0,2156.37,7,308.05285714285714
LSE,ICT,2.0,972.0,2,486.0
LSE,ILM,1.0,5.0,1,5.0
LSE,IND,10.0,3146.0,9,314.6
LSE,JAX,6.0,2758.02,6,459.67
LSE,JFK,1.0,478.0,1,478.0
LSE,KOA,2.0,849.99,2,424.995
LSE,LAS,11.0,4548.75,11,413.52272727272725
LSE,LAX,5.0,2232.5,5,446.5
LSE,LCH,1.0,253.0,1,253.0
LSE,LEX,2.0,458.0,2,229.0
LSE,LFT,3.0,1029.0,3,343.0
LSE,LGA,4.0,1360.12,4,340.03
LSE,LGB,1.0,343.0,1,343.0
LSE,LIH,1.0,655.0,1,655.0
LSE,LIT,1.0,575.0,1,575.0
LSE,MAF,1.0,246.08,1,246.08
LSE,MCI,2.0,794.0,2,397.0
LSE,MCO,45.0,14759.33,35,327.9851111111111
LSE,MDT,1.0,239.0,1,239.0
LSE,MEM,4.0,1225.0,4,306.25
LSE,MFE,2.0,528.5,2,264.25
LSE,MHK,1.0,454.5,1,454.5
LSE,MHT,1.0,450.29,1,450.29
LSE,MIA,10.0,3133.95,9,313.395
LSE,MSY,4.0,1774.5900000000001,4,443.64750000000004
LSE,MYR,1.0,356.94,1,356.94
LSE,OAJ,1.0,481.5,1,481.5
LSE,OKC,4.0,1563.5,4,390.875
LSE,OMA,3.0,1149.0,3,383.0
LSE,ONT,1.0,384.0,1,384.0
LSE,ORD,38.0,8249.41,33,217.08973684210525
LSE,ORF,1.0,291.16,1,291.16
LSE,PBI,5.0,1050.51,5,210.102
LSE,PDX,1.0,933.0,1,933.0
LSE,PHF,1.0,639.0,1,639.0
LSE,PHL,7.0,2470.77,7,352.96714285714285
LSE,PHX,13.0,5160.0,12,396.9230769230769
LSE,PIT,1.0,219.0,1,219.0
LSE,PNS,1.0,188.78,1,188.78
LSE,PSP,2.0,439.5,2,219.75
LSE,PVD,1.0,319.0,1,319.0
LSE,PWM,3.0,1508.06,3,502.68666666666667
LSE,RDM,1.0,838.0,1,838.0
LSE,RDU,5.0,1670.85,5,334.16999999999996
LSE,RIC,6.0,2254.4300000000003,6,375.7383333333334
LSE,ROC,5.0,1762.2,5,352.44
LSE,RSW,11.0,3599.02,11,327.18363636363637
LSE,SAN,8.0,2997.42,8,374.6775
LSE,SAT,9.0,3199.69,9,355.5211111111111
LSE,SAV,2.0,832.5,2,416.25
LSE,SDF,7.0,2402.0,7,343.14285714285717
LSE,SEA,4.0,1708.0,3,427.0
LSE,SFO,6.0,1583.0,5,263.8333333333333
LSE,SGF,2.0,534.0,2,267.0
LSE,SJU,8.0,2489.5,7,311.1875
LSE,SLC,1.0,644.0,1,644.0
LSE,SMF,2.0,592.13,2,296.065
LSE,SNA,1.0,559.0,1,559.0
LSE,SRQ,6.0,1782.31,6,297.0516666666667
LSE,STL,10.0,4267.5,9,426.75
LSE,SYR,4.0,1208.0,4,302.0
LSE,TPA,23.0,7158.58,21,311.24260869565217
LSE,TUL,1.0,344.0,1,344.0
LSE,TUS,7.0,2287.61,7,326.8014285714286
LSE,TVC,2.0,661.0,2,330.5
LSE,TYS,3.0,1356.5,3,452.1666666666667
LSE,VPS,1.0,201.46,1,201.46
LSE,XNA,5.0,1690.5,5,338.1
LSE,YUM,2.0,430.0,2,215.0
LYH,ABI,1.0,391.0,1,391.0
LYH,ALO,1.0,302.0,1,302.0
LYH,ATW,3.0,958.74,3,319.58
LYH,BFL,1.0,1028.87,1,1028.87
LYH,BHM,1.0,472.0,1,472.0
LYH,FSD,1.0,282.0,1,282.0
LYH,FSM,1.0,644.0,1,644.0
LYH,GJT,1.0,430.72,1,430.72
LYH,MAF,1.0,249.0,1,249.0
LYH,MLI,1.0,320.5,1,320.5
LYH,SGF,2.0,755.0699999999999,2,377.53499999999997
LYH,SJT,1.0,482.5,1,482.5
LYH,TLH,1.0,341.5,1,341.5
LYH,XNA,2.0,742.5,2,371.25
MAF,ACT,2.0,874.44,2,437.22
MAF,AEX,7.0,2612.5,7,373.2142857142857
MAF,AGS,2.0,963.5,2,481.75
MAF,ALB,1.0,452.0,1,452.0
MAF,ANC,3.0,1179.5,3,393.1666666666667
MAF,ATL,15.0,5662.5,14,377.5
MAF,AUG,1.0,410.0,1,410.0
MAF,AUS,9.0,2037.5,8,226.38888888888889
MAF,AVL,7.0,2703.5,7,386.2142857142857
MAF,AVP,3.0,1039.5,3,346.5
MAF,BDL,2.0,1011.28,2,505.64
MAF,BFL,28.0,9889.61,27,353.2003571428572
MAF,BGR,1.0,366.0,1,366.0
MAF,BHM,5.0,1829.5,5,365.9
MAF,BIL,3.0,1409.8,3,469.93333333333334
MAF,BIS,2.0,939.0,2,469.5
MAF,BNA,10.0,2809.0,10,280.9
MAF,BOI,7.0,1774.49,7,253.49857142857144
MAF,BOS,5.0,2129.5,5,425.9
MAF,BPT,6.0,1306.0,6,217.66666666666666
MAF,BRO,10.0,2241.19,10,224.119
MAF,BTR,11.0,3263.0,11,296.6363636363636
MAF,BUR,4.0,831.0,4,207.75
MAF,BWI,4.0,1719.0,4,429.75
MAF,CAE,3.0,1204.45,3,401.48333333333335
MAF,CHA,10.0,3840.5,10,384.05
MAF,CHO,1.0,508.5,1,508.5
MAF,CHS,3.0,1859.0,3,619.6666666666666
MAF,CID,2.0,834.5,2,417.25
MAF,CKB,1.0,441.0,1,441.0
MAF,CLE,19.0,7020.67,17,369.50894736842105
MAF,CLL,8.0,2915.0,8,364.375
MAF,CLT,15.0,6910.8,15,460.72
MAF,CMH,13.0,4901.5,12,377.03846153846155
MAF,COS,2.0,475.0,2,237.5
MAF,COU,3.0,940.0,3,313.3333333333333
MAF,CRP,10.0,2683.0,7,268.3
MAF,CRW,2.0,1298.0,2,649.0
MAF,CSG,1.0,529.0,1,529.0
MAF,CVG,8.0,3217.5,8,402.1875
MAF,DAB,3.0,657.0,3,219.0
MAF,DCA,9.0,4159.0,9,462.1111111111111
MAF,DEN,13.0,3448.5,11,265.2692307692308
MAF,DFW,361.0,84453.62,210,233.94354570637117
MAF,DRO,9.0,4018.5,9,446.5
MAF,DSM,6.0,1227.5,5,204.58333333333334
MAF,DTW,13.0,5290.5,12,406.96153846153845
MAF,EGE,1.0,5.5,1,5.5
MAF,EUG,4.0,1220.0,4,305.0
MAF,EVV,1.0,274.0,1,274.0
MAF,EWR,6.0,2081.5,5,346.9166666666667
MAF,EYW,1.0,544.0,1,544.0
MAF,FAI,1.0,1247.0,1,1247.0
MAF,FAR,3.0,1687.0,2,562.3333333333334
MAF,FAT,12.0,3156.22,10,263.0183333333333
MAF,FAY,2.0,750.0,2,375.0
MAF,FLG,3.0,1061.74,3,353.91333333333336
MAF,FLL,5.0,1767.5,5,353.5
MAF,FLO,1.0,366.0,1,366.0
MAF,FSD,3.0,1642.0,3,547.3333333333334
MAF,FSM,4.0,1241.0,4,310.25
MAF,FWA,3.0,2208.5,3,736.1666666666666
MAF,GCK,3.0,1076.5,3,358.8333333333333
MAF,GEG,9.0,2432.77,9,270.3077777777778
MAF,GGG,11.0,3300.5,11,300.04545454545456
MAF,GJT,12.0,5608.0,12,467.3333333333333
MAF,GPT,4.0,1129.0,4,282.25
MAF,GRK,1.0,213.0,1,213.0
MAF,GRR,6.0,2726.15,6,454.35833333333335
MAF,GSO,1.0,323.96,1,323.96
MAF,GSP,3.0,944.5,3,314.8333333333333
MAF,GUC,1.0,274.5,1,274.5
MAF,HHH,1.0,286.0,1,286.0
MAF,HNL,16.0,11994.68,16,749.6675
MAF,HOU,4.0,1145.0,4,286.25
MAF,HRL,1.0,195.0,1,195.0
MAF,HSV,6.0,2724.5,6,454.0833333333333
MAF,IAD,3.0,1356.0,3,452.0
MAF,IAH,23.0,6693.46,17,291.02
MAF,ICT,5.0,1272.5,5,254.5
MAF,ILM,1.0,439.0,1,439.0
MAF,IND,9.0,3455.35,8,383.92777777777775
MAF,JAC,5.0,2005.0,5,401.0
MAF,JAN,29.0,8893.32,29,306.6662068965517
MAF,JAX,16.0,5610.5,16,350.65625
MAF,JFK,7.0,2779.5,7,397.07142857142856
MAF,LAS,39.0,12003.48,34,307.78153846153845
MAF,LAW,4.0,1193.0,4,298.25
MAF,LAX,32.0,11551.18,31,360.974375
MAF,LCH,13.0,3392.5,13,260.96153846153845
MAF,LEX,7.0,2548.5,7,364.07142857142856
MAF,LFT,40.0,15134.97,39,378.37424999999996
MAF,LGA,30.0,13766.02,26,458.86733333333336
MAF,LGB,1.0,337.5,1,337.5
MAF,LIT,11.0,3169.79,11,288.1627272727273
MAF,LRD,3.0,802.0,3,267.3333333333333
MAF,LYH,1.0,249.0,1,249.0
MAF,MCI,3.0,624.5,3,208.16666666666666
MAF,MCO,10.0,3497.0,8,349.7
MAF,MEM,4.0,1320.5,4,330.125
MAF,MFE,36.0,9598.46,27,266.62388888888887
MAF,MFR,1.0,544.0,1,544.0
MAF,MGM,2.0,814.98,2,407.49
MAF,MHK,3.0,899.5,3,299.8333333333333
MAF,MIA,35.0,12716.91,24,363.3402857142857
MAF,MKE,4.0,1384.66,4,346.165
MAF,MLI,1.0,504.0,1,504.0
MAF,MLU,17.0,7706.15,16,453.30294117647054
MAF,MOB,3.0,653.55,3,217.85
MAF,MSN,9.0,3905.2,9,433.9111111111111
MAF,MSO,1.0,409.0,1,409.0
MAF,MSP,17.0,5722.15,15,336.5970588235294
MAF,MSY,10.0,2646.5,8,264.65
MAF,MTJ,4.0,1240.0,4,310.0
MAF,OGG,5.0,2113.77,5,422.754
MAF,OKC,16.0,4813.0,12,300.8125
MAF,OMA,4.0,1300.5,4,325.125
MAF,ONT,11.0,3832.69,10,348.42636363636365
MAF,ORD,11.0,4543.0,10,413.0
MAF,ORF,6.0,1940.0,6,323.3333333333333
MAF,PBI,2.0,1034.0,2,517.0
MAF,PDX,14.0,4781.5,13,341.5357142857143
MAF,PHL,10.0,4519.61,10,451.96099999999996
MAF,PHX,108.0,29963.79,91,277.4425
MAF,PIA,2.0,869.5,2,434.75
MAF,PIT,31.0,12170.3,20,392.59032258064514
MAF,PNS,4.0,1868.0,4,467.0
MAF,PSP,13.0,3921.56,12,301.65846153846155
MAF,PVD,1.0,489.0,1,489.0
MAF,PWM,1.0,1220.0,1,1220.0
MAF,RAP,4.0,1767.0,4,441.75
MAF,RDU,6.0,2492.0,6,415.3333333333333
MAF,RIC,3.0,1012.0,3,337.3333333333333
MAF,RNO,4.0,2093.85,4,523.4625
MAF,ROA,2.0,766.0,2,383.0
MAF,ROC,1.0,11.0,1,11.0
MAF,RST,2.0,820.92,2,410.46
MAF,RSW,2.0,673.0,2,336.5
MAF,SAN,30.0,9962.78,27,332.0926666666667
MAF,SAT,12.0,2565.0,10,213.75
MAF,SAV,1.0,216.0,1,216.0
MAF,SBA,1.0,191.55,1,191.55
MAF,SBN,1.0,427.0,1,427.0
MAF,SDF,5.0,1706.0,5,341.2
MAF,SEA,10.0,3570.85,10,357.085
MAF,SFO,16.0,6330.28,14,395.6425
MAF,SGF,12.0,5165.5,12,430.4583333333333
MAF,SGU,4.0,1240.0,4,310.0
MAF,SHV,28.0,10374.5,28,370.51785714285717
MAF,SJC,3.0,1175.0,3,391.6666666666667
MAF,SJU,3.0,1121.5,3,373.8333333333333
MAF,SLC,23.0,8661.61,22,376.5917391304348
MAF,SMF,8.0,2739.73,7,342.46625
MAF,SNA,23.0,6663.49,22,289.7169565217391
MAF,SOW,1.0,316.5,1,316.5
MAF,SRQ,1.0,328.0,1,328.0
MAF,STL,6.0,2073.55,6,345.5916666666667
MAF,STS,4.0,1980.0,4,495.0
MAF,STT,2.0,1832.32,2,916.16
MAF,STX,1.0,680.5,1,680.5
MAF,SYR,1.0,605.0,1,605.0
MAF,TLH,2.0,1079.5,2,539.75
MAF,TPA,16.0,6512.46,15,407.02875
MAF,TRI,4.0,1431.24,4,357.81
MAF,TUL,18.0,4004.0,17,222.44444444444446
MAF,TUS,14.0,3510.64,12,250.76
MAF,TVC,3.0,2271.0,3,757.0
MAF,TXK,2.0,524.0,2,262.0
MAF,TYR,16.0,4395.7,16,274.73125
MAF,TYS,6.0,2995.48,6,499.24666666666667
MAF,VPS,4.0,2061.5,4,515.375
MAF,XNA,5.0,2358.0,5,471.6
MAF,YKM,2.0,1868.5,2,934.25
MAF,YUM,1.0,244.62,1,244.62
MBL,LIT,1.0,318.04,1,318.04
MCI,ABE,3.0,746.79,3,248.92999999999998
MCI,ABI,5.0,2102.55,5,420.51000000000005
MCI,AGS,3.0,742.53,3,247.51
MCI,ALB,2.0,572.0,2,286.0
MCI,AMA,2.0,811.5,2,405.75
MCI,ATL,3.0,609.62,3,203.20666666666668
MCI,ATW,8.0,3418.0,8,427.25
MCI,AUS,360.0,63374.85,243,176.04125
MCI,AVL,1.0,219.56,1,219.56
MCI,AVP,2.0,824.8,2,412.4
MCI,AZO,4.0,912.0,4,228.0
MCI,BDL,5.0,1737.38,5,347.476
MCI,BFL,6.0,2250.5,6,375.0833333333333
MCI,BHM,6.0,1488.48,6,248.08
MCI,BMI,7.0,1993.0,7,284.7142857142857
MCI,BNA,9.0,2253.84,9,250.42666666666668
MCI,BOS,8.0,1252.29,8,156.53625
MCI,BTR,3.0,854.5,3,284.8333333333333
MCI,BUF,4.0,1214.5,4,303.625
MCI,BWI,6.0,1269.75,6,211.625
MCI,CHA,1.0,300.8,1,300.8
MCI,CID,6.0,2015.0,6,335.8333333333333
MCI,CLE,10.0,2771.0,9,277.1
MCI,CLT,21.0,5443.95,21,259.23571428571427
MCI,CMH,19.0,5149.7,19,271.03684210526313
MCI,CMI,12.0,3824.81,12,318.7341666666667
MCI,CRP,3.0,876.0,3,292.0
MCI,CVG,20.0,5695.55,20,284.77750000000003
MCI,CWA,3.0,1427.5,3,475.8333333333333
MCI,DAY,4.0,1338.85,4,334.7125
MCI,DCA,13.0,2674.96,13,205.76615384615386
MCI,DFW,9.0,1865.3,9,207.25555555555556
MCI,DRO,2.0,553.5,2,276.75
MCI,DTW,4.0,1935.1599999999999,4,483.78999999999996
MCI,ECP,1.0,281.79,1,281.79
MCI,ELP,4.0,312.66999999999996,3,78.16749999999999
MCI,EWR,9.0,2680.97,9,297.8855555555555
MCI,EYW,1.0,346.75,1,346.75
MCI,FAI,1.0,599.0,1,599.0
MCI,FAR,3.0,844.5,3,281.5
MCI,FLO,1.0,626.0,1,626.0
MCI,FNT,6.0,1226.0,6,204.33333333333334
MCI,FWA,4.0,1358.0,4,339.5
MCI,GJT,2.0,375.5,2,187.75
MCI,GNV,3.0,720.59,3,240.1966666666667
MCI,GPT,5.0,1629.29,5,325.858
MCI,GRB,4.0,914.67,4,228.6675
MCI,GRK,4.0,1500.0,4,375.0
MCI,GRR,7.0,2215.5,7,316.5
MCI,GSO,4.0,1203.91,4,300.9775
MCI,HOU,2.0,474.5,2,237.25
MCI,HPN,7.0,1409.33,7,201.33285714285714
MCI,IAH,2.0,411.0,2,205.5
MCI,IND,48.0,10691.21,46,222.73354166666664
MCI,JAN,6.0,1658.0,6,276.3333333333333
MCI,JAX,3.0,807.61,3,269.2033333333333
MCI,JFK,1.0,188.0,1,188.0
MCI,KOA,1.0,693.0,1,693.0
MCI,LAN,3.0,761.0,3,253.66666666666666
MCI,LAS,5.0,1505.9,5,301.18
MCI,LAX,9.0,2341.31,9,260.1455555555556
MCI,LBB,1.0,444.5,1,444.5
MCI,LCH,2.0,678.5,2,339.25
MCI,LEX,14.0,5122.92,13,365.92285714285714
MCI,LFT,4.0,1120.5,4,280.125
MCI,LGA,4.0,969.69,4,242.4225
MCI,LIT,3.0,648.67,3,216.22333333333333
MCI,LRD,1.0,279.0,1,279.0
MCI,LSE,2.0,925.0,2,462.5
MCI,MAF,1.0,208.5,1,208.5
MCI,MCO,15.0,4072.87,15,271.52466666666663
MCI,MFR,1.0,349.0,1,349.0
MCI,MGM,1.0,217.53,1,217.53
MCI,MIA,11.0,2085.9,11,189.62727272727273
MCI,MKE,11.0,2682.75,11,243.88636363636363
MCI,MLI,4.0,1055.5,4,263.875
MCI,MQT,3.0,1317.69,3,439.23
MCI,MRY,1.0,307.5,1,307.5
MCI,MSN,17.0,5359.71,17,315.2770588235294
MCI,MSP,3.0,614.96,3,204.98666666666668
MCI,MSY,2.0,298.97,2,149.485
MCI,ORD,543.0,110409.12,371,203.3317127071823
MCI,ORF,2.0,530.69,2,265.345
MCI,PBI,1.0,502.17,1,502.17
MCI,PDX,4.0,1080.0,4,270.0
MCI,PHL,9.0,2255.09,8,250.56555555555556
MCI,PHX,13.0,3104.97,12,238.84384615384613
MCI,PIA,2.0,1022.5,2,511.25
MCI,PIT,9.0,3356.04,9,372.8933333333333
MCI,PNS,1.0,254.5,1,254.5
MCI,PSP,3.0,839.0,2,279.6666666666667
MCI,PVD,7.0,1341.65,7,191.66428571428574
MCI,RDU,14.0,2169.91,14,154.9935714285714
MCI,ROA,1.0,887.0,1,887.0
MCI,ROC,2.0,312.93,2,156.465
MCI,RST,4.0,1475.5,4,368.875
MCI,RSW,5.0,1299.1,4,259.82
MCI,SAN,10.0,2358.6,9,235.85999999999999
MCI,SAT,4.0,937.54,4,234.385
MCI,SAV,1.0,339.0,1,339.0
MCI,SBP,3.0,1143.92,3,381.3066666666667
MCI,SDF,8.0,1871.09,7,233.88625
MCI,SEA,1.0,781.43,1,781.43
MCI,SHV,13.0,3199.0,12,246.07692307692307
MCI,SJU,5.0,1319.05,5,263.81
MCI,SMF,2.0,735.3199999999999,2,367.65999999999997
MCI,SNA,5.0,1482.0,3,296.4
MCI,STS,3.0,634.65,3,211.54999999999998
MCI,SYR,13.0,2934.11,13,225.70076923076925
MCI,TLH,1.0,5.43,1,5.43
MCI,TPA,9.0,1971.46,9,219.0511111111111
MCI,TRI,1.0,191.57,1,191.57
MCI,TUS,2.0,620.0899999999999,2,310.04499999999996
MCI,TVC,4.0,2574.5,4,643.625
MCI,TYS,3.0,936.6,3,312.2
MCI,YUM,2.0,1357.0,2,678.5
MCO,ABI,26.0,9824.94,23,377.88230769230773
MCO,ABQ,25.0,6380.24,24,255.2096
MCO,AGS,2.0,536.5,2,268.25
MCO,ALO,18.0,3831.79,15,212.87722222222223
MCO,AMA,5.0,2098.5,5,419.7
MCO,ATW,32.0,8013.15,29,250.4109375
MCO,AVP,2.0,325.12,2,162.56
MCO,AZO,2.0,591.53,2,295.765
MCO,BFL,14.0,3723.0699999999997,14,265.9335714285714
MCO,BGR,1.0,219.27,1,219.27
MCO,BHM,17.0,3203.94,17,188.4670588235294
MCO,BIL,15.0,4421.46,12,294.764
MCO,BIS,6.0,1242.58,6,207.09666666666666
MCO,BMI,6.0,1713.6,6,285.59999999999997
MCO,BRO,1.0,251.0,1,251.0
MCO,BTR,5.0,1153.7,5,230.74
MCO,BZN,6.0,1346.71,4,224.45166666666668
MCO,CHS,2.0,476.84000000000003,2,238.42000000000002
MCO,CID,36.0,11375.83,35,315.9952777777778
MCO,CLE,1.0,143.26,1,143.26
MCO,CLT,12.0,1439.81,11,119.98416666666667
MCO,CMH,20.0,4058.48,19,202.924
MCO,CMI,31.0,8334.49,27,268.8545161290323
MCO,COU,37.0,9314.77,35,251.75054054054056
MCO,CRP,12.0,5487.0,12,457.25
MCO,CVG,4.0,752.96,4,188.24
MCO,CWA,22.0,7258.59,21,329.9359090909091
MCO,DAY,3.0,677.88,3,225.96
MCO,DCA,3.0,383.38,3,127.79333333333334
MCO,DEN,1.0,387.57,1,387.57
MCO,DFW,7.0,1686.48,7,240.9257142857143
MCO,DRO,18.0,6490.13,15,360.5627777777778
MCO,DSM,48.0,9593.97,37,199.874375
MCO,DTW,2.0,451.75,2,225.875
MCO,ELP,18.0,4754.4,17,264.1333333333333
MCO,EVV,4.0,1035.27,4,258.8175
MCO,EYW,2.0,610.5,2,305.25
MCO,FAR,33.0,11337.47,31,343.559696969697
MCO,FAT,1.0,307.42,1,307.42
MCO,FNT,15.0,4153.0,15,276.8666666666667
MCO,FSD,11.0,1902.69,9,172.97181818181818
MCO,FSM,28.0,9998.0,26,357.07142857142856
MCO,FWA,3.0,849.4100000000001,3,283.1366666666667
MCO,GJT,31.0,10405.44,30,335.6593548387097
MCO,GPT,1.0,261.46,1,261.46
MCO,GRB,26.0,8643.84,24,332.4553846153846
MCO,GRK,9.0,2759.95,9,306.6611111111111
MCO,GRR,31.0,7743.52,29,249.7909677419355
MCO,GSO,1.0,237.66,1,237.66
MCO,GSP,7.0,1377.5,7,196.78571428571428
MCO,HHH,1.0,195.5,1,195.5
MCO,HOU,1.0,576.0,1,576.0
MCO,HPN,1.0,441.5,1,441.5
MCO,HRL,2.0,1792.5,2,896.25
MCO,HSV,1.0,307.79,1,307.79
MCO,IAH,1.0,285.25,1,285.25
MCO,ICT,30.0,8823.95,30,294.1316666666667
MCO,IND,6.0,567.12,6,94.52
MCO,LAN,20.0,5540.44,20,277.022
MCO,LAW,1.0,294.5,1,294.5
MCO,LAX,1.0,932.31,1,932.31
MCO,LBB,4.0,1263.0,4,315.75
MCO,LCH,11.0,3651.57,11,331.9609090909091
MCO,LEX,8.0,1735.83,8,216.97875
MCO,LFT,15.0,4279.93,13,285.32866666666666
MCO,LIT,29.0,7100.6,28,244.848275862069
MCO,LSE,36.0,10701.67,29,297.2686111111111
MCO,MAF,4.0,1148.0,3,287.0
MCO,MCI,11.0,2172.57,11,197.50636363636366
MCO,MEM,5.0,874.54,5,174.908
MCO,MHK,28.0,10084.81,25,360.1717857142857
MCO,MIA,6.0,642.81,5,107.13499999999999
MCO,MKE,4.0,1032.18,4,258.045
MCO,MLI,23.0,7806.96,21,339.43304347826086
MCO,MQT,5.0,1303.82,5,260.764
MCO,MRY,8.0,3219.89,8,402.48625
MCO,MSN,41.0,11214.33,38,273.520243902439
MCO,MSO,2.0,220.0,2,110.0
MCO,MSP,4.0,802.3199999999999,2,200.57999999999998
MCO,MSY,5.0,851.61,5,170.322
MCO,OKC,1.0,228.68,1,228.68
MCO,OMA,5.0,1305.61,5,261.12199999999996
MCO,ORD,6.0,1827.1,6,304.51666666666665
MCO,PHX,1.0,759.52,1,759.52
MCO,PIA,26.0,6930.08,23,266.54153846153844
MCO,PNS,13.0,2569.5,11,197.65384615384616
MCO,PSP,5.0,941.51,5,188.302
MCO,RAP,40.0,12172.0,33,304.3
MCO,RNO,7.0,1489.47,7,212.78142857142856
MCO,RST,14.0,3939.88,14,281.42
MCO,SAT,1.0,468.95,1,468.95
MCO,SAV,5.0,1108.38,5,221.67600000000002
MCO,SBP,6.0,3786.45,6,631.0749999999999
MCO,SDF,1.0,181.38,1,181.38
MCO,SGF,110.0,34281.43,94,311.64936363636366
MCO,SHV,27.0,7946.15,25,294.30185185185184
MCO,SJT,11.0,3715.0,10,337.72727272727275
MCO,STL,7.0,970.3,6,138.6142857142857
MCO,STS,2.0,689.81,2,344.905
MCO,SYR,2.0,258.76,2,129.38
MCO,TUL,31.0,8248.35,27,266.0758064516129
MCO,TVC,18.0,4806.59,16,267.03277777777777
MCO,TYS,1.0,3.34,1,3.34
MCO,XNA,159.0,49786.51,145,313.12270440251575
MDT,ABI,1.0,243.0,1,243.0
MDT,ATL,1.0,278.67,1,278.67
MDT,ATW,1.0,342.45,1,342.45
MDT,AUS,3.0,853.54,3,284.5133333333333
MDT,BHM,1.0,310.0,1,310.0
MDT,BIS,1.0,364.0,1,364.0
MDT,BZN,1.0,516.32,1,516.32
MDT,CLT,1.0,134.25,1,134.25
MDT,CMI,2.0,368.2,2,184.1
MDT,CWA,1.0,324.0,1,324.0
MDT,DAY,1.0,356.31,1,356.31
MDT,ELP,1.0,393.45,1,393.45
MDT,FAR,1.0,234.0,1,234.0
MDT,FSM,2.0,774.0899999999999,2,387.04499999999996
MDT,GJT,1.0,327.5,1,327.5
MDT,GRB,1.0,307.0,1,307.0
MDT,GRR,2.0,510.78,2,255.39
MDT,HHH,1.0,753.0,1,753.0
MDT,ICT,1.0,383.0,1,383.0
MDT,LIT,2.0,445.62,2,222.81
MDT,LSE,1.0,239.0,1,239.0
MDT,MKE,1.0,128.0,1,128.0
MDT,MLI,1.0,403.5,1,403.5
MDT,OKC,1.0,278.8,1,278.8
MDT,PIA,2.0,707.6899999999999,2,353.84499999999997
MDT,RAP,3.0,1020.4100000000001,3,340.1366666666667
MDT,RST,1.0,265.5,1,265.5
MDT,SGF,4.0,1435.65,4,358.9125
MDT,TUL,5.0,1207.88,5,241.57600000000002
MDT,XNA,5.0,1222.3899999999999,5,244.47799999999998
MEM,ABE,3.0,772.0,3,257.3333333333333
MEM,ABI,2.0,323.5,2,161.75
MEM,ABQ,5.0,1870.55,5,374.11
MEM,AEX,1.0,261.0,1,261.0
MEM,AGS,1.0,187.0,1,187.0
MEM,ALB,1.0,227.0,1,227.0
MEM,ALO,2.0,797.42,2,398.71
MEM,AMA,1.0,121.07,1,121.07
MEM,ANC,3.0,1142.8,3,380.93333333333334
MEM,ATL,6.0,1743.5,4,290.5833333333333
MEM,ATW,4.0,1038.01,4,259.5025
MEM,AUS,238.0,46183.29,143,194.04743697478992
MEM,AVL,1.0,212.5,1,212.5
MEM,AVP,2.0,785.5,2,392.75
MEM,AZO,1.0,124.0,1,124.0
MEM,BDL,4.0,2051.91,4,512.9775
MEM,BMI,3.0,871.79,3,290.59666666666664
MEM,BOS,25.0,8762.71,23,350.50839999999994
MEM,BRO,1.0,172.5,1,172.5
MEM,BUF,2.0,625.81,2,312.905
MEM,BWI,7.0,1900.48,6,271.4971428571429
MEM,BZN,2.0,644.5,2,322.25
MEM,CAE,3.0,632.0,3,210.66666666666666
MEM,CAK,1.0,148.78,1,148.78
MEM,CHA,4.0,1469.4,4,367.35
MEM,CHS,2.0,489.0,2,244.5
MEM,CID,3.0,680.5,3,226.83333333333334
MEM,CLE,28.0,6632.77,26,236.88464285714286
MEM,CLL,1.0,238.0,1,238.0
MEM,CLT,63.0,15402.22,56,244.47968253968253
MEM,CMH,13.0,3164.57,13,243.42846153846156
MEM,CRP,4.0,1284.0,3,321.0
MEM,CRW,1.0,321.0,1,321.0
MEM,CVG,10.0,2570.39,10,257.039
MEM,CWA,2.0,613.0,2,306.5
MEM,DCA,7.0,1904.16,7,272.02285714285716
MEM,DEN,3.0,663.0,3,221.0
MEM,DFW,175.0,37671.24,142,215.26422857142856
MEM,DRO,1.0,334.0,1,334.0
MEM,DRT,2.0,507.5,2,253.75
MEM,DSM,6.0,1159.23,6,193.205
MEM,DTW,6.0,1673.62,6,278.93666666666667
MEM,DUJ,1.0,287.0,1,287.0
MEM,EGE,1.0,6.22,1,6.22
MEM,ELP,11.0,3297.8199999999997,11,299.80181818181813
MEM,EWN,1.0,426.5,1,426.5
MEM,EWR,8.0,2401.64,8,300.205
MEM,FAI,1.0,599.0,1,599.0
MEM,FAR,4.0,2006.5,4,501.625
MEM,FAT,1.0,414.53,1,414.53
MEM,FAY,1.0,215.0,1,215.0
MEM,FLL,1.0,226.0,1,226.0
MEM,FNT,6.0,1725.5,6,287.5833333333333
MEM,FSD,2.0,525.65,2,262.825
MEM,FWA,7.0,1855.46,7,265.0657142857143
MEM,GEG,2.0,1130.0,2,565.0
MEM,GJT,4.0,1328.0,4,332.0
MEM,GNV,1.0,282.0,1,282.0
MEM,GRK,3.0,615.5,3,205.16666666666666
MEM,GRR,6.0,1596.1100000000001,5,266.0183333333334
MEM,GSO,3.0,1259.0,3,419.6666666666667
MEM,GSP,7.0,1809.5,7,258.5
MEM,HHH,1.0,509.0,1,509.0
MEM,HOU,4.0,1161.5,4,290.375
MEM,IAD,1.0,465.0,1,465.0
MEM,IAH,6.0,1412.97,6,235.495
MEM,ICT,1.0,208.0,1,208.0
MEM,ILM,3.0,1675.0,3,558.3333333333334
MEM,IND,20.0,3699.7,18,184.98499999999999
MEM,JAX,7.0,2223.0,6,317.57142857142856
MEM,JFK,2.0,813.0,2,406.5
MEM,LAN,5.0,1024.0,5,204.8
MEM,LAS,9.0,2706.86,9,300.76222222222225
MEM,LAX,34.0,9875.58,34,290.4582352941176
MEM,LBB,3.0,1040.0,3,346.6666666666667
MEM,LCH,1.0,202.5,1,202.5
MEM,LEX,4.0,754.35,4,188.5875
MEM,LFT,3.0,1196.0,3,398.6666666666667
MEM,LGA,3.0,758.36,3,252.78666666666666
MEM,LRD,3.0,557.0,3,185.66666666666666
MEM,LSE,4.0,1455.0,4,363.75
MEM,MAF,4.0,1290.5,4,322.625
MEM,MCO,12.0,3597.46,12,299.78833333333336
MEM,MDT,2.0,511.0,2,255.5
MEM,MFE,5.0,2228.5,4,445.7
MEM,MHK,2.0,183.11,2,91.555
MEM,MIA,9.0,3090.73,8,343.4144444444444
MEM,MKE,19.0,5096.16,19,268.218947368421
MEM,MKG,1.0,233.5,1,233.5
MEM,MLI,7.0,2019.53,7,288.5042857142857
MEM,MRY,2.0,1068.5,2,534.25
MEM,MSN,6.0,2240.2799999999997,5,373.37999999999994
MEM,MYR,3.0,679.0,2,226.33333333333334
MEM,OKC,4.0,1036.5,3,259.125
MEM,OMA,10.0,3118.74,10,311.87399999999997
MEM,OME,1.0,504.0,1,504.0
MEM,ORD,514.0,103769.56,287,201.88630350194552
MEM,ORF,6.0,1788.18,6,298.03000000000003
MEM,PBI,2.0,467.0,2,233.5
MEM,PDX,2.0,1020.0,2,510.0
MEM,PGV,1.0,526.0,1,526.0
MEM,PHL,9.0,2668.83,9,296.53666666666663
MEM,PHX,13.0,4813.65,13,370.2807692307692
MEM,PIA,1.0,374.0,1,374.0
MEM,PIT,2.0,847.0,2,423.5
MEM,PSP,5.0,1495.8200000000002,5,299.16400000000004
MEM,PVD,2.0,767.0,2,383.5
MEM,RAP,1.0,410.0,1,410.0
MEM,RDU,6.0,1657.07,6,276.17833333333334
MEM,RIC,7.0,2309.81,6,329.97285714285715
MEM,RNO,10.0,5145.88,10,514.588
MEM,ROA,2.0,617.5,2,308.75
MEM,RST,4.0,1622.0,4,405.5
MEM,RSW,1.0,5.0,1,5.0
MEM,SAF,1.0,259.0,1,259.0
MEM,SAN,6.0,1845.54,6,307.59
MEM,SAT,3.0,1643.5,3,547.8333333333334
MEM,SAV,3.0,1065.0,3,355.0
MEM,SDF,2.0,474.98,2,237.49
MEM,SEA,4.0,705.67,4,176.4175
MEM,SFO,4.0,2183.05,4,545.7625
MEM,SHV,3.0,916.0,3,305.3333333333333
MEM,SJT,2.0,304.5,2,152.25
MEM,SMF,4.0,1923.02,4,480.755
MEM,SNA,4.0,2242.29,4,560.5725
MEM,SRQ,1.0,666.4,1,666.4
MEM,STS,2.0,773.1,2,386.55
MEM,SYR,2.0,558.01,2,279.005
MEM,TLH,1.0,450.43,1,450.43
MEM,TPA,5.0,1452.3700000000001,4,290.47400000000005
MEM,TUL,4.0,1045.0,4,261.25
MEM,TVC,2.0,329.5,2,164.75
MEM,TYS,2.0,635.9100000000001,2,317.95500000000004
MFE,ABI,2.0,712.5,2,356.25
MFE,AGS,4.0,1429.5,4,357.375
MFE,ATW,1.0,267.5,1,267.5
MFE,BFL,1.0,198.0,1,198.0
MFE,BHM,1.0,295.5,1,295.5
MFE,BIL,4.0,1268.0,4,317.0
MFE,BIS,3.0,897.0,3,299.0
MFE,BTR,5.0,1352.6,5,270.52
MFE,BWI,1.0,309.03,1,309.03
MFE,CHA,6.0,1548.5,5,258.0833333333333
MFE,CID,13.0,3942.46,13,303.2661538461538
MFE,CMH,1.0,159.66,1,159.66
MFE,COS,1.0,205.0,1,205.0
MFE,DAY,2.0,996.0,2,498.0
MFE,DFW,4.0,731.27,3,182.8175
MFE,ELP,1.0,342.0,1,342.0
MFE,FAR,9.0,2933.5,9,325.94444444444446
MFE,FNT,1.0,246.0,1,246.0
MFE,FSD,4.0,976.31,4,244.0775
MFE,GJT,1.0,222.0,1,222.0
MFE,GRB,1.0,255.5,1,255.5
MFE,GRK,1.0,177.5,1,177.5
MFE,GRR,7.0,1397.6599999999999,7,199.66571428571427
MFE,HOU,1.0,5.5,1,5.5
MFE,ICT,7.0,1738.5,7,248.35714285714286
MFE,IND,2.0,453.0,2,226.5
MFE,LCH,1.0,144.0,1,144.0
MFE,LEX,2.0,927.5,2,463.75
MFE,LSE,1.0,303.5,1,303.5
MFE,MAF,15.0,4350.5,15,290.03333333333336
MFE,MCO,1.0,279.88,1,279.88
MFE,MEM,2.0,432.5,2,216.25
MFE,MHK,6.0,1797.0,6,299.5
MFE,MLI,12.0,3532.51,12,294.37583333333333
MFE,MRY,1.0,226.5,1,226.5
MFE,MSN,8.0,2620.64,8,327.58
MFE,MSO,1.0,347.0,1,347.0
MFE,MYR,1.0,202.5,1,202.5
MFE,OKC,1.0,241.0,1,241.0
MFE,PHX,1.0,374.95,1,374.95
MFE,PIA,2.0,840.0,2,420.0
MFE,RAP,2.0,609.0,2,304.5
MFE,SDF,2.0,656.0,2,328.0
MFE,SGF,5.0,1588.0,5,317.6
MFE,TLH,1.0,198.0,1,198.0
MFE,TRI,1.0,279.0,1,279.0
MFE,TVC,1.0,5.5,1,5.5
MFE,VPS,1.0,313.0,1,313.0
MFE,XNA,1.0,219.0,1,219.0
MFE,YUM,1.0,582.0,1,582.0
MFR,FAR,1.0,213.0,1,213.0
MFR,GJT,1.0,203.0,1,203.0
MFR,GSP,1.0,247.35,1,247.35
MFR,SGF,1.0,558.45,1,558.45
MFR,TUL,1.0,468.5,1,468.5
MFR,XNA,1.0,5.5,1,5.5
MGM,ABI,5.0,1871.5,5,374.3
MGM,ABQ,1.0,411.0,1,411.0
MGM,ALO,1.0,212.97,1,212.97
MGM,ANC,3.0,1239.5,3,413.1666666666667
MGM,ASE,1.0,433.5,1,433.5
MGM,ATW,1.0,243.14,1,243.14
MGM,AUS,15.0,3391.81,13,226.12066666666666
MGM,BFL,2.0,713.5,2,356.75
MGM,BIL,3.0,950.0,3,316.6666666666667
MGM,BIS,1.0,580.0,1,580.0
MGM,BOI,6.0,2099.5,6,349.9166666666667
MGM,BOS,1.0,802.0,1,802.0
MGM,BUR,4.0,1327.12,4,331.78
MGM,BZN,3.0,295.0,2,98.33333333333333
MGM,CLT,2.0,422.8,2,211.4
MGM,CNM,1.0,555.0,1,555.0
MGM,COS,10.0,3463.5,9,346.35
MGM,COU,1.0,327.13,1,327.13
MGM,CRP,1.0,172.5,1,172.5
MGM,DEN,16.0,4559.6900000000005,15,284.98062500000003
MGM,DFW,118.0,34887.09,106,295.65330508474574
MGM,DSM,1.0,298.57,1,298.57
MGM,EGE,1.0,344.0,1,344.0
MGM,ELP,13.0,4324.0,9,332.61538461538464
MGM,FAI,3.0,1561.0,3,520.3333333333334
MGM,FAR,1.0,558.0,1,558.0
MGM,FAT,6.0,2065.5,6,344.25
MGM,FSD,2.0,606.7,2,303.35
MGM,FSM,2.0,1102.3899999999999,2,551.1949999999999
MGM,GEG,1.0,378.5,1,378.5
MGM,GRK,2.0,552.0,2,276.0
MGM,GUC,2.0,542.5,2,271.25
MGM,HDN,3.0,1035.0,2,345.0
MGM,HNL,5.0,5161.02,5,1032.2040000000002
MGM,HOU,10.0,2826.33,10,282.633
MGM,IAH,9.0,2621.09,9,291.2322222222222
MGM,ICT,8.0,2171.0,8,271.375
MGM,IDA,1.0,370.0,1,370.0
MGM,JAC,3.0,792.0,1,264.0
MGM,LAS,17.0,7335.82,17,431.51882352941175
MGM,LAW,1.0,259.0,1,259.0
MGM,LAX,15.0,4806.32,14,320.42133333333334
MGM,LBB,5.0,1706.53,5,341.306
MGM,LCH,1.0,192.0,1,192.0
MGM,LFT,1.0,347.5,1,347.5
MGM,LIT,1.0,5.5,1,5.5
MGM,MAF,2.0,599.0,2,299.5
MGM,MCI,4.0,931.47,4,232.8675
MGM,MFE,1.0,274.0,1,274.0
MGM,MHK,4.0,1063.5,4,265.875
MGM,MKE,5.0,1068.0,4,213.6
MGM,MRY,1.0,302.0,1,302.0
MGM,MSN,1.0,604.54,1,604.54
MGM,MSO,2.0,848.15,2,424.075
MGM,MSP,2.0,593.0,2,296.5
MGM,MTJ,3.0,1117.5,3,372.5
MGM,OGG,1.0,1776.51,1,1776.51
MGM,OKC,8.0,2131.13,8,266.39125
MGM,OMA,4.0,977.22,4,244.305
MGM,ONT,5.0,1721.0,5,344.2
MGM,ORD,2.0,533.0,2,266.5
MGM,PDX,4.0,1598.28,4,399.57
MGM,PHX,10.0,3388.13,10,338.813
MGM,PSP,1.0,273.0,1,273.0
MGM,RAP,3.0,1344.5,3,448.1666666666667
MGM,RNO,3.0,1406.0,3,468.6666666666667
MGM,ROW,1.0,379.5,1,379.5
MGM,SAN,12.0,3464.2799999999997,12,288.69
MGM,SAT,24.0,5658.8,21,235.78333333333333
MGM,SBA,1.0,353.0,1,353.0
MGM,SBP,2.0,840.0,2,420.0
MGM,SEA,8.0,2526.0,8,315.75
MGM,SFO,2.0,257.0,2,128.5
MGM,SGF,3.0,1301.71,3,433.90333333333336
MGM,SHV,2.0,827.5,2,413.75
MGM,SJC,2.0,491.5,2,245.75
MGM,SJT,1.0,559.0,1,559.0
MGM,SLC,8.0,3573.5,8,446.6875
MGM,SMF,6.0,1953.0,6,325.5
MGM,SNA,9.0,3209.0,6,356.55555555555554
MGM,SOW,1.0,611.5,1,611.5
MGM,STS,1.0,364.0,1,364.0
MGM,SWO,1.0,187.0,1,187.0
MGM,SYR,1.0,207.24,1,207.24
MGM,TUL,3.0,872.0,3,290.6666666666667
MGM,TUS,3.0,987.0,3,329.0
MGM,TYR,1.0,11.0,1,11.0
MGM,XNA,2.0,518.63,2,259.315
MHK,ABQ,6.0,1337.94,6,222.99
MHK,ACT,4.0,1164.0,4,291.0
MHK,AEX,6.0,3664.5,5,610.75
MHK,AGS,3.0,668.6800000000001,3,222.89333333333335
MHK,AMA,3.0,608.5,3,202.83333333333334
MHK,ASE,1.0,540.0,1,540.0
MHK,ATL,33.0,9380.36,32,284.25333333333333
MHK,ATW,1.0,11.0,1,11.0
MHK,AUS,21.0,3903.23,16,185.86809523809524
MHK,AVL,1.0,272.5,1,272.5
MHK,AZO,1.0,237.0,1,237.0
MHK,BDL,6.0,2677.31,6,446.2183333333333
MHK,BFL,1.0,740.0,1,740.0
MHK,BHM,1.0,252.5,1,252.5
MHK,BIL,1.0,390.0,1,390.0
MHK,BLI,1.0,604.0,1,604.0
MHK,BNA,18.0,4273.44,17,237.4133333333333
MHK,BOI,6.0,3152.0,6,525.3333333333334
MHK,BOS,9.0,2197.56,9,244.17333333333332
MHK,BRO,2.0,471.5,2,235.75
MHK,BTR,5.0,1188.5,5,237.7
MHK,BTV,1.0,5.5,1,5.5
MHK,BUF,1.0,675.0,1,675.0
MHK,BUR,3.0,964.5,3,321.5
MHK,BWI,12.0,4267.48,11,355.6233333333333
MHK,BZN,4.0,1556.98,4,389.245
MHK,CAE,4.0,1708.73,4,427.1825
MHK,CHA,2.0,464.24,2,232.12
MHK,CHS,9.0,2849.9700000000003,9,316.66333333333336
MHK,CLE,8.0,2106.61,8,263.32625
MHK,CLL,1.0,318.5,1,318.5
MHK,CLT,14.0,6138.47,14,438.46214285714285
MHK,CMH,9.0,2374.48,9,263.8311111111111
MHK,CRP,6.0,1482.5,6,247.08333333333334
MHK,CSG,7.0,3480.5299999999997,7,497.2185714285714
MHK,CVG,8.0,1476.72,8,184.59
MHK,CWA,2.0,550.5,2,275.25
MHK,DAB,1.0,945.0,1,945.0
MHK,DAY,4.0,1668.68,4,417.17
MHK,DCA,43.0,13068.82,43,303.9260465116279
MHK,DFW,127.0,26444.57,93,208.22496062992127
MHK,DTW,3.0,1222.19,3,407.3966666666667
MHK,ECP,1.0,447.83,1,447.83
MHK,ELP,16.0,6497.96,14,406.1225
MHK,EVV,1.0,342.5,1,342.5
MHK,EWR,14.0,2672.49,13,190.89214285714283
MHK,EYW,3.0,1118.5,3,372.8333333333333
MHK,FAI,1.0,969.0,1,969.0
MHK,FAR,1.0,706.0,1,706.0
MHK,FAT,2.0,180.5,2,90.25
MHK,FAY,5.0,2300.12,5,460.024
MHK,FLL,11.0,4955.44,11,450.4945454545454
MHK,FNT,2.0,984.0,2,492.0
MHK,GJT,3.0,708.0,3,236.0
MHK,GNV,3.0,610.0,3,203.33333333333334
MHK,GPT,2.0,504.0,2,252.0
MHK,GRB,2.0,531.89,2,265.945
MHK,GRK,11.0,3457.71,11,314.3372727272727
MHK,GRR,5.0,1541.5,5,308.3
MHK,GSO,5.0,1820.72,5,364.144
MHK,GSP,6.0,1666.42,6,277.7366666666667
MHK,HNL,9.0,5281.42,8,586.8244444444445
MHK,HOU,12.0,3096.33,12,258.0275
MHK,HPN,1.0,208.42,1,208.42
MHK,HSV,5.0,1267.5,5,253.5
MHK,IAH,32.0,7935.12,27,247.9725
MHK,ILM,2.0,581.3199999999999,2,290.65999999999997
MHK,IND,14.0,2862.59,14,204.4707142857143
MHK,JAN,9.0,2013.5,9,223.72222222222223
MHK,JAX,12.0,2679.06,12,223.255
MHK,JFK,7.0,1003.94,6,143.42000000000002
MHK,LAN,1.0,200.04,1,200.04
MHK,LAS,22.0,8430.54,22,383.2063636363637
MHK,LAW,2.0,915.5,2,457.75
MHK,LAX,27.0,8313.22,24,307.897037037037
MHK,LBB,8.0,2007.04,8,250.88
MHK,LEX,2.0,779.0,2,389.5
MHK,LFT,7.0,1754.0,7,250.57142857142858
MHK,LGA,26.0,5578.08,22,214.54153846153847
MHK,LIH,2.0,1026.33,2,513.165
MHK,LIT,3.0,735.0,3,245.0
MHK,LRD,1.0,281.15,1,281.15
MHK,LSE,1.0,454.5,1,454.5
MHK,MAF,3.0,879.5,3,293.1666666666667
MHK,MCO,35.0,13558.22,32,387.37771428571426
MHK,MEM,2.0,528.09,2,264.045
MHK,MFE,7.0,1965.0,7,280.7142857142857
MHK,MGM,6.0,1611.5,5,268.5833333333333
MHK,MIA,12.0,3771.4700000000003,12,314.2891666666667
MHK,MKE,3.0,848.62,3,282.87333333333333
MHK,MLU,1.0,943.0,1,943.0
MHK,MOB,1.0,224.5,1,224.5
MHK,MQT,1.0,272.0,1,272.0
MHK,MRY,1.0,477.0,1,477.0
MHK,MSN,3.0,615.5,3,205.16666666666666
MHK,MSP,2.0,831.0,2,415.5
MHK,MSY,22.0,5461.35,22,248.24318181818182
MHK,MYR,6.0,1290.49,6,215.08166666666668
MHK,OGG,5.0,2823.87,5,564.774
MHK,OKC,1.0,211.0,1,211.0
MHK,ONT,6.0,1580.5,6,263.4166666666667
MHK,ORD,102.0,23199.61,78,227.44715686274512
MHK,ORF,3.0,1441.5,3,480.5
MHK,PBI,4.0,1665.07,4,416.2675
MHK,PDX,13.0,3067.0,13,235.92307692307693
MHK,PHF,2.0,1415.53,2,707.765
MHK,PHL,13.0,5027.71,13,386.74692307692305
MHK,PHX,34.0,10349.58,34,304.39941176470586
MHK,PIA,1.0,192.5,1,192.5
MHK,PIT,7.0,1841.29,7,263.0414285714286
MHK,PNS,3.0,628.0,3,209.33333333333334
MHK,PSC,1.0,484.96,1,484.96
MHK,PSP,11.0,4086.0,9,371.45454545454544
MHK,PVD,1.0,5.0,1,5.0
MHK,RDU,25.0,7032.66,23,281.3064
MHK,RIC,10.0,3213.84,10,321.384
MHK,RNO,3.0,897.5,3,299.1666666666667
MHK,ROC,3.0,761.11,3,253.70333333333335
MHK,RST,2.0,489.0,2,244.5
MHK,RSW,11.0,3307.5299999999997,11,300.68454545454546
MHK,SAN,19.0,4871.85,19,256.41315789473686
MHK,SAT,14.0,2779.0,12,198.5
MHK,SAV,6.0,1301.5,6,216.91666666666666
MHK,SBA,1.0,259.48,1,259.48
MHK,SBP,3.0,617.12,3,205.70666666666668
MHK,SDF,5.0,1476.1100000000001,5,295.22200000000004
MHK,SEA,9.0,3751.73,9,416.8588888888889
MHK,SFO,8.0,1515.2,8,189.4
MHK,SHV,3.0,1272.0,3,424.0
MHK,SJC,4.0,1129.0,4,282.25
MHK,SJU,9.0,3943.64,9,438.1822222222222
MHK,SLC,5.0,1967.35,5,393.46999999999997
MHK,SMF,5.0,1481.28,5,296.256
MHK,SNA,9.0,2418.19,9,268.6877777777778
MHK,SRQ,5.0,1237.57,5,247.51399999999998
MHK,STL,4.0,1033.0,4,258.25
MHK,STS,2.0,1374.0,2,687.0
MHK,STT,1.0,349.5,1,349.5
MHK,TPA,25.0,7911.71,25,316.4684
MHK,TUS,20.0,5362.78,18,268.139
MHK,TVC,1.0,284.0,1,284.0
MHK,TYR,2.0,603.5,2,301.75
MHK,TYS,5.0,1821.19,5,364.238
MHK,VPS,11.0,2406.5,10,218.77272727272728
MHT,AGS,1.0,5.49,1,5.49
MHT,BNA,3.0,913.91,3,304.63666666666666
MHT,CMH,2.0,493.0,2,246.5
MHT,DSM,2.0,596.0,2,298.0
MHT,EYW,1.0,200.06,1,200.06
MHT,FSM,1.0,404.11,1,404.11
MHT,GRK,1.0,458.27,1,458.27
MHT,HHH,1.0,564.0,1,564.0
MHT,HRL,1.0,399.58,1,399.58
MHT,HSV,6.0,1579.39,6,263.2316666666667
MHT,LIT,2.0,1144.76,2,572.38
MHT,LSE,1.0,469.71,1,469.71
MHT,SAV,1.0,5.35,1,5.35
MHT,SGF,5.0,1800.0,5,360.0
MHT,TLH,1.0,202.5,1,202.5
MHT,XNA,9.0,3965.58,9,440.62
MIA,ABI,7.0,2104.25,7,300.60714285714283
MIA,ABQ,10.0,2331.55,7,233.15500000000003
MIA,AGS,3.0,1325.08,3,441.6933333333333
MIA,ALO,1.0,263.5,1,263.5
MIA,ATL,130.0,27723.74,103,213.25953846153848
MIA,ATW,17.0,6153.889999999999,17,361.99352941176465
MIA,AUS,729.0,223707.96,499,306.8696296296296
MIA,AVP,1.0,156.71,1,156.71
MIA,AZO,5.0,887.47,5,177.494
MIA,BDL,1.0,193.91,1,193.91
MIA,BFL,6.0,2789.5,6,464.9166666666667
MIA,BHM,282.0,94673.29,190,335.7208865248227
MIA,BIL,5.0,1928.28,5,385.656
MIA,BIS,7.0,2179.5,7,311.35714285714283
MIA,BMI,6.0,1729.1599999999999,5,288.1933333333333
MIA,BNA,625.0,159187.57,452,254.70011200000002
MIA,BOS,3.0,1903.0,3,634.3333333333334
MIA,BRO,4.0,669.0,4,167.25
MIA,BTR,4.0,607.99,4,151.9975
MIA,BUF,5.0,2162.7799999999997,4,432.5559999999999
MIA,BWI,4.0,1444.0,2,361.0
MIA,BZN,7.0,1919.25,7,274.17857142857144
MIA,CHA,2.0,636.1,2,318.05
MIA,CHS,479.0,111320.93000000001,261,232.4027766179541
MIA,CID,23.0,7368.39,22,320.3647826086957
MIA,CLE,6.0,2171.07,6,361.845
MIA,CLT,50.0,13960.45,48,279.209
MIA,CMH,653.0,210779.54,439,322.78643185298625
MIA,CMI,13.0,5002.22,13,384.78615384615387
MIA,COU,15.0,5707.03,15,380.46866666666665
MIA,CRP,7.0,1905.83,7,272.26142857142855
MIA,CVG,794.0,239870.47,525,302.10386649874056
MIA,CWA,8.0,2717.06,8,339.6325
MIA,DAY,7.0,2630.2,7,375.74285714285713
MIA,DCA,40.0,13540.62,37,338.51550000000003
MIA,DEN,1.0,821.0,1,821.0
MIA,DFW,59.0,25240.59,55,427.80661016949153
MIA,DRO,6.0,2321.09,6,386.84833333333336
MIA,DSM,43.0,11845.38,41,275.47395348837205
MIA,ECP,1.0,373.11,1,373.11
MIA,ELP,19.0,6000.05,19,315.7921052631579
MIA,EWN,1.0,607.32,1,607.32
MIA,EWR,5.0,958.8,5,191.76
MIA,EYW,113.0,26440.16,77,233.9837168141593
MIA,FAR,21.0,8238.52,20,392.3104761904762
MIA,FAT,1.0,312.94,1,312.94
MIA,FNT,6.0,945.19,6,157.53166666666667
MIA,FSD,7.0,3174.57,7,453.51000000000005
MIA,FSM,17.0,6784.0,17,399.05882352941177
MIA,FWA,3.0,785.8,3,261.93333333333334
MIA,GJT,12.0,4928.86,12,410.7383333333333
MIA,GLH,1.0,188.0,1,188.0
MIA,GNV,133.0,31365.98,84,235.83443609022555
MIA,GRB,11.0,3551.42,11,322.85636363636365
MIA,GRK,1.0,382.0,1,382.0
MIA,GRR,28.0,7035.27,27,251.25964285714286
MIA,GSO,150.0,47808.51,118,318.7234
MIA,GSP,203.0,60304.87,155,297.0683251231527
MIA,HHH,1.0,5.44,1,5.44
MIA,HOU,1.0,358.42,1,358.42
MIA,HPN,381.0,69815.67,166,183.24322834645668
MIA,HRL,1.0,358.51,1,358.51
MIA,HSV,1.0,553.0,1,553.0
MIA,IAH,255.0,70567.23,168,276.73423529411764
MIA,ICT,6.0,1835.85,6,305.97499999999997
MIA,IND,270.0,84073.96,208,311.3850370370371
MIA,JAX,854.0,240161.22,444,281.21922716627637
MIA,JFK,9.0,3163.11,9,351.4566666666667
MIA,LAN,5.0,1386.0,5,277.2
MIA,LAS,2.0,789.47,2,394.735
MIA,LAX,10.0,10457.62,10,1045.7620000000002
MIA,LBB,4.0,1307.2,4,326.8
MIA,LCH,3.0,659.1,3,219.70000000000002
MIA,LEX,2.0,464.69,2,232.345
MIA,LFT,4.0,1218.42,4,304.605
MIA,LGA,29.0,7819.29,23,269.63068965517243
MIA,LIT,15.0,4371.57,15,291.438
MIA,LSE,10.0,3143.05,9,314.305
MIA,MAF,12.0,3590.09,11,299.1741666666667
MIA,MCI,11.0,2674.1,11,243.1
MIA,MCO,1.0,220.6,1,220.6
MIA,MEM,5.0,1009.27,5,201.85399999999998
MIA,MFE,1.0,943.0,1,943.0
MIA,MGM,1.0,220.38,1,220.38
MIA,MHK,9.0,2700.5299999999997,9,300.0588888888889
MIA,MKE,4.0,1745.8799999999999,4,436.46999999999997
MIA,MLI,13.0,4705.4800000000005,13,361.96000000000004
MIA,MOB,2.0,598.5899999999999,2,299.29499999999996
MIA,MQT,5.0,1951.51,5,390.302
MIA,MRY,4.0,1277.66,4,319.415
MIA,MSN,64.0,17512.49,62,273.63265625
MIA,MSO,2.0,11.0,2,5.5
MIA,MSY,461.0,146182.36,327,317.0983947939262
MIA,MTJ,1.0,1205.26,1,1205.26
MIA,MWA,3.0,1260.0,3,420.0
MIA,OAJ,1.0,374.87,1,374.87
MIA,OKC,3.0,1454.0,2,484.6666666666667
MIA,OMA,1.0,247.0,1,247.0
MIA,ONT,1.0,571.0,1,571.0
MIA,ORD,52.0,18662.55,51,358.8951923076923
MIA,ORF,4.0,1554.17,4,388.5425
MIA,PHL,38.0,13633.66,32,358.7805263157895
MIA,PHX,15.0,6008.91,14,400.594
MIA,PIA,13.0,5028.51,13,386.80846153846153
MIA,PIT,1.0,973.0,1,973.0
MIA,PNS,561.0,152836.23,334,272.4353475935829
MIA,PSP,18.0,7668.1,17,426.0055555555556
MIA,PVD,5.0,672.27,5,134.454
MIA,RAP,20.0,7501.46,18,375.073
MIA,RDU,431.0,101401.85,291,235.27111368909513
MIA,RNO,3.0,815.01,3,271.67
MIA,ROC,31.0,9365.18,29,302.1025806451613
MIA,RST,10.0,3093.8,9,309.38
MIA,SAF,1.0,607.0,1,607.0
MIA,SAT,1.0,350.45,1,350.45
MIA,SAV,423.0,110902.1,227,262.17990543735226
MIA,SBP,6.0,1692.0,6,282.0
MIA,SDF,179.0,56957.96,142,318.2008938547486
MIA,SFO,2.0,953.0,2,476.5
MIA,SGF,44.0,13778.87,43,313.1561363636364
MIA,SHV,9.0,3917.68,9,435.29777777777775
MIA,SJT,5.0,2954.26,5,590.8520000000001
MIA,SJU,1.0,446.36,1,446.36
MIA,SLC,2.0,727.77,2,363.885
MIA,SNA,4.0,1591.17,4,397.7925
MIA,STL,265.0,78004.43,209,294.3563396226415
MIA,STS,2.0,498.95,2,249.475
MIA,SYR,46.0,14343.28,43,311.8104347826087
MIA,TLH,791.0,251494.13,326,317.94453855878635
MIA,TPA,326.0,75801.98,218,232.52141104294478
MIA,TRI,1.0,5.08,1,5.08
MIA,TUL,15.0,4461.75,15,297.45
MIA,TVC,20.0,7118.59,19,355.9295
MIA,TYS,222.0,59622.75,174,268.57094594594594
MIA,XNA,222.0,73534.28,176,331.2354954954955
MKE,ALB,2.0,451.46000000000004,2,225.73000000000002
MKE,ANC,3.0,1700.12,3,566.7066666666666
MKE,ASE,1.0,186.15,1,186.15
MKE,ATL,3.0,626.31,3,208.76999999999998
MKE,AUS,27.0,8498.6,26,314.762962962963
MKE,AVP,1.0,312.62,1,312.62
MKE,BDL,10.0,2646.01,10,264.601
MKE,BHM,2.0,493.23,2,246.615
MKE,BMI,1.0,352.0,1,352.0
MKE,BNA,7.0,2023.27,7,289.0385714285714
MKE,BOS,3.0,416.73,3,138.91
MKE,BRO,1.0,112.0,1,112.0
MKE,BUF,2.0,408.5,2,204.25
MKE,BWI,3.0,805.0,3,268.3333333333333
MKE,BZN,1.0,283.0,1,283.0
MKE,CHA,2.0,400.1,2,200.05
MKE,CLE,10.0,2818.5,10,281.85
MKE,CLT,17.0,4137.28,17,243.36941176470586
MKE,CMH,16.0,3912.5,15,244.53125
MKE,CMI,1.0,364.0,1,364.0
MKE,COU,1.0,322.0,1,322.0
MKE,CRP,3.0,941.76,3,313.92
MKE,CVG,8.0,2088.5,8,261.0625
MKE,DAY,1.0,125.71,1,125.71
MKE,DCA,7.0,1833.95,7,261.99285714285713
MKE,DEN,2.0,464.0,2,232.0
MKE,DFW,15.0,4163.9800000000005,15,277.5986666666667
MKE,DSM,1.0,259.0,1,259.0
MKE,DTW,1.0,282.0,1,282.0
MKE,ELP,2.0,671.0,2,335.5
MKE,EWR,2.0,376.52,2,188.26
MKE,FNT,4.0,963.0,4,240.75
MKE,FSM,3.0,1170.8,3,390.26666666666665
MKE,FWA,1.0,358.5,1,358.5
MKE,GRK,2.0,377.5,2,188.75
MKE,GRR,3.0,859.5,3,286.5
MKE,GSO,3.0,642.28,3,214.09333333333333
MKE,GSP,5.0,1300.9,5,260.18
MKE,HHH,1.0,199.0,1,199.0
MKE,HPN,3.0,556.5,3,185.5
MKE,HRL,1.0,208.0,1,208.0
MKE,HSV,1.0,494.67,1,494.67
MKE,IAH,2.0,416.09000000000003,2,208.04500000000002
MKE,ICT,5.0,971.12,5,194.224
MKE,IND,12.0,3711.5,12,309.2916666666667
MKE,JAC,1.0,199.53,1,199.53
MKE,JAN,2.0,664.47,2,332.235
MKE,LAN,3.0,737.0,3,245.66666666666666
MKE,LAS,8.0,2677.0699999999997,8,334.63374999999996
MKE,LAX,11.0,3253.41,11,295.76454545454544
MKE,LBB,2.0,721.0,2,360.5
MKE,LEX,2.0,558.5,2,279.25
MKE,LGA,3.0,538.0,3,179.33333333333334
MKE,LIH,3.0,951.99,3,317.33
MKE,LIT,1.0,276.87,1,276.87
MKE,MAF,2.0,655.3399999999999,2,327.66999999999996
MKE,MCI,9.0,2377.5,9,264.1666666666667
MKE,MCO,5.0,1368.82,5,273.764
MKE,MDT,4.0,1295.0,4,323.75
MKE,MEM,19.0,4333.84,18,228.09684210526316
MKE,MHK,3.0,925.38,3,308.46
MKE,MIA,6.0,1651.1200000000001,6,275.18666666666667
MKE,MOB,1.0,5.04,1,5.04
MKE,MRY,2.0,698.8,1,349.4
MKE,OGG,2.0,2014.03,2,1007.015
MKE,OKC,5.0,1610.89,5,322.178
MKE,OMA,8.0,2012.5,7,251.5625
MKE,ORD,3.0,749.0,3,249.66666666666666
MKE,ORF,2.0,797.47,2,398.735
MKE,PBG,1.0,423.72,1,423.72
MKE,PBI,2.0,403.0,2,201.5
MKE,PDX,2.0,575.0,2,287.5
MKE,PHL,4.0,835.47,4,208.8675
MKE,PHX,4.0,1268.92,4,317.23
MKE,PIT,12.0,2775.0,12,231.25
MKE,PSP,3.0,490.51,3,163.50333333333333
MKE,PVD,3.0,1205.68,3,401.8933333333334
MKE,RDU,4.0,1008.8199999999999,4,252.20499999999998
MKE,RIC,4.0,840.56,4,210.14
MKE,ROC,2.0,545.0,2,272.5
MKE,RSW,3.0,1014.88,3,338.29333333333335
MKE,SAF,1.0,631.5,1,631.5
MKE,SAN,9.0,2030.26,8,225.58444444444444
MKE,SAT,2.0,590.74,2,295.37
MKE,SBP,3.0,850.23,3,283.41
MKE,SDF,3.0,777.9100000000001,3,259.30333333333334
MKE,SEA,2.0,678.0,1,339.0
MKE,SGF,7.0,1598.52,7,228.35999999999999
MKE,SHV,3.0,1560.05,3,520.0166666666667
MKE,SJT,2.0,1159.94,2,579.97
MKE,SJU,12.0,2916.14,12,243.01166666666666
MKE,SMF,2.0,457.5,2,228.75
MKE,SNA,4.0,1071.28,4,267.82
MKE,SRQ,2.0,419.78,2,209.89
MKE,STL,4.0,1343.1100000000001,4,335.77750000000003
MKE,STX,1.0,445.0,1,445.0
MKE,SYR,2.0,1045.0,2,522.5
MKE,TPA,2.0,9.51,2,4.755
MKE,TUL,3.0,828.5,3,276.1666666666667
MKE,TUS,3.0,810.23,3,270.07666666666665
MKE,TYS,6.0,2088.98,6,348.16333333333336
MKE,XNA,8.0,3101.42,8,387.6775
MKG,BOS,1.0,143.0,1,143.0
MKG,CVG,1.0,257.5,1,257.5
MKG,GSP,1.0,349.36,1,349.36
MKG,MEM,1.0,233.5,1,233.5
MKG,SDF,1.0,317.0,1,317.0
MKG,STL,1.0,383.0,1,383.0
MKG,XNA,1.0,348.0,1,348.0
MLB,AGS,1.0,326.5,1,326.5
MLB,ATW,1.0,571.0,1,571.0
MLB,HHH,1.0,276.5,1,276.5
MLB,ICT,1.0,5.5,1,5.5
MLB,MQT,1.0,247.5,1,247.5
MLB,PHL,1.0,308.18,1,308.18
MLB,RAP,2.0,1149.37,2,574.685
MLB,SGF,4.0,1026.42,3,256.605
MLB,XNA,2.0,603.0,2,301.5
MLI,ABE,2.0,403.5,2,201.75
MLI,ABI,2.0,811.0,2,405.5
MLI,ABQ,1.0,174.34,1,174.34
MLI,AEX,1.0,1016.33,1,1016.33
MLI,AGS,1.0,358.0,1,358.0
MLI,ANC,3.0,1117.5,3,372.5
MLI,ATL,5.0,1270.97,5,254.19400000000002
MLI,AUS,19.0,7193.53,18,378.6068421052631
MLI,AVP,4.0,1326.0,4,331.5
MLI,BDL,5.0,1828.5,5,365.7
MLI,BFL,2.0,663.0,2,331.5
MLI,BLI,1.0,346.0,1,346.0
MLI,BNA,16.0,5381.5,16,336.34375
MLI,BOI,3.0,1229.0,3,409.6666666666667
MLI,BOS,11.0,3659.5,11,332.6818181818182
MLI,BPT,1.0,399.0,1,399.0
MLI,BRO,4.0,950.5,4,237.625
MLI,BTR,4.0,1425.0,4,356.25
MLI,BUF,1.0,539.0,1,539.0
MLI,BUR,6.0,941.94,5,156.99
MLI,BWI,9.0,2909.49,9,323.27666666666664
MLI,CAE,1.0,597.0,1,597.0
MLI,CHS,1.0,315.14,1,315.14
MLI,CLE,4.0,1218.0,4,304.5
MLI,CLT,16.0,6104.56,16,381.535
MLI,CMH,3.0,822.0,3,274.0
MLI,COS,1.0,262.0,1,262.0
MLI,CRP,6.0,1917.0,6,319.5
MLI,CVG,3.0,1044.0,3,348.0
MLI,DAY,3.0,836.0,3,278.6666666666667
MLI,DCA,18.0,4726.89,16,262.605
MLI,DEN,9.0,4241.5,9,471.27777777777777
MLI,DFW,212.0,58348.21,146,275.22740566037737
MLI,DTW,7.0,2592.0,7,370.2857142857143
MLI,ECP,6.0,1659.5,6,276.5833333333333
MLI,ELP,13.0,5191.54,13,399.34923076923076
MLI,EWR,10.0,3414.7,10,341.46999999999997
MLI,EYW,3.0,821.22,3,273.74
MLI,FAR,5.0,1720.56,4,344.11199999999997
MLI,FAT,6.0,2329.0,6,388.1666666666667
MLI,FAY,1.0,238.5,1,238.5
MLI,FLG,2.0,1116.0,2,558.0
MLI,FLL,15.0,5151.78,15,343.452
MLI,FSM,1.0,549.0,1,549.0
MLI,GJT,2.0,506.0,2,253.0
MLI,GPT,3.0,595.6,3,198.53333333333333
MLI,GRB,1.0,450.0,1,450.0
MLI,GRK,4.0,1499.5,4,374.875
MLI,GSO,6.0,1565.0,6,260.8333333333333
MLI,GSP,3.0,1171.5,3,390.5
MLI,HDN,1.0,557.5,1,557.5
MLI,HNL,3.0,2008.18,3,669.3933333333333
MLI,HOU,14.0,7311.5,13,522.25
MLI,HRL,3.0,1366.73,3,455.57666666666665
MLI,HSV,5.0,1603.0,5,320.6
MLI,IAH,18.0,6910.23,17,383.90166666666664
MLI,ICT,3.0,987.85,3,329.28333333333336
MLI,ILM,2.0,908.0,2,454.0
MLI,IND,2.0,587.77,2,293.885
MLI,ITO,1.0,5.44,1,5.44
MLI,JAN,2.0,898.0,2,449.0
MLI,JAX,10.0,4309.86,10,430.986
MLI,KOA,2.0,446.91999999999996,2,223.45999999999998
MLI,LAS,40.0,17949.57,37,448.73924999999997
MLI,LAX,24.0,10264.85,24,427.70208333333335
MLI,LBB,3.0,1796.0,3,598.6666666666666
MLI,LCH,2.0,231.0,2,115.5
MLI,LEX,1.0,329.0,1,329.0
MLI,LGA,27.0,8248.01,23,305.48185185185184
MLI,LIT,6.0,2257.19,6,376.1983333333333
MLI,LYH,1.0,320.5,1,320.5
MLI,MAF,1.0,504.0,1,504.0
MLI,MCI,3.0,1086.0,3,362.0
MLI,MCO,33.0,10603.04,31,321.30424242424243
MLI,MDT,3.0,901.5,3,300.5
MLI,MEM,6.0,1970.6,6,328.43333333333334
MLI,MFE,13.0,3699.49,13,284.57615384615383
MLI,MIA,17.0,5190.52,16,305.324705882353
MLI,MLU,1.0,304.0,1,304.0
MLI,MOB,1.0,314.0,1,314.0
MLI,MRY,1.0,301.0,1,301.0
MLI,MSN,1.0,5.0,1,5.0
MLI,MSP,5.0,2147.5,5,429.5
MLI,MSY,9.0,2736.37,9,304.0411111111111
MLI,OKC,11.0,4618.7,11,419.8818181818182
MLI,OMA,1.0,318.0,1,318.0
MLI,ONT,2.0,788.5,2,394.25
MLI,ORD,17.0,2935.0,17,172.64705882352942
MLI,PBI,3.0,783.31,3,261.1033333333333
MLI,PDX,3.0,1284.0,3,428.0
MLI,PHL,19.0,6815.09,19,358.68894736842105
MLI,PHX,22.0,8457.13,22,384.41499999999996
MLI,PIT,11.0,3591.76,11,326.5236363636364
MLI,PNS,1.0,288.11,1,288.11
MLI,PSP,5.0,1367.3600000000001,5,273.47200000000004
MLI,PVD,1.0,376.0,1,376.0
MLI,PWM,1.0,582.0,1,582.0
MLI,RDU,4.0,1733.79,4,433.4475
MLI,RIC,4.0,888.47,4,222.1175
MLI,RNO,3.0,980.0,3,326.6666666666667
MLI,ROC,1.0,452.0,1,452.0
MLI,RSW,9.0,3041.51,9,337.9455555555556
MLI,SAN,23.0,9984.5,23,434.10869565217394
MLI,SAT,24.0,8720.21,23,363.3420833333333
MLI,SAV,2.0,934.0,2,467.0
MLI,SBA,2.0,567.0,2,283.5
MLI,SBP,1.0,309.0,1,309.0
MLI,SDF,4.0,1072.0,3,268.0
MLI,SEA,10.0,3201.91,10,320.191
MLI,SFO,7.0,2079.8,7,297.11428571428576
MLI,SGF,1.0,211.0,1,211.0
MLI,SHV,5.0,2646.0,5,529.2
MLI,SJC,3.0,955.63,3,318.54333333333335
MLI,SLC,5.0,1669.48,5,333.896
MLI,SMF,3.0,1467.0,3,489.0
MLI,SNA,7.0,3164.18,7,452.0257142857143
MLI,SRQ,6.0,1710.6100000000001,5,285.1016666666667
MLI,STL,2.0,1750.0,2,875.0
MLI,STS,1.0,983.0,1,983.0
MLI,TPA,21.0,8309.06,21,395.6695238095238
MLI,TRI,1.0,5.0,1,5.0
MLI,TUL,3.0,1294.0,3,431.3333333333333
MLI,TUS,8.0,3525.7200000000003,8,440.71500000000003
MLI,TYS,2.0,675.62,2,337.81
MLI,VPS,2.0,363.0,2,181.5
MLI,XNA,4.0,1406.5,4,351.625
MLI,YKM,1.0,379.0,1,379.0
MLI,YUM,2.0,1105.0,2,552.5
MLU,AVP,1.0,414.0,1,414.0
MLU,BIL,2.0,627.0,2,313.5
MLU,BIS,1.0,554.0,1,554.0
MLU,CRP,1.0,414.0,1,414.0
MLU,CWA,1.0,494.0,1,494.0
MLU,DFW,1.0,126.93,1,126.93
MLU,FAR,1.0,298.5,1,298.5
MLU,GJT,1.0,595.0,1,595.0
MLU,HOU,2.0,874.1700000000001,2,437.08500000000004
MLU,ICT,1.0,178.5,1,178.5
MLU,LEX,1.0,276.0,1,276.0
MLU,MAF,9.0,2489.0,8,276.55555555555554
MLU,MLI,1.0,304.0,1,304.0
MLU,MYR,2.0,669.76,2,334.88
MOB,ABI,1.0,214.0,1,214.0
MOB,ABQ,9.0,2562.0,9,284.6666666666667
MOB,ANC,3.0,1317.0,3,439.0
MOB,ATW,6.0,2296.49,6,382.7483333333333
MOB,AUS,4.0,1664.5,4,416.125
MOB,BFL,2.0,728.0,2,364.0
MOB,BOI,3.0,884.5,3,294.8333333333333
MOB,BUR,4.0,1750.0,3,437.5
MOB,BWI,1.0,223.74,1,223.74
MOB,BZN,1.0,512.5,1,512.5
MOB,CID,3.0,1404.0,3,468.0
MOB,CLE,1.0,229.0,1,229.0
MOB,CLT,2.0,363.55999999999995,2,181.77999999999997
MOB,CMH,1.0,5.0,1,5.0
MOB,COS,12.0,4111.5,12,342.625
MOB,CRP,5.0,1438.0,5,287.6
MOB,CVG,1.0,389.0,1,389.0
MOB,DEN,24.0,7360.95,22,306.70625
MOB,DFW,210.0,50779.09,144,241.80519047619046
MOB,DRO,2.0,660.5,2,330.25
MOB,DSM,3.0,928.5799999999999,3,309.52666666666664
MOB,DTW,1.0,328.0,1,328.0
MOB,EGE,6.0,3150.0,6,525.0
MOB,ELP,4.0,1391.5,4,347.875
MOB,FAT,1.0,481.0,1,481.0
MOB,FLG,1.0,391.0,1,391.0
MOB,FSD,2.0,565.0,2,282.5
MOB,FSM,1.0,254.0,1,254.0
MOB,GCK,1.0,302.5,1,302.5
MOB,GEG,2.0,293.5,2,146.75
MOB,GJT,3.0,1660.0,3,553.3333333333334
MOB,GRI,1.0,624.0,1,624.0
MOB,GRK,1.0,5.0,1,5.0
MOB,GUC,1.0,406.0,1,406.0
MOB,HDN,1.0,655.5,1,655.5
MOB,HOU,7.0,2611.5,7,373.07142857142856
MOB,IAH,6.0,1834.5,6,305.75
MOB,ICT,6.0,1853.5,5,308.9166666666667
MOB,IND,1.0,348.0,1,348.0
MOB,JAC,4.0,1643.5,4,410.875
MOB,LAN,1.0,242.0,1,242.0
MOB,LAS,25.0,10441.47,25,417.6588
MOB,LAX,21.0,12170.0,18,579.5238095238095
MOB,LBB,2.0,1033.0,2,516.5
MOB,LIT,3.0,952.0,3,317.3333333333333
MOB,MAF,4.0,1191.5,4,297.875
MOB,MCI,7.0,2580.0,7,368.57142857142856
MOB,MHK,1.0,224.5,1,224.5
MOB,MIA,1.0,321.0,1,321.0
MOB,MKE,3.0,349.96,3,116.65333333333332
MOB,MLI,1.0,314.0,1,314.0
MOB,MRY,2.0,466.0,2,233.0
MOB,MSN,1.0,301.99,1,301.99
MOB,MSO,2.0,783.0,2,391.5
MOB,MSP,5.0,1745.35,5,349.07
MOB,OGG,1.0,3042.5,1,3042.5
MOB,OKC,3.0,945.0,3,315.0
MOB,OMA,1.0,207.0,1,207.0
MOB,ONT,3.0,1656.5,3,552.1666666666666
MOB,ORD,1.0,498.0,1,498.0
MOB,PDX,13.0,5211.76,12,400.9046153846154
MOB,PHL,1.0,1157.0,1,1157.0
MOB,PHX,24.0,10415.57,22,433.9820833333333
MOB,PIA,1.0,368.0,1,368.0
MOB,PSP,2.0,496.5,2,248.25
MOB,RAP,1.0,316.0,1,316.0
MOB,RIC,1.0,434.51,1,434.51
MOB,RNO,5.0,1818.0,5,363.6
MOB,ROW,2.0,496.0,2,248.0
MOB,SAF,1.0,359.0,1,359.0
MOB,SAN,17.0,6922.07,17,407.1805882352941
MOB,SAT,13.0,3691.96,13,283.99692307692305
MOB,SBA,1.0,435.68,1,435.68
MOB,SBP,1.0,976.0,1,976.0
MOB,SEA,10.0,4274.0,10,427.4
MOB,SFO,20.0,8590.25,15,429.5125
MOB,SGF,5.0,1286.0,5,257.2
MOB,SHV,2.0,768.0,2,384.0
MOB,SJC,3.0,1428.0,3,476.0
MOB,SJT,2.0,264.5,2,132.25
MOB,SJU,1.0,746.0,1,746.0
MOB,SLC,16.0,6677.5,16,417.34375
MOB,SMF,15.0,6501.88,12,433.45866666666666
MOB,SNA,3.0,899.5,3,299.8333333333333
MOB,STL,10.0,2927.2,8,292.71999999999997
MOB,STS,1.0,453.0,1,453.0
MOB,TUL,4.0,1307.07,4,326.7675
MOB,TUS,3.0,1061.0,3,353.6666666666667
MOB,TXK,1.0,550.0,1,550.0
MOB,XNA,5.0,929.24,5,185.848
MQT,ABQ,2.0,581.5,2,290.75
MQT,ASE,1.0,274.0,1,274.0
MQT,AUS,4.0,1484.0,3,371.0
MQT,AZO,1.0,275.0,1,275.0
MQT,BDL,1.0,312.0,1,312.0
MQT,BHM,1.0,322.5,1,322.5
MQT,BNA,3.0,1661.0,3,553.6666666666666
MQT,BOI,1.0,240.88,1,240.88
MQT,BOS,1.0,262.0,1,262.0
MQT,BTR,1.0,231.5,1,231.5
MQT,CAE,1.0,946.0,1,946.0
MQT,CHS,1.0,233.79,1,233.79
MQT,CID,1.0,202.0,1,202.0
MQT,CLE,1.0,915.0,1,915.0
MQT,CLT,4.0,1420.5,4,355.125
MQT,CMH,2.0,438.0,1,219.0
MQT,CRW,1.0,332.0,1,332.0
MQT,CVG,2.0,798.0,2,399.0
MQT,DAB,1.0,11.0,1,11.0
MQT,DCA,6.0,1238.0,4,206.33333333333334
MQT,DEN,6.0,2737.67,6,456.27833333333336
MQT,DFW,15.0,6536.5,12,435.76666666666665
MQT,DTW,1.0,269.5,1,269.5
MQT,ECP,1.0,474.0,1,474.0
MQT,ELP,2.0,1122.0,2,561.0
MQT,EWR,2.0,844.0,2,422.0
MQT,EYW,1.0,256.0,1,256.0
MQT,FAT,1.0,273.8,1,273.8
MQT,FLL,2.0,944.0,2,472.0
MQT,FSD,1.0,196.5,1,196.5
MQT,FWA,4.0,1228.41,4,307.1025
MQT,GJT,1.0,468.0,1,468.0
MQT,GPT,2.0,1760.0,1,880.0
MQT,GRR,4.0,1181.5,3,295.375
MQT,GSO,1.0,242.0,1,242.0
MQT,HNL,4.0,2399.61,4,599.9025
MQT,HSV,1.0,302.12,1,302.12
MQT,IAH,2.0,330.72,2,165.36
MQT,IND,3.0,836.0,3,278.6666666666667
MQT,JAX,2.0,857.5,2,428.75
MQT,LAN,1.0,618.0,1,618.0
MQT,LAS,15.0,5511.0,14,367.4
MQT,LAX,8.0,2562.67,8,320.33375
MQT,LCH,1.0,429.0,1,429.0
MQT,LGA,5.0,1726.66,5,345.332
MQT,LIH,1.0,537.41,1,537.41
MQT,LIT,3.0,1027.0,3,342.3333333333333
MQT,LRD,1.0,859.0,1,859.0
MQT,MCI,3.0,638.31,3,212.76999999999998
MQT,MCO,10.0,3337.12,10,333.712
MQT,MDT,1.0,285.0,1,285.0
MQT,MGM,1.0,537.0,1,537.0
MQT,MHK,1.0,272.0,1,272.0
MQT,MIA,7.0,2655.49,7,379.35571428571427
MQT,MKE,1.0,840.0,1,840.0
MQT,MLB,1.0,247.5,1,247.5
MQT,MYR,2.0,759.0,2,379.5
MQT,OKC,1.0,1038.0,1,1038.0
MQT,OMA,1.0,590.0,1,590.0
MQT,ONT,2.0,747.42,2,373.71
MQT,ORD,38.0,7464.37,30,196.4307894736842
MQT,PBI,2.0,512.31,2,256.155
MQT,PDX,2.0,542.0,2,271.0
MQT,PHL,2.0,553.0,2,276.5
MQT,PHX,14.0,5380.17,13,384.29785714285714
MQT,PIA,1.0,352.0,1,352.0
MQT,PIT,1.0,264.0,1,264.0
MQT,PNS,4.0,1494.0,4,373.5
MQT,PSP,5.0,2730.68,5,546.136
MQT,RDU,3.0,1287.0,3,429.0
MQT,RIC,2.0,689.0,2,344.5
MQT,RNO,3.0,2692.7799999999997,3,897.5933333333332
MQT,ROC,1.0,212.0,1,212.0
MQT,ROW,1.0,598.0,1,598.0
MQT,RST,1.0,5.0,1,5.0
MQT,RSW,6.0,1735.0,4,289.1666666666667
MQT,SAF,1.0,328.0,1,328.0
MQT,SAN,13.0,5346.68,13,411.2830769230769
MQT,SAV,1.0,337.0,1,337.0
MQT,SFO,3.0,1206.77,3,402.25666666666666
MQT,SGF,1.0,429.0,1,429.0
MQT,SJU,4.0,1119.0,4,279.75
MQT,SLC,4.0,2522.0,4,630.5
MQT,SMF,1.0,481.0,1,481.0
MQT,SNA,5.0,2367.79,5,473.558
MQT,SRQ,2.0,567.6,2,283.8
MQT,STL,2.0,744.0,2,372.0
MQT,TPA,10.0,3269.15,9,326.915
MQT,TUL,1.0,5.5,1,5.5
MQT,TUS,2.0,10.5,2,5.25
MQT,VPS,1.0,418.0,1,418.0
MRY,ABE,1.0,659.15,1,659.15
MRY,ABI,2.0,324.0,2,162.0
MRY,ABQ,4.0,1110.0,4,277.5
MRY,AGS,1.0,534.0,1,534.0
MRY,ALB,1.0,743.0,1,743.0
MRY,ATL,4.0,1775.51,4,443.8775
MRY,AUS,6.0,1497.8600000000001,6,249.64333333333335
MRY,AVL,6.0,1223.83,6,203.97166666666666
MRY,BDL,2.0,622.94,2,311.47
MRY,BHM,6.0,1817.0,6,302.8333333333333
MRY,BMI,1.0,282.23,1,282.23
MRY,BNA,10.0,2540.2200000000003,10,254.02200000000002
MRY,BOS,5.0,2549.81,5,509.962
MRY,BRO,1.0,381.0,1,381.0
MRY,BTR,1.0,390.5,1,390.5
MRY,BWI,3.0,775.25,3,258.4166666666667
MRY,CAE,2.0,934.0,2,467.0
MRY,CHA,3.0,887.5,3,295.8333333333333
MRY,CHS,1.0,897.5,1,897.5
MRY,CID,2.0,606.6600000000001,2,303.33000000000004
MRY,CLE,2.0,525.0,2,262.5
MRY,CLT,5.0,1447.6100000000001,5,289.52200000000005
MRY,CMH,5.0,2441.4700000000003,5,488.29400000000004
MRY,CMI,4.0,1433.5,3,358.375
MRY,COU,2.0,701.5,2,350.75
MRY,CRP,2.0,1259.0,2,629.5
MRY,CVG,4.0,2323.0299999999997,4,580.7574999999999
MRY,DAY,5.0,1875.5,5,375.1
MRY,DCA,19.0,5793.28,18,304.9094736842105
MRY,DEN,8.0,1152.5,7,144.0625
MRY,DFW,93.0,31055.39,80,333.9289247311828
MRY,DRO,1.0,137.08,1,137.08
MRY,DTW,4.0,806.67,4,201.6675
MRY,ELP,2.0,509.15,2,254.575
MRY,EWR,10.0,2290.86,9,229.086
MRY,EYW,1.0,553.51,1,553.51
MRY,FAR,1.0,483.48,1,483.48
MRY,FLL,8.0,4747.0,7,593.375
MRY,FSD,1.0,6.2,1,6.2
MRY,FWA,1.0,568.17,1,568.17
MRY,GGG,1.0,262.02,1,262.02
MRY,GNV,2.0,753.0,2,376.5
MRY,GPT,2.0,1064.5,2,532.25
MRY,GRR,2.0,670.54,2,335.27
MRY,HNL,1.0,383.0,1,383.0
MRY,HOU,1.0,292.0,1,292.0
MRY,HSV,5.0,1763.0,4,352.6
MRY,IAD,2.0,567.0,2,283.5
MRY,IAH,6.0,1905.44,6,317.5733333333333
MRY,ICT,3.0,1627.15,3,542.3833333333333
MRY,IDA,1.0,261.5,1,261.5
MRY,ILM,2.0,1322.8899999999999,2,661.4449999999999
MRY,IND,5.0,954.66,5,190.932
MRY,JAN,3.0,1425.5,3,475.1666666666667
MRY,JAX,2.0,812.5,2,406.25
MRY,JFK,5.0,1624.3600000000001,5,324.872
MRY,LAS,4.0,980.5,4,245.125
MRY,LBB,2.0,338.68,2,169.34
MRY,LCH,1.0,5.5,1,5.5
MRY,LEX,6.0,2394.7200000000003,6,399.12000000000006
MRY,LFT,1.0,418.0,1,418.0
MRY,LGA,4.0,977.98,4,244.495
MRY,LIH,2.0,879.0,2,439.5
MRY,LIT,2.0,1147.5,2,573.75
MRY,MCI,2.0,590.5,2,295.25
MRY,MCO,12.0,5016.110000000001,12,418.0091666666667
MRY,MEM,3.0,2922.5,3,974.1666666666666
MRY,MFE,1.0,226.5,1,226.5
MRY,MGM,2.0,575.0,2,287.5
MRY,MHK,1.0,477.0,1,477.0
MRY,MIA,7.0,2541.34,7,363.04857142857145
MRY,MKE,3.0,1051.2,2,350.40000000000003
MRY,MOB,2.0,466.0,2,233.0
MRY,MSN,4.0,1346.5,4,336.625
MRY,MSP,1.0,608.0,1,608.0
MRY,MSY,5.0,2191.2,5,438.23999999999995
MRY,MYR,1.0,747.0,1,747.0
MRY,OGG,1.0,1199.0,1,1199.0
MRY,OKC,2.0,354.0,2,177.0
MRY,ORD,10.0,2409.52,9,240.952
MRY,ORF,1.0,407.0,1,407.0
MRY,PBI,6.0,3121.27,6,520.2116666666667
MRY,PHL,9.0,2533.35,8,281.48333333333335
MRY,PHX,83.0,25832.96,73,311.24048192771085
MRY,PIA,1.0,279.0,1,279.0
MRY,PIT,2.0,569.0,2,284.5
MRY,PSP,6.0,1482.0,4,247.0
MRY,RDU,3.0,887.5,3,295.8333333333333
MRY,RIC,1.0,205.07,1,205.07
MRY,RSW,5.0,2132.0,5,426.4
MRY,SAF,2.0,481.5,2,240.75
MRY,SAN,11.0,2292.5,9,208.4090909090909
MRY,SAT,9.0,2758.32,9,306.48
MRY,SGF,8.0,2307.5,8,288.4375
MRY,SJT,5.0,3571.0,3,714.2
MRY,SLC,3.0,926.5,3,308.8333333333333
MRY,SPI,2.0,1436.5,2,718.25
MRY,STL,5.0,1244.3600000000001,5,248.872
MRY,TLH,2.0,675.1700000000001,2,337.58500000000004
MRY,TPA,6.0,2858.13,6,476.355
MRY,TUL,3.0,522.23,3,174.07666666666668
MRY,TUS,8.0,2259.5,8,282.4375
MRY,TVC,1.0,303.0,1,303.0
MRY,VPS,1.0,221.5,1,221.5
MRY,XNA,5.0,2559.24,5,511.84799999999996
MRY,YUM,9.0,3710.0,9,412.22222222222223
MSN,ABI,1.0,259.0,1,259.0
MSN,ABQ,2.0,1088.5,2,544.25
MSN,ACT,1.0,271.0,1,271.0
MSN,AGS,1.0,264.96,1,264.96
MSN,ALB,4.0,1261.7,4,315.425
MSN,AMA,7.0,2409.0,7,344.14285714285717
MSN,ANC,2.0,1020.0899999999999,2,510.04499999999996
MSN,ASE,1.0,5.5,1,5.5
MSN,ATL,7.0,1795.5,7,256.5
MSN,AUS,29.0,7879.06,29,271.69172413793103
MSN,AVP,4.0,1450.98,4,362.745
MSN,BDL,4.0,1094.02,4,273.505
MSN,BHM,5.0,2023.89,5,404.778
MSN,BNA,11.0,3531.36,11,321.0327272727273
MSN,BOS,9.0,3201.76,9,355.75111111111113
MSN,BPT,1.0,297.18,1,297.18
MSN,BRO,8.0,2921.93,8,365.24125
MSN,BTR,6.0,2652.1,6,442.01666666666665
MSN,BUF,2.0,637.5,2,318.75
MSN,BUR,2.0,230.56,2,115.28
MSN,BWI,5.0,1559.74,5,311.948
MSN,BZN,2.0,584.0,2,292.0
MSN,CHO,1.0,283.0,1,283.0
MSN,CHS,2.0,941.0,2,470.5
MSN,CLE,16.0,4049.41,14,253.088125
MSN,CLL,1.0,527.0,1,527.0
MSN,CLT,27.0,8221.119999999999,26,304.48592592592587
MSN,CMH,14.0,3975.3,12,283.95
MSN,CMI,4.0,1286.5,4,321.625
MSN,COU,4.0,1208.5,4,302.125
MSN,CRP,7.0,2510.0,7,358.57142857142856
MSN,CVG,5.0,1844.5,5,368.9
MSN,DAY,4.0,1409.0,4,352.25
MSN,DCA,17.0,4972.63,17,292.5076470588235
MSN,DEN,2.0,325.57,2,162.785
MSN,DFW,140.0,43718.56,125,312.27542857142856
MSN,ELP,3.0,930.77,3,310.25666666666666
MSN,EWR,2.0,192.0,2,96.0
MSN,EYW,9.0,3495.73,9,388.4144444444444
MSN,FAI,1.0,360.0,1,360.0
MSN,FLL,3.0,1288.24,3,429.41333333333336
MSN,FNT,1.0,355.0,1,355.0
MSN,FSD,1.0,279.0,1,279.0
MSN,GEG,2.0,1113.9099999999999,2,556.9549999999999
MSN,GPT,1.0,5.42,1,5.42
MSN,GRK,1.0,388.5,1,388.5
MSN,GRR,1.0,373.0,1,373.0
MSN,GSO,4.0,865.46,4,216.365
MSN,GSP,4.0,824.1800000000001,4,206.04500000000002
MSN,HHH,1.0,267.0,1,267.0
MSN,HNL,1.0,300.11,1,300.11
MSN,HOU,5.0,2167.66,5,433.532
MSN,HPN,7.0,1491.11,7,213.01571428571427
MSN,HRL,3.0,444.69,3,148.23
MSN,IAH,14.0,4697.53,14,335.53785714285715
MSN,ICT,5.0,1109.04,5,221.808
MSN,ILM,1.0,438.29,1,438.29
MSN,IND,7.0,2253.5,7,321.92857142857144
MSN,JAN,1.0,613.0,1,613.0
MSN,JAX,1.0,447.76,1,447.76
MSN,JFK,1.0,162.97,1,162.97
MSN,KOA,2.0,883.23,2,441.615
MSN,LAN,1.0,550.0,1,550.0
MSN,LAS,28.0,9189.19,25,328.1853571428572
MSN,LAW,1.0,285.0,1,285.0
MSN,LAX,21.0,5594.67,20,266.41285714285715
MSN,LBB,3.0,1166.43,3,388.81
MSN,LEX,4.0,1301.0,4,325.25
MSN,LGA,15.0,3929.36,14,261.95733333333334
MSN,LIH,6.0,2245.5,3,374.25
MSN,LIT,6.0,1679.71,6,279.95166666666665
MSN,MAF,10.0,4638.8,10,463.88
MSN,MCI,9.0,3431.0,9,381.22222222222223
MSN,MCO,48.0,12597.43,45,262.44645833333334
MSN,MDT,1.0,284.0,1,284.0
MSN,MEM,4.0,1995.7199999999998,4,498.92999999999995
MSN,MFE,10.0,3873.89,10,387.389
MSN,MGM,1.0,452.46,1,452.46
MSN,MHK,5.0,1695.0,5,339.0
MSN,MIA,60.0,17364.79,60,289.41316666666665
MSN,MKG,1.0,517.0,1,517.0
MSN,MOB,1.0,274.01,1,274.01
MSN,MRY,3.0,1042.5,3,347.5
MSN,MSY,10.0,2448.45,10,244.84499999999997
MSN,MWA,1.0,446.5,1,446.5
MSN,OKC,3.0,1105.5,3,368.5
MSN,OMA,3.0,838.0,3,279.3333333333333
MSN,ONT,5.0,1699.5,5,339.9
MSN,ORD,7.0,1019.0799999999999,7,145.58285714285714
MSN,PBI,5.0,2386.77,5,477.354
MSN,PDX,3.0,2476.5,3,825.5
MSN,PHL,6.0,2187.64,5,364.6066666666666
MSN,PHX,42.0,13863.98,37,330.09476190476187
MSN,PIT,5.0,1558.0,5,311.6
MSN,PNS,4.0,970.86,4,242.715
MSN,PSP,9.0,2618.13,9,290.90333333333336
MSN,PVD,3.0,1230.0,3,410.0
MSN,RDU,3.0,1015.5699999999999,3,338.5233333333333
MSN,RIC,2.0,392.5,2,196.25
MSN,ROC,1.0,334.94,1,334.94
MSN,RSW,16.0,4414.09,13,275.880625
MSN,SAN,23.0,10261.98,22,446.17304347826087
MSN,SAT,13.0,3893.72,13,299.51692307692304
MSN,SAV,2.0,780.49,2,390.245
MSN,SDF,8.0,2485.96,8,310.745
MSN,SEA,13.0,5488.05,13,422.15769230769234
MSN,SFO,14.0,4261.99,14,304.42785714285714
MSN,SGF,6.0,1525.57,6,254.26166666666666
MSN,SJC,2.0,715.9,2,357.95
MSN,SJT,6.0,2668.5,5,444.75
MSN,SJU,8.0,2443.5,7,305.4375
MSN,SLC,4.0,2319.8599999999997,4,579.9649999999999
MSN,SMF,1.0,433.0,1,433.0
MSN,SNA,24.0,6940.4400000000005,24,289.185
MSN,SPS,2.0,727.0,2,363.5
MSN,SRQ,5.0,1423.29,5,284.658
MSN,STL,7.0,2075.0,7,296.42857142857144
MSN,STS,2.0,809.31,2,404.655
MSN,STT,1.0,539.0,1,539.0
MSN,STX,4.0,1891.65,4,472.9125
MSN,SYR,4.0,1505.0,4,376.25
MSN,TPA,10.0,2404.77,10,240.477
MSN,TUL,3.0,1031.6100000000001,3,343.87000000000006
MSN,TUS,18.0,5141.25,18,285.625
MSN,TVC,2.0,847.0,2,423.5
MSN,TYR,2.0,900.5,2,450.25
MSN,TYS,5.0,890.04,5,178.00799999999998
MSN,XNA,9.0,2952.17,9,328.0188888888889
MSO,ABE,1.0,438.0,1,438.0
MSO,AGS,1.0,269.0,1,269.0
MSO,AUS,2.0,606.0,2,303.0
MSO,AVL,3.0,1003.5,3,334.5
MSO,BNA,2.0,273.5,2,136.75
MSO,BOS,1.0,478.0,1,478.0
MSO,BPT,1.0,498.0,1,498.0
MSO,BTR,2.0,1887.92,2,943.96
MSO,BWI,2.0,1336.82,1,668.41
MSO,CLT,1.0,368.0,1,368.0
MSO,DAY,2.0,631.5,2,315.75
MSO,DCA,3.0,999.0,3,333.0
MSO,DEN,2.0,541.0,2,270.5
MSO,DFW,83.0,23472.52,68,282.8014457831325
MSO,ECP,1.0,666.0,1,666.0
MSO,EYW,2.0,589.39,2,294.695
MSO,FLL,2.0,1085.0,2,542.5
MSO,GPT,1.0,418.0,1,418.0
MSO,GRK,1.0,352.0,1,352.0
MSO,GSO,2.0,2937.0,2,1468.5
MSO,GSP,1.0,291.5,1,291.5
MSO,HOU,1.0,413.5,1,413.5
MSO,IAH,5.0,1892.58,4,378.51599999999996
MSO,ILM,1.0,569.0,1,569.0
MSO,IND,1.0,5.0,1,5.0
MSO,JAN,1.0,330.0,1,330.0
MSO,LCH,2.0,872.0,2,436.0
MSO,LEX,3.0,1091.5,3,363.8333333333333
MSO,LFT,1.0,268.5,1,268.5
MSO,LIT,1.0,775.0,1,775.0
MSO,MAF,1.0,409.0,1,409.0
MSO,MCO,5.0,1240.0,5,248.0
MSO,MDT,1.0,380.0,1,380.0
MSO,MFE,1.0,347.0,1,347.0
MSO,MGM,2.0,852.85,2,426.425
MSO,MIA,5.0,990.0,5,198.0
MSO,MKE,1.0,258.0,1,258.0
MSO,MOB,2.0,783.0,2,391.5
MSO,MSP,1.0,583.5,1,583.5
MSO,MSY,2.0,799.0,2,399.5
MSO,OKC,4.0,1421.0,4,355.25
MSO,ORF,2.0,1361.0,2,680.5
MSO,PBI,1.0,430.0,1,430.0
MSO,PHL,2.0,359.9,2,179.95
MSO,PIT,1.0,349.0,1,349.0
MSO,PNS,3.0,1374.5,3,458.1666666666667
MSO,RDU,1.0,338.0,1,338.0
MSO,RIC,1.0,5.5,1,5.5
MSO,RSW,3.0,816.62,3,272.20666666666665
MSO,SAT,1.0,376.0,1,376.0
MSO,SAV,3.0,1197.5,3,399.1666666666667
MSO,SDF,1.0,380.0,1,380.0
MSO,SHV,1.0,336.5,1,336.5
MSO,SJU,1.0,435.0,1,435.0
MSO,STL,1.0,328.0,1,328.0
MSO,STT,1.0,633.37,1,633.37
MSO,TLH,4.0,1650.5,4,412.625
MSO,TPA,4.0,1508.0,3,377.0
MSO,TUL,1.0,77.0,1,77.0
MSO,TUS,1.0,373.0,1,373.0
MSO,VPS,2.0,897.0,2,448.5
MSP,ABI,4.0,1399.5,4,349.875
MSP,ABQ,1.0,279.0,1,279.0
MSP,AGS,2.0,438.0,2,219.0
MSP,ALB,5.0,1107.13,5,221.42600000000002
MSP,ATL,1.0,193.0,1,193.0
MSP,AUS,3.0,1072.35,3,357.45
MSP,AZO,2.0,816.0,2,408.0
MSP,BFL,2.0,1030.4099999999999,2,515.2049999999999
MSP,BHM,13.0,3933.3,13,302.5615384615385
MSP,BMI,1.0,369.0,1,369.0
MSP,BNA,5.0,1096.65,5,219.33
MSP,BOS,1.0,187.0,1,187.0
MSP,BRO,1.0,308.5,1,308.5
MSP,BTR,11.0,3485.58,11,316.8709090909091
MSP,BUF,4.0,1459.52,4,364.88
MSP,BWI,3.0,883.65,3,294.55
MSP,CHA,5.0,2130.75,5,426.15
MSP,CID,1.0,378.0,1,378.0
MSP,CLE,1.0,5.5,1,5.5
MSP,CLT,8.0,1838.78,8,229.8475
MSP,CMH,4.0,1399.95,4,349.9875
MSP,CMI,7.0,2399.0,7,342.7142857142857
MSP,COU,4.0,1115.5,4,278.875
MSP,CRP,4.0,1323.5,4,330.875
MSP,CVG,2.0,230.47,2,115.235
MSP,DAY,1.0,488.0,1,488.0
MSP,DCA,2.0,282.44,2,141.22
MSP,DFW,11.0,3044.87,11,276.80636363636364
MSP,DRO,2.0,796.8299999999999,2,398.41499999999996
MSP,DTW,1.0,374.85,1,374.85
MSP,EVV,1.0,359.92,1,359.92
MSP,EWR,1.0,276.0,1,276.0
MSP,EYW,1.0,281.31,1,281.31
MSP,FAT,2.0,541.5,2,270.75
MSP,FNT,1.0,5.5,1,5.5
MSP,FSM,2.0,879.5,2,439.75
MSP,FWA,2.0,725.0,2,362.5
MSP,GJT,1.0,5.65,1,5.65
MSP,GNV,1.0,216.08,1,216.08
MSP,GPT,1.0,385.0,1,385.0
MSP,GRK,5.0,1290.19,5,258.038
MSP,GSO,6.0,1777.25,6,296.2083333333333
MSP,GSP,7.0,2218.23,7,316.89
MSP,HHH,2.0,344.75,2,172.375
MSP,HNL,3.0,685.97,3,228.65666666666667
MSP,HOU,3.0,1190.0,3,396.6666666666667
MSP,HPN,2.0,566.0,2,283.0
MSP,HRL,1.0,287.5,1,287.5
MSP,IAH,2.0,727.02,2,363.51
MSP,ICT,4.0,1058.57,4,264.6425
MSP,IND,5.0,1643.5,5,328.7
MSP,JAN,3.0,1019.5,3,339.8333333333333
MSP,JAX,1.0,268.99,1,268.99
MSP,LAN,5.0,1546.5,5,309.3
MSP,LAS,1.0,378.0,1,378.0
MSP,LAW,2.0,842.0,2,421.0
MSP,LCH,2.0,650.0,2,325.0
MSP,LEX,7.0,2774.17,7,396.31
MSP,LFT,2.0,878.5,2,439.25
MSP,LGA,3.0,649.97,3,216.65666666666667
MSP,LIT,18.0,5439.69,18,302.205
MSP,MAF,5.0,1486.85,5,297.37
MSP,MCI,2.0,611.0,2,305.5
MSP,MCO,4.0,692.68,2,173.17
MSP,MFE,1.0,486.47,1,486.47
MSP,MGM,1.0,403.76,1,403.76
MSP,MHK,5.0,1111.38,5,222.276
MSP,MIA,1.0,361.0,1,361.0
MSP,MLI,6.0,2375.5,6,395.9166666666667
MSP,MOB,2.0,693.65,2,346.825
MSP,MSO,1.0,583.5,1,583.5
MSP,MSY,2.0,1246.28,2,623.14
MSP,MYR,1.0,197.97,1,197.97
MSP,ORD,106.0,20864.02,74,196.83037735849058
MSP,ORF,1.0,305.0,1,305.0
MSP,PHL,1.0,350.07,1,350.07
MSP,PIA,6.0,2335.02,6,389.17
MSP,PNS,1.0,406.06,1,406.06
MSP,PVD,8.0,1811.9099999999999,8,226.48874999999998
MSP,RIC,4.0,917.0,4,229.25
MSP,ROC,2.0,647.6800000000001,2,323.84000000000003
MSP,RSW,1.0,287.0,1,287.0
MSP,SAN,1.0,206.0,1,206.0
MSP,SBP,2.0,774.3199999999999,2,387.15999999999997
MSP,SEA,1.0,528.0,1,528.0
MSP,SGF,24.0,8270.75,24,344.6145833333333
MSP,SHV,2.0,753.0,2,376.5
MSP,SJT,2.0,657.5,2,328.75
MSP,SJU,2.0,508.0,2,254.0
MSP,STL,6.0,1217.0,6,202.83333333333334
MSP,SYR,8.0,2090.01,8,261.25125
MSP,TLH,2.0,505.43999999999994,2,252.71999999999997
MSP,TPA,1.0,4.79,1,4.79
MSP,TUL,2.0,152.68,2,76.34
MSP,TVC,2.0,590.5,2,295.25
MSP,TYS,10.0,3475.37,9,347.537
MSP,XNA,19.0,7562.41,19,398.0215789473684
MSY,ABE,2.0,634.6700000000001,2,317.33500000000004
MSY,ABI,10.0,2667.5,10,266.75
MSY,ABQ,21.0,6089.43,21,289.97285714285715
MSY,ALO,4.0,1315.6599999999999,4,328.91499999999996
MSY,AMA,2.0,518.31,2,259.155
MSY,ATW,6.0,1842.68,6,307.11333333333334
MSY,AUS,772.0,138572.74,388,179.49836787564766
MSY,AVP,4.0,1277.3600000000001,4,319.34000000000003
MSY,BDL,2.0,1998.0,2,999.0
MSY,BFL,11.0,3286.95,8,298.81363636363636
MSY,BIL,1.0,248.0,1,248.0
MSY,BIS,1.0,308.5,1,308.5
MSY,BMI,1.0,222.52,1,222.52
MSY,BNA,2.0,287.48,2,143.74
MSY,BOS,5.0,1367.28,4,273.456
MSY,BUF,2.0,199.25,2,99.625
MSY,BWI,1.0,562.0,1,562.0
MSY,BZN,4.0,1373.6399999999999,4,343.40999999999997
MSY,CHA,3.0,525.37,3,175.12333333333333
MSY,CHS,1.0,205.0,1,205.0
MSY,CID,10.0,3841.96,10,384.196
MSY,CLT,7.0,1127.66,6,161.09428571428572
MSY,CMH,11.0,2916.38,11,265.12545454545455
MSY,CMI,12.0,2769.59,12,230.79916666666668
MSY,COS,1.0,316.5,1,316.5
MSY,COU,9.0,2824.56,9,313.84
MSY,CRP,2.0,804.0,2,402.0
MSY,CVG,7.0,1682.67,7,240.3814285714286
MSY,CWA,5.0,1642.82,4,328.56399999999996
MSY,DAY,1.0,172.72,1,172.72
MSY,DCA,160.0,41357.71,133,258.4856875
MSY,DEN,23.0,5765.83,19,250.68826086956523
MSY,DFW,20.0,4099.69,20,204.98449999999997
MSY,DRO,6.0,2442.7,6,407.1166666666666
MSY,DSM,5.0,1132.94,5,226.58800000000002
MSY,DTW,2.0,983.82,2,491.91
MSY,ELP,28.0,6930.46,26,247.51642857142858
MSY,EVV,2.0,966.5,2,483.25
MSY,EWR,1.0,228.0,1,228.0
MSY,EYW,4.0,1174.0,4,293.5
MSY,FAR,13.0,5174.14,13,398.01076923076926
MSY,FNT,1.0,639.5,1,639.5
MSY,FSD,6.0,2019.43,6,336.57166666666666
MSY,FSM,8.0,2630.5,6,328.8125
MSY,GEG,1.0,566.0,1,566.0
MSY,GJT,14.0,5249.66,14,374.9757142857143
MSY,GNV,1.0,361.68,1,361.68
MSY,GRB,2.0,1379.5,2,689.75
MSY,GRK,4.0,979.5,4,244.875
MSY,GRR,8.0,2737.45,8,342.18125
MSY,GSO,1.0,515.0,1,515.0
MSY,GSP,5.0,1076.0,5,215.2
MSY,HNL,1.0,566.0,1,566.0
MSY,HPN,3.0,673.65,3,224.54999999999998
MSY,HRL,1.0,187.0,1,187.0
MSY,IAD,1.0,440.0,1,440.0
MSY,ICT,9.0,2255.94,9,250.66
MSY,IND,29.0,7977.25,27,275.07758620689657
MSY,JAX,3.0,2879.3199999999997,3,959.7733333333332
MSY,JFK,1.0,208.0,1,208.0
MSY,LAN,1.0,478.5,1,478.5
MSY,LAS,16.0,4949.75,14,309.359375
MSY,LAW,1.0,175.0,1,175.0
MSY,LAX,34.0,9709.21,28,285.565
MSY,LBB,3.0,1016.0,3,338.6666666666667
MSY,LEX,7.0,1769.0900000000001,7,252.72714285714287
MSY,LGA,8.0,3001.5,8,375.1875
MSY,LIT,11.0,3283.0,11,298.45454545454544
MSY,LSE,4.0,1538.4099999999999,4,384.60249999999996
MSY,MAF,3.0,696.5,3,232.16666666666666
MSY,MCI,3.0,614.03,3,204.67666666666665
MSY,MCO,4.0,985.8,4,246.45
MSY,MHK,17.0,4428.69,17,260.5111764705882
MSY,MIA,481.0,155679.98,344,323.6590020790021
MSY,MLI,4.0,1149.63,4,287.4075
MSY,MRY,5.0,2213.8,5,442.76000000000005
MSY,MSN,7.0,1811.5500000000002,7,258.79285714285714
MSY,MSO,2.0,799.0,2,399.5
MSY,MSP,6.0,2263.7200000000003,6,377.2866666666667
MSY,OGG,1.0,545.0,1,545.0
MSY,OKC,14.0,2533.14,14,180.9385714285714
MSY,OMA,4.0,1411.2,4,352.8
MSY,ORD,134.0,30309.4,108,226.189552238806
MSY,ORF,5.0,1527.88,5,305.576
MSY,PHL,3.0,966.4,3,322.1333333333333
MSY,PHX,10.0,2935.96,10,293.596
MSY,PIA,11.0,3242.92,11,294.8109090909091
MSY,PIT,1.0,333.0,1,333.0
MSY,PSP,26.0,4601.7699999999995,23,176.99115384615382
MSY,PVD,3.0,896.27,3,298.75666666666666
MSY,RAP,11.0,3568.0,11,324.3636363636364
MSY,RDU,2.0,160.5,2,80.25
MSY,RNO,28.0,7591.59,26,271.1282142857143
MSY,RST,5.0,2138.65,5,427.73
MSY,SAF,1.0,453.5,1,453.5
MSY,SAN,3.0,854.39,3,284.7966666666667
MSY,SAV,3.0,850.85,3,283.6166666666667
MSY,SBP,1.0,363.8,1,363.8
MSY,SDF,1.0,159.89,1,159.89
MSY,SFO,3.0,1135.44,3,378.48
MSY,SGF,28.0,7686.15,28,274.5053571428571
MSY,SHV,8.0,2409.0,8,301.125
MSY,SJT,10.0,2867.11,8,286.711
MSY,SJU,8.0,3417.2200000000003,7,427.15250000000003
MSY,SNA,1.0,247.77,1,247.77
MSY,STL,2.0,356.0,2,178.0
MSY,STS,3.0,1074.5,3,358.1666666666667
MSY,STX,1.0,370.0,1,370.0
MSY,SYR,6.0,3317.67,6,552.945
MSY,TPA,2.0,1114.0,2,557.0
MSY,TUL,10.0,2580.0,10,258.0
MSY,TVC,3.0,1079.01,3,359.67
MSY,XNA,27.0,7547.0,26,279.51851851851853
MTJ,ABI,2.0,695.0,2,347.5
MTJ,AGS,2.0,782.0,2,391.0
MTJ,AVL,3.0,1341.75,3,447.25
MTJ,BTR,6.0,2275.0,6,379.1666666666667
MTJ,CHA,1.0,655.0,1,655.0
MTJ,CRP,3.0,1271.0,3,423.6666666666667
MTJ,DFW,1.0,382.72,1,382.72
MTJ,FSM,1.0,5.5,1,5.5
MTJ,GPT,3.0,388.5,3,129.5
MTJ,HOU,2.0,590.0,2,295.0
MTJ,HSV,2.0,759.0,2,379.5
MTJ,IAH,3.0,1219.6799999999998,3,406.55999999999995
MTJ,JAN,3.0,828.0,3,276.0
MTJ,LEX,1.0,401.0,1,401.0
MTJ,LFT,6.0,3096.0,5,516.0
MTJ,LIT,6.0,2599.0,6,433.1666666666667
MTJ,MAF,3.0,1005.0,3,335.0
MTJ,MGM,3.0,1117.5,3,372.5
MTJ,MIA,1.0,913.74,1,913.74
MTJ,RST,1.0,385.0,1,385.0
MTJ,SBP,2.0,248.0,2,124.0
MTJ,SGF,2.0,545.5,2,272.75
MTJ,SHV,2.0,810.5,2,405.25
MTJ,TLH,1.0,738.0,1,738.0
MTJ,XNA,6.0,1589.5,6,264.9166666666667
MWA,ABE,1.0,1193.82,1,1193.82
MWA,ALB,1.0,372.0,1,372.0
MWA,AUS,4.0,798.75,3,199.6875
MWA,CRP,1.0,211.0,1,211.0
MWA,LAN,1.0,279.0,1,279.0
MWA,LBB,1.0,229.9,1,229.9
MWA,MIA,2.0,404.0,2,202.0
MWA,MSN,1.0,446.5,1,446.5
MWA,ORD,1.0,220.0,1,220.0
MWA,TPA,1.0,230.5,1,230.5
MYR,ABI,1.0,5.0,1,5.0
MYR,ABQ,1.0,203.0,1,203.0
MYR,AEX,1.0,214.0,1,214.0
MYR,AMA,3.0,670.13,3,223.37666666666667
MYR,ATW,8.0,2391.08,8,298.885
MYR,AUS,4.0,1962.0,4,490.5
MYR,BFL,2.0,1023.5,2,511.75
MYR,BHM,1.0,181.0,1,181.0
MYR,BIL,1.0,348.5,1,348.5
MYR,CLT,1.0,85.48,1,85.48
MYR,CMI,1.0,153.5,1,153.5
MYR,COS,6.0,1416.3600000000001,6,236.06000000000003
MYR,COU,1.0,265.0,1,265.0
MYR,CRP,4.0,1656.0,4,414.0
MYR,DEN,2.0,350.21999999999997,2,175.10999999999999
MYR,DFW,132.0,40496.6,104,306.7924242424242
MYR,DRO,1.0,498.0,1,498.0
MYR,DSM,2.0,306.31,2,153.155
MYR,ELP,1.0,187.0,1,187.0
MYR,FAR,2.0,533.69,2,266.845
MYR,FAT,3.0,2252.5,3,750.8333333333334
MYR,FSD,1.0,226.5,1,226.5
MYR,GJT,1.0,512.17,1,512.17
MYR,GRK,1.0,229.0,1,229.0
MYR,HNL,1.0,1370.0,1,1370.0
MYR,HOU,2.0,549.65,2,274.825
MYR,IAH,3.0,1092.93,3,364.31
MYR,ICT,3.0,412.0,3,137.33333333333334
MYR,JAC,1.0,880.0,1,880.0
MYR,LAS,10.0,2973.99,10,297.399
MYR,LAW,1.0,317.0,1,317.0
MYR,LAX,8.0,2649.28,8,331.16
MYR,LBB,1.0,367.0,1,367.0
MYR,LCH,1.0,220.5,1,220.5
MYR,LFT,1.0,265.99,1,265.99
MYR,LIT,2.0,1170.0,2,585.0
MYR,LSE,1.0,289.06,1,289.06
MYR,MAF,2.0,223.0,2,111.5
MYR,MFE,4.0,2177.5,4,544.375
MYR,MHK,6.0,1229.51,6,204.91833333333332
MYR,MIA,1.0,216.84,1,216.84
MYR,MLU,2.0,657.24,2,328.62
MYR,MRY,1.0,747.0,1,747.0
MYR,MSP,1.0,346.03,1,346.03
MYR,OKC,5.0,1670.33,4,334.066
MYR,OMA,1.0,559.0,1,559.0
MYR,ONT,3.0,824.56,3,274.8533333333333
MYR,ORD,1.0,342.86,1,342.86
MYR,PHX,10.0,4579.32,10,457.93199999999996
MYR,PIA,1.0,296.8,1,296.8
MYR,RAP,4.0,1414.43,4,353.6075
MYR,RNO,3.0,1060.0,3,353.3333333333333
MYR,RST,1.0,235.75,1,235.75
MYR,SAN,3.0,544.03,3,181.34333333333333
MYR,SAT,5.0,1246.77,5,249.35399999999998
MYR,SGF,8.0,2016.99,8,252.12375
MYR,SHV,1.0,4.69,1,4.69
MYR,SJT,4.0,1171.0,4,292.75
MYR,SLC,2.0,776.0,2,388.0
MYR,SMF,4.0,1419.0,4,354.75
MYR,SNA,11.0,4130.09,11,375.4627272727273
MYR,STL,1.0,240.0,1,240.0
MYR,TUL,1.0,284.2,1,284.2
MYR,TUS,3.0,511.0,3,170.33333333333334
MYR,TXK,1.0,393.5,1,393.5
MYR,XNA,9.0,3142.8,9,349.20000000000005
OAJ,ATW,2.0,619.5,2,309.75
OAJ,AUS,1.0,384.59,1,384.59
OAJ,CLT,1.0,110.15,1,110.15
OAJ,FSD,1.0,216.5,1,216.5
OAJ,LBB,1.0,648.0,1,648.0
OAJ,LCH,1.0,568.0,1,568.0
OAJ,LEX,1.0,242.5,1,242.5
OAJ,LSE,1.0,481.5,1,481.5
OAJ,SGF,1.0,489.5,1,489.5
OAJ,XNA,2.0,940.5,2,470.25
OAK,CID,1.0,421.5,1,421.5
OGG,ABI,7.0,2830.67,6,404.38142857142856
OGG,AGS,1.0,574.5,1,574.5
OGG,ATW,1.0,629.56,1,629.56
OGG,AVL,1.0,270.5,1,270.5
OGG,BIL,1.0,365.0,1,365.0
OGG,BIS,1.0,944.41,1,944.41
OGG,BTR,4.0,760.01,4,190.0025
OGG,CHA,3.0,2870.5,3,956.8333333333334
OGG,CLE,1.0,354.4,1,354.4
OGG,CLT,1.0,198.08,1,198.08
OGG,CMH,2.0,1272.95,2,636.475
OGG,CMI,3.0,1702.5,3,567.5
OGG,COU,5.0,2937.22,5,587.444
OGG,CRP,1.0,433.5,1,433.5
OGG,CWA,2.0,905.36,2,452.68
OGG,DAY,2.0,1448.52,2,724.26
OGG,DRO,1.0,576.5,1,576.5
OGG,EVV,4.0,1557.6,4,389.4
OGG,EYW,1.0,2046.0,1,2046.0
OGG,FAR,19.0,7762.85,19,408.571052631579
OGG,FSD,4.0,1826.81,4,456.7025
OGG,FSM,1.0,5.5,1,5.5
OGG,GJT,1.0,820.5,1,820.5
OGG,GRR,2.0,611.8599999999999,2,305.92999999999995
OGG,HOU,6.0,3144.7,6,524.1166666666667
OGG,HRL,4.0,3006.3,4,751.575
OGG,HSV,2.0,2975.0,2,1487.5
OGG,ICT,4.0,3563.5,4,890.875
OGG,JAN,3.0,3381.5,3,1127.1666666666667
OGG,LAX,1.0,106.8,1,106.8
OGG,LBB,5.0,2926.21,4,585.242
OGG,LEX,4.0,1191.23,4,297.8075
OGG,LFT,3.0,1292.0,3,430.6666666666667
OGG,LIT,22.0,22099.46,22,1004.5209090909091
OGG,MAF,4.0,1635.23,4,408.8075
OGG,MGM,1.0,1937.49,1,1937.49
OGG,MHK,4.0,981.13,4,245.2825
OGG,MKE,2.0,2065.9700000000003,2,1032.9850000000001
OGG,MOB,1.0,3042.5,1,3042.5
OGG,OMA,1.0,275.86,1,275.86
OGG,PIA,8.0,5373.53,8,671.69125
OGG,RAP,5.0,2221.0,4,444.2
OGG,RDU,1.0,287.07,1,287.07
OGG,SBP,2.0,679.0,2,339.5
OGG,SDF,3.0,1272.33,3,424.10999999999996
OGG,SGF,20.0,10668.5,17,533.425
OGG,SHV,2.0,406.5,2,203.25
OGG,SPI,1.0,530.93,1,530.93
OGG,TLH,2.0,2614.5,2,1307.25
OGG,TUL,1.0,367.09,1,367.09
OGG,TVC,3.0,1667.7,3,555.9
OGG,XNA,13.0,8015.34,12,616.5646153846154
OKC,ABI,1.0,368.5,1,368.5
OKC,ABQ,2.0,453.5,2,226.75
OKC,AGS,1.0,171.97,1,171.97
OKC,ALB,1.0,328.0,1,328.0
OKC,AMA,2.0,483.0,2,241.5
OKC,ATW,3.0,996.0,3,332.0
OKC,AUS,51.0,8489.84,38,166.46745098039216
OKC,AVL,5.0,1623.94,5,324.788
OKC,AZO,1.0,186.5,1,186.5
OKC,BDL,5.0,1621.8600000000001,4,324.372
OKC,BFL,9.0,3323.0,9,369.22222222222223
OKC,BHM,2.0,309.0,2,154.5
OKC,BIL,2.0,469.0,2,234.5
OKC,BMI,4.0,1720.65,4,430.1625
OKC,BNA,13.0,3063.14,13,235.62615384615384
OKC,BOS,12.0,4806.11,11,400.50916666666666
OKC,BRL,1.0,179.0,1,179.0
OKC,BRO,1.0,5.5,1,5.5
OKC,BTR,8.0,1568.5,8,196.0625
OKC,BUF,6.0,2056.08,6,342.68
OKC,BZN,2.0,596.15,2,298.075
OKC,CHA,8.0,2032.52,8,254.065
OKC,CID,8.0,2837.4,8,354.675
OKC,CLE,5.0,1337.76,4,267.552
OKC,CLT,5.0,1158.32,5,231.664
OKC,CMH,19.0,5444.349999999999,17,286.54473684210524
OKC,CMI,3.0,1185.3,2,395.09999999999997
OKC,COS,4.0,979.5,4,244.875
OKC,COU,4.0,930.04,3,232.51
OKC,CRP,9.0,2722.14,8,302.46
OKC,CVG,9.0,3100.21,9,344.46777777777777
OKC,DAB,1.0,395.14,1,395.14
OKC,DAY,13.0,3740.02,12,287.69384615384615
OKC,DCA,11.0,2790.2799999999997,10,253.66181818181815
OKC,DEN,1.0,233.0,1,233.0
OKC,DFW,8.0,1759.87,8,219.98375
OKC,DRO,3.0,1045.03,3,348.3433333333333
OKC,DSM,4.0,1040.32,4,260.08
OKC,DTW,15.0,4178.08,14,278.53866666666664
OKC,ECP,1.0,208.5,1,208.5
OKC,ELP,2.0,463.65999999999997,2,231.82999999999998
OKC,EVV,4.0,1459.5,4,364.875
OKC,EWR,9.0,2480.12,9,275.56888888888886
OKC,FAR,3.0,847.0,3,282.3333333333333
OKC,FAY,2.0,531.0,2,265.5
OKC,FNT,5.0,1142.5,5,228.5
OKC,FSD,4.0,1452.5,3,363.125
OKC,FWA,2.0,216.9,2,108.45
OKC,GJT,7.0,1593.6100000000001,7,227.65857142857143
OKC,GNV,1.0,301.0,1,301.0
OKC,GPT,6.0,1549.43,6,258.23833333333334
OKC,GRB,3.0,1199.5,2,399.8333333333333
OKC,GRK,2.0,370.5,2,185.25
OKC,GRR,4.0,1116.92,4,279.23
OKC,GSO,1.0,277.83,1,277.83
OKC,GSP,1.0,430.0,1,430.0
OKC,HHH,4.0,762.1400000000001,4,190.53500000000003
OKC,HOU,2.0,373.5,2,186.75
OKC,HPN,2.0,1372.0,2,686.0
OKC,HRL,3.0,1047.5,3,349.1666666666667
OKC,HSV,9.0,2584.1800000000003,9,287.1311111111111
OKC,IAD,1.0,372.78,1,372.78
OKC,IAH,2.0,315.0,2,157.5
OKC,IND,15.0,2972.58,14,198.172
OKC,JAN,6.0,1358.0,6,226.33333333333334
OKC,LAN,5.0,1373.0,5,274.6
OKC,LAS,9.0,2484.25,7,276.02777777777777
OKC,LAX,2.0,269.0,2,134.5
OKC,LBB,2.0,446.0,2,223.0
OKC,LCH,1.0,183.0,1,183.0
OKC,LEX,12.0,2581.1800000000003,10,215.09833333333336
OKC,LFT,10.0,2485.04,10,248.504
OKC,LGA,5.0,1954.62,4,390.924
OKC,LIT,3.0,825.6,3,275.2
OKC,LRD,2.0,604.0,2,302.0
OKC,LSE,4.0,1563.5,4,390.875
OKC,MAF,5.0,1448.0,5,289.6
OKC,MCI,1.0,820.0,1,820.0
OKC,MCO,1.0,328.0,1,328.0
OKC,MDT,4.0,1143.2,3,285.8
OKC,MEM,1.0,261.5,1,261.5
OKC,MFE,1.0,241.0,1,241.0
OKC,MGM,2.0,582.87,2,291.435
OKC,MKE,2.0,470.11,2,235.055
OKC,MLI,5.0,1519.47,5,303.894
OKC,MOB,3.0,945.0,3,315.0
OKC,MRY,1.0,167.0,1,167.0
OKC,MSN,2.0,594.5,2,297.25
OKC,MSO,1.0,659.0,1,659.0
OKC,MSP,1.0,381.0,1,381.0
OKC,MSY,10.0,1766.8799999999999,10,176.688
OKC,MYR,2.0,484.67,2,242.335
OKC,OMA,3.0,740.89,3,246.96333333333334
OKC,ONT,2.0,367.0,2,183.5
OKC,ORD,139.0,29657.9,85,213.3661870503597
OKC,ORF,1.0,241.41,1,241.41
OKC,PHL,10.0,3153.44,10,315.344
OKC,PHX,1.0,317.46,1,317.46
OKC,PIA,2.0,931.1800000000001,2,465.59000000000003
OKC,PIT,4.0,1579.77,4,394.9425
OKC,PNS,2.0,688.0,2,344.0
OKC,PSP,3.0,666.5,3,222.16666666666666
OKC,PVD,1.0,411.26,1,411.26
OKC,RAP,6.0,1907.88,6,317.98
OKC,RDU,2.0,747.0,2,373.5
OKC,RIC,2.0,491.66,1,245.83
OKC,RNO,3.0,252.39000000000001,3,84.13000000000001
OKC,ROC,4.0,933.5,4,233.375
OKC,RST,6.0,1598.5,6,266.4166666666667
OKC,RSW,2.0,625.98,2,312.99
OKC,SAN,2.0,1086.0,2,543.0
OKC,SAT,3.0,1070.62,2,356.8733333333333
OKC,SDF,6.0,1598.76,6,266.46
OKC,SEA,1.0,253.0,1,253.0
OKC,SFO,4.0,688.93,4,172.2325
OKC,SGF,2.0,670.0,2,335.0
OKC,SHV,4.0,1091.0,4,272.75
OKC,SJT,2.0,636.5,2,318.25
OKC,SMF,3.0,818.5,3,272.8333333333333
OKC,SNA,3.0,722.38,3,240.79333333333332
OKC,STL,1.0,383.0,1,383.0
OKC,SYR,3.0,655.8,3,218.6
OKC,TLH,6.0,1964.99,4,327.49833333333333
OKC,TPA,3.0,1403.76,3,467.92
OKC,TRI,1.0,302.28,1,302.28
OKC,TUS,2.0,530.5,2,265.25
OKC,TVC,2.0,1052.0,2,526.0
OKC,TYS,2.0,684.22,2,342.11
OKC,VPS,5.0,1745.51,5,349.102
OMA,ABE,1.0,258.06,1,258.06
OMA,ABI,2.0,625.0,2,312.5
OMA,AGS,1.0,252.55,1,252.55
OMA,ALB,2.0,372.0,2,186.0
OMA,AMA,3.0,1186.0,3,395.3333333333333
OMA,ATL,4.0,1183.12,4,295.78
OMA,ATW,1.0,514.0,1,514.0
OMA,AUS,6.0,2241.68,6,373.6133333333333
OMA,AVL,1.0,305.94,1,305.94
OMA,AZO,1.0,246.0,1,246.0
OMA,BDL,3.0,1207.5,3,402.5
OMA,BFL,2.0,295.15,2,147.575
OMA,BHM,3.0,895.77,3,298.59
OMA,BNA,11.0,2473.05,11,224.8227272727273
OMA,BOS,8.0,2485.58,8,310.6975
OMA,BTR,1.0,574.5,1,574.5
OMA,BUF,3.0,887.15,3,295.71666666666664
OMA,CHA,2.0,513.4200000000001,2,256.71000000000004
OMA,CID,1.0,438.0,1,438.0
OMA,CLE,5.0,1245.96,5,249.192
OMA,CLT,6.0,1445.98,6,240.99666666666667
OMA,CMH,7.0,1741.8899999999999,7,248.84142857142857
OMA,CMI,1.0,496.5,1,496.5
OMA,CRP,2.0,422.0,2,211.0
OMA,CVG,7.0,1885.52,7,269.36
OMA,CWA,1.0,283.5,1,283.5
OMA,DAY,4.0,1410.0,4,352.5
OMA,DCA,2.0,492.5,2,246.25
OMA,DFW,8.0,2101.33,8,262.66625
OMA,DTW,1.0,194.42,1,194.42
OMA,DUJ,1.0,304.87,1,304.87
OMA,EWR,8.0,2200.51,8,275.06375
OMA,FAT,1.0,290.54,1,290.54
OMA,FNT,1.0,283.0,1,283.0
OMA,FSM,4.0,1453.6,4,363.4
OMA,GPT,2.0,610.0,2,305.0
OMA,GRB,3.0,894.5,3,298.1666666666667
OMA,GRK,5.0,989.0,5,197.8
OMA,GRR,3.0,1167.0,3,389.0
OMA,GSO,4.0,851.21,4,212.8025
OMA,GSP,4.0,921.95,4,230.4875
OMA,HPN,2.0,1070.0,2,535.0
OMA,HSV,1.0,222.35,1,222.35
OMA,IAH,2.0,702.0,2,351.0
OMA,IND,13.0,3102.5,12,238.65384615384616
OMA,JAN,3.0,663.5,3,221.16666666666666
OMA,JFK,1.0,179.84,1,179.84
OMA,LAN,2.0,589.0,2,294.5
OMA,LEX,3.0,914.63,3,304.87666666666667
OMA,LFT,2.0,836.0,2,418.0
OMA,LGA,2.0,473.98,2,236.99
OMA,LIT,7.0,1817.62,7,259.65999999999997
OMA,LSE,1.0,549.0,1,549.0
OMA,MAF,1.0,505.5,1,505.5
OMA,MCO,5.0,1291.39,5,258.278
OMA,MEM,2.0,490.5,2,245.25
OMA,MGM,1.0,233.78,1,233.78
OMA,MIA,1.0,247.0,1,247.0
OMA,MKE,5.0,1418.5,5,283.7
OMA,MLI,2.0,546.0,2,273.0
OMA,MSN,3.0,733.0,3,244.33333333333334
OMA,MSY,3.0,744.8,3,248.26666666666665
OMA,OGG,1.0,330.14,1,330.14
OMA,OKC,2.0,325.61,2,162.805
OMA,ORD,86.0,16562.68,79,192.5893023255814
OMA,PHL,3.0,226.0,3,75.33333333333333
OMA,PIT,3.0,763.5,3,254.5
OMA,PVD,2.0,497.38,2,248.69
OMA,RDU,2.0,502.0,1,251.0
OMA,RIC,1.0,237.36,1,237.36
OMA,ROC,5.0,1641.5,5,328.3
OMA,RSW,5.0,1787.64,5,357.528
OMA,SAN,1.0,595.0,1,595.0
OMA,SBP,4.0,1064.98,4,266.245
OMA,SDF,5.0,1172.31,5,234.462
OMA,SEA,1.0,404.0,1,404.0
OMA,SHV,4.0,1307.0,4,326.75
OMA,STL,2.0,461.7,2,230.85
OMA,STS,2.0,808.86,2,404.43
OMA,SYR,2.0,564.0,2,282.0
OMA,TLH,1.0,355.17,1,355.17
OMA,TPA,3.0,764.58,3,254.86
OMA,TUL,3.0,731.6700000000001,3,243.89000000000001
OMA,TUS,1.0,5.5,1,5.5
OMA,TYS,1.0,6.05,1,6.05
OMA,VPS,1.0,316.68,1,316.68
OMA,XNA,2.0,683.95,2,341.975
OME,GSP,1.0,613.0,1,613.0
OME,LIT,1.0,583.5,1,583.5
ONT,ABI,4.0,2093.9700000000003,4,523.4925000000001
ONT,AGS,2.0,586.5,2,293.25
ONT,AMA,4.0,1144.19,4,286.0475
ONT,AVL,3.0,1364.5,3,454.8333333333333
ONT,BHM,1.0,373.41,1,373.41
ONT,BMI,2.0,670.5,2,335.25
ONT,BNA,1.0,407.33,1,407.33
ONT,BTR,4.0,902.0,4,225.5
ONT,CHA,15.0,4647.26,15,309.81733333333335
ONT,CID,3.0,1044.5,2,348.1666666666667
ONT,CMH,1.0,895.4,1,895.4
ONT,CMI,5.0,1924.0,4,384.8
ONT,COU,1.0,344.5,1,344.5
ONT,CRP,2.0,792.5,2,396.25
ONT,CVG,2.0,392.96,2,196.48
ONT,DAY,4.0,1342.0,4,335.5
ONT,DCA,1.0,546.61,1,546.61
ONT,DFW,1.0,174.01,1,174.01
ONT,DTW,1.0,464.29,1,464.29
ONT,ECP,1.0,5.5,1,5.5
ONT,EVV,6.0,2584.0,6,430.6666666666667
ONT,EWR,1.0,388.97,1,388.97
ONT,FAY,4.0,1528.91,4,382.2275
ONT,FSD,2.0,771.4200000000001,2,385.71000000000004
ONT,FSM,1.0,379.0,1,379.0
ONT,GJT,3.0,831.5,3,277.1666666666667
ONT,GPT,5.0,1372.0,5,274.4
ONT,GRK,6.0,1314.5,6,219.08333333333334
ONT,GRR,4.0,1455.58,4,363.895
ONT,HOU,2.0,449.5,2,224.75
ONT,HRL,1.0,456.5,1,456.5
ONT,HSV,4.0,1876.5,4,469.125
ONT,IAH,1.0,5.46,1,5.46
ONT,ICT,4.0,1428.45,4,357.1125
ONT,IND,1.0,5.5,1,5.5
ONT,JAN,3.0,1072.0,3,357.3333333333333
ONT,LAW,2.0,852.0,2,426.0
ONT,LBB,3.0,913.5899999999999,3,304.53
ONT,LCH,1.0,293.0,1,293.0
ONT,LEX,10.0,3578.71,10,357.871
ONT,LFT,3.0,932.0,3,310.6666666666667
ONT,LIT,10.0,3907.16,10,390.716
ONT,MAF,4.0,1195.31,4,298.8275
ONT,MGM,2.0,666.0,2,333.0
ONT,MHK,1.0,299.5,1,299.5
ONT,MLI,2.0,788.5,2,394.25
ONT,MOB,2.0,1169.5,2,584.75
ONT,MQT,1.0,198.29,1,198.29
ONT,MSN,4.0,1308.5,4,327.125
ONT,MSY,1.0,314.73,1,314.73
ONT,MYR,3.0,824.44,3,274.81333333333333
ONT,PHX,4.0,419.28,2,104.82
ONT,PIA,4.0,1656.0,4,414.0
ONT,RAP,1.0,293.0,1,293.0
ONT,SAF,2.0,410.0,2,205.0
ONT,SDF,1.0,510.0,1,510.0
ONT,SGF,17.0,6055.0,16,356.1764705882353
ONT,SHV,1.0,268.5,1,268.5
ONT,SJT,1.0,498.0,1,498.0
ONT,TLH,6.0,2344.53,6,390.75500000000005
ONT,TRI,3.0,860.88,3,286.96
ONT,TUL,1.0,266.96,1,266.96
ONT,TUS,3.0,925.0,2,308.3333333333333
ONT,TYS,1.0,376.36,1,376.36
ONT,VPS,2.0,577.5,2,288.75
ONT,XNA,9.0,1574.87,8,174.98555555555555
ORD,ABE,82.0,15656.18,63,190.9290243902439
ORD,ABI,10.0,2807.3199999999997,9,280.73199999999997
ORD,ABQ,2.0,953.0799999999999,2,476.53999999999996
ORD,AGS,2.0,329.39,2,164.695
ORD,ALB,9.0,1824.93,9,202.77
ORD,ALO,12.0,2224.81,11,185.40083333333334
ORD,AMA,2.0,472.0,1,236.0
ORD,ATL,447.0,77191.97,312,172.68897091722596
ORD,ATW,21.0,4259.0,19,202.8095238095238
ORD,AUS,683.0,178367.52,419,261.15303074670567
ORD,AVP,57.0,12732.58,49,223.37859649122808
ORD,AZO,9.0,1718.5,7,190.94444444444446
ORD,BDL,73.0,19819.23,66,271.49630136986303
ORD,BFL,9.0,3628.07,9,403.11888888888893
ORD,BHB,1.0,192.0,1,192.0
ORD,BHM,223.0,44212.87,143,198.26399103139013
ORD,BMI,3.0,743.0,3,247.66666666666666
ORD,BNA,644.0,128079.81,427,198.88169254658385
ORD,BOS,622.0,108430.98,403,174.32633440514468
ORD,BRO,3.0,1400.3600000000001,3,466.7866666666667
ORD,BTR,3.0,805.06,3,268.3533333333333
ORD,BUF,93.0,18941.6,75,203.67311827956988
ORD,BWI,246.0,49420.73,156,200.89727642276424
ORD,BZN,157.0,43395.3,112,276.4031847133758
ORD,CHA,1.0,357.31,1,357.31
ORD,CHS,25.0,7069.09,24,282.7636
ORD,CID,49.0,11424.73,41,233.1577551020408
ORD,CLE,266.0,52650.25,196,197.93327067669173
ORD,CLT,100.0,25613.24,99,256.1324
ORD,CMH,681.0,142394.5,306,209.09618208516886
ORD,CMI,25.0,6327.32,21,253.09279999999998
ORD,COU,175.0,36659.37,112,209.4821142857143
ORD,CRP,7.0,1993.0,7,284.7142857142857
ORD,CVG,345.0,67591.91,219,195.91857971014494
ORD,CWA,28.0,7305.18,23,260.8992857142857
ORD,DAY,70.0,14935.2,53,213.36
ORD,DCA,66.0,14467.35,62,219.20227272727274
ORD,DEN,21.0,3789.04,21,180.43047619047618
ORD,DFW,133.0,39102.24,128,294.0018045112782
ORD,DRO,2.0,688.03,2,344.015
ORD,DSM,152.0,36189.68,126,238.09
ORD,DTW,109.0,20914.18,87,191.87321100917433
ORD,ELP,7.0,2077.52,7,296.7885714285714
ORD,EWR,297.0,51571.17,178,173.64030303030302
ORD,EYW,243.0,79480.39,197,327.0797942386831
ORD,FAR,94.0,22808.87,81,242.64755319148935
ORD,FAT,1.0,285.5,1,285.5
ORD,FLG,1.0,246.01,1,246.01
ORD,FLL,6.0,1644.85,6,274.14166666666665
ORD,FNT,33.0,7478.0,30,226.6060606060606
ORD,FSD,46.0,9250.17,37,201.09065217391304
ORD,FSM,3.0,1602.8899999999999,3,534.2966666666666
ORD,FWA,5.0,444.52,5,88.904
ORD,GJT,2.0,761.47,2,380.735
ORD,GLH,1.0,303.0,1,303.0
ORD,GPT,6.0,2631.02,5,438.50333333333333
ORD,GRB,16.0,3163.0,14,197.6875
ORD,GRK,6.0,2420.0,6,403.3333333333333
ORD,GRR,92.0,19174.63,66,208.41989130434783
ORD,GSO,362.0,70615.12,199,195.06939226519336
ORD,GSP,206.0,42652.89,155,207.0528640776699
ORD,HHH,2.0,360.0,2,180.0
ORD,HOU,2.0,694.3,2,347.15
ORD,HPN,612.0,112417.63,310,183.68893790849674
ORD,HRL,6.0,1854.88,6,309.1466666666667
ORD,HSV,13.0,3116.63,13,239.74076923076925
ORD,HYA,1.0,442.5,1,442.5
ORD,IAH,145.0,26751.09,107,184.49027586206896
ORD,ICT,170.0,39019.68,136,229.5275294117647
ORD,ILM,2.0,884.3,2,442.15
ORD,IND,129.0,33745.64,111,261.59410852713177
ORD,JAN,4.0,944.67,4,236.1675
ORD,JAX,9.0,2933.05,9,325.89444444444445
ORD,JBR,1.0,113.68,1,113.68
ORD,JFK,15.0,3507.51,14,233.834
ORD,LAN,67.0,16778.5,53,250.42537313432837
ORD,LAS,1.0,120.88,1,120.88
ORD,LAW,3.0,1094.55,3,364.84999999999997
ORD,LAX,10.0,5854.07,10,585.4069999999999
ORD,LBB,5.0,1410.8600000000001,5,282.172
ORD,LCH,4.0,1590.0,4,397.5
ORD,LEB,2.0,441.5,2,220.75
ORD,LEX,205.0,41688.64,144,203.35921951219512
ORD,LFT,5.0,1414.0,5,282.8
ORD,LGA,45.0,11359.5,43,252.43333333333334
ORD,LIT,342.0,86770.85,262,253.71593567251463
ORD,LRD,1.0,397.0,1,397.0
ORD,LSE,35.0,8235.87,34,235.31057142857145
ORD,MAF,4.0,1601.0,4,400.25
ORD,MCI,566.0,119661.71,364,211.41644876325088
ORD,MCO,9.0,1528.96,9,169.88444444444445
ORD,MEM,525.0,109917.72,281,209.3670857142857
ORD,MHK,101.0,25471.09,76,252.1890099009901
ORD,MIA,39.0,15192.01,39,389.53871794871793
ORD,MKE,4.0,957.13,4,239.2825
ORD,MLB,3.0,1796.0,3,598.6666666666666
ORD,MLI,15.0,3368.0,15,224.53333333333333
ORD,MQT,48.0,10649.61,39,221.86687500000002
ORD,MRY,4.0,1060.48,4,265.12
ORD,MSN,11.0,2966.0,9,269.6363636363636
ORD,MSP,118.0,20784.2,82,176.13728813559322
ORD,MSY,133.0,28062.32,103,210.9948872180451
ORD,MYR,1.0,326.14,1,326.14
ORD,OGS,1.0,309.14,1,309.14
ORD,OKC,147.0,31598.92,86,214.9586394557823
ORD,OMA,94.0,18224.8,86,193.88085106382977
ORD,ONT,1.0,396.0,1,396.0
ORD,ORF,63.0,11924.67,43,189.28047619047618
ORD,OWB,1.0,1499.0,1,1499.0
ORD,PBI,4.0,1565.58,4,391.395
ORD,PDX,2.0,969.94,2,484.97
ORD,PHL,33.0,8095.09,33,245.30575757575758
ORD,PHX,53.0,13580.26,51,256.231320754717
ORD,PIA,22.0,3409.5,18,154.97727272727272
ORD,PIT,94.0,18995.14,84,202.0759574468085
ORD,PNS,3.0,996.36,3,332.12
ORD,PSP,2.0,968.31,2,484.155
ORD,PVD,230.0,50153.32,157,218.05791304347827
ORD,PWM,1.0,153.86,1,153.86
ORD,RDU,302.0,68900.2,202,228.14635761589403
ORD,RIC,306.0,64316.96,195,210.18614379084968
ORD,ROC,114.0,22950.31,74,201.31850877192983
ORD,RST,118.0,29083.3,97,246.46864406779662
ORD,RSW,4.0,2092.25,4,523.0625
ORD,SAF,3.0,941.5,3,313.8333333333333
ORD,SAN,4.0,3541.17,4,885.2925
ORD,SAT,10.0,1910.54,9,191.054
ORD,SBP,9.0,2445.99,9,271.77666666666664
ORD,SDF,145.0,27922.18,113,192.56675862068965
ORD,SEA,1.0,307.12,1,307.12
ORD,SGF,262.0,55603.08,168,212.2254961832061
ORD,SHV,10.0,3635.42,10,363.54200000000003
ORD,SJC,1.0,514.0,1,514.0
ORD,SJT,2.0,611.19,2,305.595
ORD,SLC,8.0,2283.6800000000003,7,285.46000000000004
ORD,SNA,2.0,834.81,2,417.405
ORD,SRQ,7.0,2164.64,7,309.2342857142857
ORD,STL,484.0,102743.24,311,212.27942148760332
ORD,STS,1.0,364.0,1,364.0
ORD,SYR,74.0,16249.23,57,219.58418918918917
ORD,TBN,1.0,313.0,1,313.0
ORD,TLH,10.0,2615.99,10,261.599
ORD,TPA,16.0,4642.3,16,290.14375
ORD,TRI,1.0,509.0,1,509.0
ORD,TUL,33.0,6708.14,30,203.2769696969697
ORD,TUS,2.0,775.0899999999999,2,387.54499999999996
ORD,TVC,76.0,14549.04,68,191.43473684210528
ORD,TXK,1.0,613.0,1,613.0
ORD,TYS,209.0,48210.23,155,230.67095693779905
ORD,VPS,13.0,4957.78,13,381.36769230769227
ORD,XNA,416.0,100126.46,280,240.68860576923078
ORF,ABI,7.0,2164.9700000000003,7,309.2814285714286
ORF,AGS,2.0,483.5,2,241.75
ORF,ALO,1.0,403.65,1,403.65
ORF,ASE,1.0,344.5,1,344.5
ORF,AUS,1.0,278.11,1,278.11
ORF,AZO,2.0,367.5,2,183.75
ORF,BDL,1.0,296.9,1,296.9
ORF,BHM,1.0,141.5,1,141.5
ORF,BIL,1.0,994.0,1,994.0
ORF,BRL,2.0,1200.0,1,600.0
ORF,CHS,3.0,1414.2399999999998,3,471.41333333333324
ORF,CLL,1.0,645.36,1,645.36
ORF,CMH,6.0,643.38,6,107.23
ORF,COU,2.0,441.83000000000004,2,220.91500000000002
ORF,CRP,2.0,556.15,2,278.075
ORF,CWA,2.0,497.5,2,248.75
ORF,DEN,1.0,5.46,1,5.46
ORF,DFW,2.0,911.72,2,455.86
ORF,DSM,3.0,926.6600000000001,3,308.8866666666667
ORF,EYW,1.0,234.18,1,234.18
ORF,FAI,1.0,644.44,1,644.44
ORF,FAR,3.0,1880.87,3,626.9566666666666
ORF,FAT,2.0,458.0,1,229.0
ORF,FSD,3.0,664.0,3,221.33333333333334
ORF,FSM,1.0,354.0,1,354.0
ORF,FWA,2.0,228.98,2,114.49
ORF,GJT,4.0,1768.31,4,442.0775
ORF,GRB,1.0,5.5,1,5.5
ORF,GRK,4.0,1172.27,4,293.0675
ORF,GRR,3.0,699.63,3,233.21
ORF,GSP,1.0,289.5,1,289.5
ORF,HNL,3.0,1914.55,3,638.1833333333333
ORF,HRL,1.0,631.92,1,631.92
ORF,HSV,1.0,4.97,1,4.97
ORF,IAH,1.0,135.12,1,135.12
ORF,ICT,8.0,2101.8,8,262.725
ORF,IDA,1.0,353.0,1,353.0
ORF,IND,1.0,184.26,1,184.26
ORF,JFK,1.0,66.25,1,66.25
ORF,LAS,6.0,1486.16,6,247.69333333333336
ORF,LAX,4.0,1086.25,4,271.5625
ORF,LBB,1.0,561.0,1,561.0
ORF,LIT,5.0,757.51,5,151.502
ORF,LSE,1.0,251.84,1,251.84
ORF,MAF,2.0,660.0,2,330.0
ORF,MCI,3.0,868.31,3,289.43666666666667
ORF,MEM,2.0,729.8199999999999,2,364.90999999999997
ORF,MHK,2.0,983.05,2,491.525
ORF,MKE,4.0,1643.53,4,410.8825
ORF,MSO,2.0,1361.0,2,680.5
ORF,MSP,1.0,553.0,1,553.0
ORF,MSY,3.0,701.12,3,233.70666666666668
ORF,OKC,1.0,210.59,1,210.59
ORF,ORD,63.0,12021.32,46,190.81460317460318
ORF,PHX,10.0,3354.89,10,335.489
ORF,PIA,2.0,672.75,2,336.375
ORF,PNS,1.0,272.32,1,272.32
ORF,RAP,1.0,261.5,1,261.5
ORF,RNO,2.0,1241.54,2,620.77
ORF,RST,5.0,1364.03,5,272.806
ORF,SAN,2.0,518.15,2,259.075
ORF,SAT,2.0,637.0,2,318.5
ORF,SAV,1.0,372.22,1,372.22
ORF,SDF,1.0,157.54,1,157.54
ORF,SEA,2.0,731.0,2,365.5
ORF,SGF,11.0,3434.54,11,312.2309090909091
ORF,SHV,2.0,251.05,2,125.525
ORF,SJT,1.0,659.0,1,659.0
ORF,SLC,7.0,1858.52,7,265.5028571428571
ORF,SNA,2.0,739.0,2,369.5
ORF,STL,1.0,5.0,1,5.0
ORF,TUS,1.0,154.2,1,154.2
ORF,TVC,1.0,441.62,1,441.62
ORF,XNA,5.0,1889.17,5,377.834
OWB,AUS,2.0,268.0,2,134.0
PAH,CLT,1.0,154.29,1,154.29
PAH,EYW,1.0,632.39,1,632.39
PBG,ABI,1.0,368.5,1,368.5
PBG,MKE,1.0,402.28,1,402.28
PBI,ABI,6.0,1959.5,6,326.5833333333333
PBI,ALO,1.0,187.5,1,187.5
PBI,ATW,6.0,2121.4,6,353.56666666666666
PBI,AUS,2.0,656.27,2,328.135
PBI,AVP,2.0,386.09000000000003,2,193.04500000000002
PBI,AZO,1.0,209.0,1,209.0
PBI,BDL,3.0,513.3199999999999,3,171.10666666666665
PBI,BIL,2.0,730.0,2,365.0
PBI,BMI,2.0,625.8299999999999,2,312.91499999999996
PBI,CID,5.0,1741.62,5,348.32399999999996
PBI,CMH,1.0,169.79,1,169.79
PBI,CMI,6.0,2443.45,6,407.2416666666666
PBI,COU,4.0,978.5799999999999,4,244.64499999999998
PBI,CRP,4.0,901.5,4,225.375
PBI,CVG,2.0,194.46,2,97.23
PBI,CWA,4.0,1465.5,3,366.375
PBI,DAY,1.0,139.58,1,139.58
PBI,DRO,5.0,1513.1100000000001,5,302.622
PBI,ELP,2.0,764.5,2,382.25
PBI,FAR,5.0,1851.67,5,370.334
PBI,FNT,4.0,781.84,4,195.46
PBI,FSM,1.0,424.0,1,424.0
PBI,FWA,1.0,288.5,1,288.5
PBI,GJT,4.0,1145.0,4,286.25
PBI,GRB,2.0,684.05,2,342.025
PBI,GRK,1.0,323.0,1,323.0
PBI,GRR,3.0,615.17,3,205.05666666666664
PBI,GSP,1.0,191.5,1,191.5
PBI,HHH,1.0,193.0,1,193.0
PBI,HPN,1.0,203.67,1,203.67
PBI,ICT,4.0,1031.57,4,257.8925
PBI,IND,6.0,1407.6,6,234.6
PBI,LAN,5.0,1202.93,5,240.586
PBI,LEX,1.0,216.5,1,216.5
PBI,LFT,2.0,628.09,2,314.045
PBI,LIT,6.0,1554.1799999999998,6,259.03
PBI,LSE,4.0,790.49,4,197.6225
PBI,MAF,1.0,657.0,1,657.0
PBI,MHK,3.0,1311.93,3,437.31
PBI,MLI,2.0,502.69,2,251.345
PBI,MQT,2.0,521.69,2,260.845
PBI,MRY,4.0,1580.73,4,395.1825
PBI,MSN,3.0,696.4,3,232.13333333333333
PBI,MSO,1.0,430.0,1,430.0
PBI,PHL,1.0,185.88,1,185.88
PBI,PIA,11.0,2551.21,11,231.92818181818183
PBI,PSP,1.0,389.24,1,389.24
PBI,RAP,4.0,1044.0,4,261.0
PBI,RST,5.0,1182.0,5,236.4
PBI,SAF,2.0,801.0,2,400.5
PBI,SAV,1.0,253.88,1,253.88
PBI,SGF,29.0,9110.03,28,314.1389655172414
PBI,SHV,1.0,610.12,1,610.12
PBI,SPI,1.0,362.88,1,362.88
PBI,STL,5.0,1041.04,5,208.208
PBI,SYR,2.0,593.29,2,296.645
PBI,TUL,1.0,408.26,1,408.26
PBI,TVC,9.0,2897.0299999999997,9,321.8922222222222
PBI,XNA,29.0,8538.92,28,294.4455172413793
PDX,ABI,7.0,2639.5,7,377.07142857142856
PDX,AGS,5.0,2965.5,5,593.1
PDX,AVL,4.0,1029.32,4,257.33
PDX,BFL,3.0,678.5,3,226.16666666666666
PDX,BMI,1.0,5.5,1,5.5
PDX,BNA,1.0,189.5,1,189.5
PDX,BRO,1.0,312.5,1,312.5
PDX,BTR,5.0,1360.5,5,272.1
PDX,CHA,7.0,3320.23,7,474.31857142857143
PDX,CID,2.0,967.0,2,483.5
PDX,CMI,8.0,3077.56,8,384.695
PDX,COU,3.0,402.0,2,134.0
PDX,CRP,8.0,3241.5,8,405.1875
PDX,CVG,2.0,684.0,2,342.0
PDX,DAY,3.0,1107.0,3,369.0
PDX,DTW,1.0,465.72,1,465.72
PDX,EVV,5.0,2260.0,5,452.0
PDX,EYW,1.0,5.21,1,5.21
PDX,FAR,1.0,775.5,1,775.5
PDX,FAT,1.0,177.0,1,177.0
PDX,FAY,1.0,324.0,1,324.0
PDX,FNT,1.0,428.5,1,428.5
PDX,FSM,4.0,1704.5,4,426.125
PDX,GJT,2.0,431.53,2,215.765
PDX,GNV,2.0,914.88,2,457.44
PDX,GPT,7.0,2025.5,6,289.35714285714283
PDX,GRK,3.0,1249.13,3,416.3766666666667
PDX,HNL,1.0,481.37,1,481.37
PDX,HOU,2.0,767.0,2,383.5
PDX,HSV,4.0,2031.5,4,507.875
PDX,ICT,5.0,2212.5,4,442.5
PDX,JAN,8.0,2434.5,8,304.3125
PDX,LAN,1.0,442.35,1,442.35
PDX,LBB,2.0,410.5,2,205.25
PDX,LCH,1.0,447.5,1,447.5
PDX,LEX,5.0,1388.9,5,277.78000000000003
PDX,LFT,8.0,2921.5,7,365.1875
PDX,LGA,1.0,507.24,1,507.24
PDX,LIT,12.0,5802.6900000000005,11,483.55750000000006
PDX,MAF,11.0,4094.05,11,372.18636363636364
PDX,MEM,1.0,248.0,1,248.0
PDX,MFE,1.0,1301.0,1,1301.0
PDX,MGM,3.0,1311.72,3,437.24
PDX,MHK,10.0,2450.0,10,245.0
PDX,MLI,4.0,2441.44,4,610.36
PDX,MOB,6.0,2376.0,6,396.0
PDX,MRY,3.0,696.5,3,232.16666666666666
PDX,MSN,1.0,1054.5,1,1054.5
PDX,MSP,1.0,352.03,1,352.03
PDX,ORD,1.0,401.06,1,401.06
PDX,PIA,3.0,1128.0,3,376.0
PDX,SAF,1.0,266.0,1,266.0
PDX,SBP,2.0,389.0,2,194.5
PDX,SDF,2.0,675.0,2,337.5
PDX,SGF,26.0,9754.02,22,375.1546153846154
PDX,SHV,4.0,1514.0,4,378.5
PDX,STL,1.0,286.12,1,286.12
PDX,TLH,5.0,1758.72,5,351.744
PDX,TRI,4.0,1223.2,4,305.8
PDX,TUL,4.0,2217.3199999999997,4,554.3299999999999
PDX,TVC,2.0,555.3199999999999,2,277.65999999999997
PDX,VPS,1.0,5.0,1,5.0
PDX,XNA,12.0,5062.84,12,421.90333333333336
PGA,LIT,1.0,713.37,1,713.37
PGA,MAF,1.0,281.0,1,281.0
PGV,ELP,1.0,618.15,1,618.15
PGV,TLH,2.0,1041.0,2,520.5
PHF,AGS,1.0,269.5,1,269.5
PHF,AUS,1.0,246.99,1,246.99
PHF,BHM,1.0,245.5,1,245.5
PHF,HRL,1.0,650.0,1,650.0
PHF,ICT,1.0,386.63,1,386.63
PHF,MHK,2.0,1330.47,2,665.235
PHF,SAV,1.0,210.5,1,210.5
PHF,SGF,2.0,879.14,2,439.57
PHL,ABI,9.0,3420.08,9,380.00888888888886
PHL,AGS,2.0,444.0,2,222.0
PHL,ALO,2.0,369.5,2,184.75
PHL,AMA,2.0,816.62,2,408.31
PHL,ATL,2.0,313.44,2,156.72
PHL,ATW,7.0,2331.23,7,333.03285714285715
PHL,AUS,6.0,2245.04,6,374.17333333333335
PHL,AZO,1.0,256.0,1,256.0
PHL,BFL,4.0,1682.0,4,420.5
PHL,BHM,3.0,780.43,3,260.1433333333333
PHL,BIL,3.0,1076.0,3,358.6666666666667
PHL,BMI,2.0,676.5,2,338.25
PHL,BNA,1.0,3.89,1,3.89
PHL,BRO,7.0,3092.33,7,441.76142857142855
PHL,BTR,1.0,279.2,1,279.2
PHL,BZN,2.0,623.2,2,311.6
PHL,CHS,1.0,328.62,1,328.62
PHL,CID,15.0,5431.97,13,362.1313333333334
PHL,CLE,1.0,208.0,1,208.0
PHL,CLT,1.0,171.13,1,171.13
PHL,CMH,11.0,2104.57,11,191.32454545454547
PHL,CMI,8.0,3783.35,8,472.91875
PHL,COU,11.0,3504.86,11,318.62363636363636
PHL,CRP,9.0,4208.73,9,467.6366666666666
PHL,CVG,4.0,595.58,4,148.895
PHL,DAY,2.0,514.13,2,257.065
PHL,DEN,1.0,4.1,1,4.1
PHL,DFW,3.0,1350.98,3,450.32666666666665
PHL,DRO,1.0,376.79,1,376.79
PHL,DSM,9.0,2701.2200000000003,9,300.1355555555556
PHL,ELP,9.0,3431.5,8,381.27777777777777
PHL,EYW,1.0,245.1,1,245.1
PHL,FAR,5.0,2267.0,4,453.4
PHL,FNT,1.0,351.94,1,351.94
PHL,FSD,1.0,218.5,1,218.5
PHL,FSM,3.0,905.5,3,301.8333333333333
PHL,FWA,2.0,673.16,2,336.58
PHL,GJT,1.0,411.0,1,411.0
PHL,GPT,2.0,923.2,2,461.6
PHL,GRB,2.0,528.0,2,264.0
PHL,GRK,6.0,2037.53,6,339.5883333333333
PHL,GSP,2.0,509.97,2,254.985
PHL,HHH,8.0,1816.37,7,227.04625
PHL,HOU,4.0,859.5,3,214.875
PHL,HRL,9.0,2805.26,9,311.6955555555556
PHL,HSV,4.0,1317.58,4,329.395
PHL,IAH,1.0,145.26,1,145.26
PHL,ICT,17.0,5551.889999999999,16,326.58176470588234
PHL,IND,2.0,455.17,2,227.585
PHL,LAN,4.0,1164.9,4,291.225
PHL,LBB,1.0,383.5,1,383.5
PHL,LCH,7.0,2217.0,7,316.7142857142857
PHL,LEX,2.0,391.64,2,195.82
PHL,LFT,7.0,1720.0,7,245.71428571428572
PHL,LIT,13.0,3010.51,13,231.57769230769233
PHL,LSE,5.0,1681.23,5,336.246
PHL,MAF,4.0,1616.3899999999999,4,404.09749999999997
PHL,MCI,5.0,1383.04,4,276.608
PHL,MEM,11.0,2181.08,11,198.28
PHL,MFE,1.0,419.95,1,419.95
PHL,MHK,12.0,4160.29,12,346.69083333333333
PHL,MIA,5.0,1060.5,5,212.1
PHL,MKE,3.0,525.54,3,175.17999999999998
PHL,MLI,12.0,3840.41,12,320.03416666666664
PHL,MQT,2.0,553.0,2,276.5
PHL,MRY,3.0,901.6500000000001,3,300.55
PHL,MSN,5.0,1614.3600000000001,4,322.872
PHL,MSP,1.0,241.93,1,241.93
PHL,MSY,1.0,214.6,1,214.6
PHL,OKC,8.0,2056.56,8,257.07
PHL,OMA,1.0,216.0,1,216.0
PHL,ORD,16.0,3257.06,16,203.56625
PHL,PBI,1.0,283.5,1,283.5
PHL,PIA,5.0,2228.31,5,445.662
PHL,PNS,3.0,515.05,3,171.6833333333333
PHL,RAP,5.0,2109.34,5,421.86800000000005
PHL,RNO,2.0,450.13,2,225.065
PHL,SAF,2.0,953.67,2,476.835
PHL,SAN,1.0,685.38,1,685.38
PHL,SBP,9.0,4264.6,9,473.8444444444445
PHL,SGF,35.0,11567.26,35,330.49314285714286
PHL,SHV,7.0,2693.41,7,384.7728571428571
PHL,SJT,4.0,1402.32,4,350.58
PHL,STL,6.0,1050.52,6,175.08666666666667
PHL,STS,1.0,316.0,1,316.0
PHL,TLH,3.0,612.5,3,204.16666666666666
PHL,TPA,3.0,362.46000000000004,3,120.82000000000001
PHL,TUL,2.0,350.5,2,175.25
PHL,TVC,3.0,899.15,3,299.71666666666664
PHL,TYS,2.0,143.59,2,71.795
PHL,VPS,1.0,219.62,1,219.62
PHL,XNA,47.0,16567.13,46,352.49212765957446
PHL,YUM,1.0,508.0,1,508.0
PHX,ABE,12.0,4895.12,12,407.9266666666667
PHX,ABI,26.0,9401.09,22,361.5803846153846
PHX,ABQ,2.0,282.83,2,141.415
PHX,AGS,12.0,4395.6,12,366.3
PHX,ALB,2.0,727.5,2,363.75
PHX,ALO,1.0,273.5,1,273.5
PHX,AMA,1.0,244.5,1,244.5
PHX,ATW,17.0,6792.08,17,399.5341176470588
PHX,AUS,5.0,2167.5,5,433.5
PHX,AVL,11.0,4332.89,11,393.89909090909094
PHX,AVP,17.0,6676.95,17,392.76176470588234
PHX,AZO,8.0,2384.37,7,298.04625
PHX,BDL,4.0,1760.74,4,440.185
PHX,BFL,238.0,60505.4,181,254.22436974789917
PHX,BHM,12.0,4683.39,12,390.2825
PHX,BIL,3.0,1435.37,3,478.45666666666665
PHX,BIS,3.0,1001.0899999999999,3,333.69666666666666
PHX,BMI,6.0,1350.86,6,225.14333333333332
PHX,BNA,10.0,3825.37,10,382.537
PHX,BOI,7.0,1113.64,6,159.0914285714286
PHX,BOS,3.0,380.61,3,126.87
PHX,BTR,16.0,6789.9,16,424.36875
PHX,BUF,11.0,3680.8999999999996,11,334.62727272727267
PHX,BWI,8.0,3287.76,8,410.97
PHX,CAE,1.0,775.77,1,775.77
PHX,CHA,20.0,9306.05,20,465.30249999999995
PHX,CHS,2.0,1027.1399999999999,2,513.5699999999999
PHX,CID,28.0,7695.12,27,274.8257142857143
PHX,CLE,37.0,11819.37,34,319.44243243243244
PHX,CLT,2.0,833.9399999999999,2,416.96999999999997
PHX,CMH,20.0,7564.95,18,378.2475
PHX,CMI,36.0,13047.66,36,362.435
PHX,COU,22.0,7590.59,21,345.0268181818182
PHX,CRP,6.0,1997.51,6,332.91833333333335
PHX,CVG,13.0,2989.23,13,229.94076923076923
PHX,CWA,6.0,2259.0,6,376.5
PHX,DAB,3.0,1370.52,3,456.84
PHX,DAY,13.0,5043.09,13,387.93
PHX,DCA,1.0,152.05,1,152.05
PHX,DEN,2.0,317.71999999999997,2,158.85999999999999
PHX,DFW,22.0,8557.18,22,388.9627272727273
PHX,DSM,4.0,1525.7199999999998,4,381.42999999999995
PHX,DTW,3.0,1209.3600000000001,3,403.12000000000006
PHX,ECP,2.0,655.1600000000001,2,327.58000000000004
PHX,EGE,1.0,252.54,1,252.54
PHX,EVV,12.0,5817.47,12,484.7891666666667
PHX,FAR,403.0,111285.11,271,276.14171215880896
PHX,FAT,99.0,28146.99,84,284.3130303030303
PHX,FAY,1.0,536.9,1,536.9
PHX,FLG,1.0,1.15,1,1.15
PHX,FNT,8.0,2507.8199999999997,8,313.47749999999996
PHX,FSD,6.0,1854.51,6,309.085
PHX,FSM,11.0,4232.610000000001,11,384.7827272727273
PHX,FWA,4.0,777.85,4,194.4625
PHX,GCK,1.0,664.0,1,664.0
PHX,GJT,94.0,22554.83,72,239.94500000000002
PHX,GNV,12.0,4816.62,12,401.385
PHX,GPT,14.0,5681.16,14,405.79714285714283
PHX,GRB,11.0,4821.78,11,438.34363636363634
PHX,GRK,5.0,1565.48,5,313.096
PHX,GRR,19.0,5973.93,18,314.41736842105263
PHX,GSO,5.0,1455.28,5,291.056
PHX,GSP,6.0,1611.56,6,268.5933333333333
PHX,GTF,1.0,495.0,1,495.0
PHX,HHH,5.0,1185.0,5,237.0
PHX,HOU,4.0,1446.0,4,361.5
PHX,HPN,12.0,3922.29,11,326.8575
PHX,HRL,5.0,1844.79,5,368.95799999999997
PHX,HSV,27.0,8636.52,25,319.87111111111113
PHX,IAH,1.0,4.63,1,4.63
PHX,ICT,11.0,3267.97,11,297.0881818181818
PHX,IND,19.0,6446.46,19,339.28736842105263
PHX,JAN,12.0,4974.89,12,414.5741666666667
PHX,JAX,1.0,231.64,1,231.64
PHX,KOA,1.0,227.38,1,227.38
PHX,LAN,8.0,2924.66,8,365.5825
PHX,LAS,2.0,239.23000000000002,2,119.61500000000001
PHX,LAW,3.0,897.0,3,299.0
PHX,LAX,1.0,165.01,1,165.01
PHX,LBB,36.0,9573.57,30,265.9325
PHX,LCH,7.0,1963.0,7,280.42857142857144
PHX,LEX,34.0,11696.2,33,344.00588235294117
PHX,LFT,20.0,7024.76,19,351.238
PHX,LGA,1.0,5.67,1,5.67
PHX,LIT,30.0,12669.65,29,422.32166666666666
PHX,LSE,12.0,4177.45,11,348.12083333333334
PHX,MAF,105.0,31261.55,87,297.7290476190476
PHX,MCI,7.0,1403.89,6,200.5557142857143
PHX,MEM,12.0,4123.35,12,343.6125
PHX,MFR,2.0,552.62,2,276.31
PHX,MGM,8.0,3056.87,8,382.10875
PHX,MHK,29.0,9780.33,29,337.25275862068963
PHX,MIA,5.0,2492.2799999999997,5,498.45599999999996
PHX,MKE,2.0,523.0799999999999,2,261.53999999999996
PHX,MLI,15.0,5376.87,15,358.45799999999997
PHX,MOB,14.0,6863.43,13,490.245
PHX,MQT,10.0,3321.83,10,332.183
PHX,MRY,85.0,24029.85,73,282.7041176470588
PHX,MSN,44.0,13686.01,38,311.04568181818183
PHX,MSP,2.0,434.94,2,217.47
PHX,MSY,4.0,1083.04,4,270.76
PHX,MYR,6.0,1981.68,6,330.28000000000003
PHX,OKC,1.0,253.54,1,253.54
PHX,ONT,5.0,632.26,3,126.452
PHX,ORD,23.0,5901.81,22,256.6004347826087
PHX,ORF,9.0,2982.11,9,331.34555555555556
PHX,PDX,12.0,1195.79,10,99.64916666666666
PHX,PHL,3.0,705.76,3,235.25333333333333
PHX,PIA,33.0,14215.82,33,430.7824242424242
PHX,PIT,3.0,1148.19,3,382.73
PHX,PNS,10.0,3697.29,9,369.729
PHX,PSC,1.0,546.51,1,546.51
PHX,PSP,4.0,540.97,4,135.2425
PHX,PVD,19.0,6139.55,19,323.1342105263158
PHX,RAP,5.0,1264.0,4,252.8
PHX,RDM,1.0,142.84,1,142.84
PHX,RDU,9.0,1990.47,8,221.16333333333333
PHX,RIC,8.0,2953.35,8,369.16875
PHX,RNO,2.0,608.2,2,304.1
PHX,ROC,15.0,5205.19,15,347.01266666666663
PHX,RST,6.0,1643.77,6,273.96166666666664
PHX,SAF,65.0,11189.5,60,172.14615384615385
PHX,SAN,5.0,835.24,5,167.048
PHX,SAV,2.0,195.53,2,97.765
PHX,SBA,5.0,1931.04,5,386.20799999999997
PHX,SBP,482.0,110433.86,292,229.11589211618258
PHX,SDF,11.0,3823.43,11,347.58454545454543
PHX,SEA,2.0,264.25,2,132.125
PHX,SFO,2.0,493.32,2,246.66
PHX,SGF,65.0,25625.28,57,394.2350769230769
PHX,SHV,18.0,6411.0,18,356.1666666666667
PHX,SJC,2.0,285.69,2,142.845
PHX,SJT,12.0,4600.6900000000005,12,383.3908333333334
PHX,SLC,10.0,1281.62,9,128.16199999999998
PHX,SMF,2.0,320.88,2,160.44
PHX,SNA,4.0,669.36,4,167.34
PHX,SRQ,1.0,252.96,1,252.96
PHX,STL,1.0,184.43,1,184.43
PHX,STS,218.0,54759.1,145,251.18853211009173
PHX,SWO,1.0,206.62,1,206.62
PHX,SYR,11.0,3047.01,11,277.0009090909091
PHX,TLH,23.0,10295.82,23,447.64434782608697
PHX,TPA,2.0,1454.23,2,727.115
PHX,TRI,3.0,1149.19,3,383.06333333333333
PHX,TUL,331.0,89880.26,236,271.54157099697886
PHX,TUS,2.0,165.0,2,82.5
PHX,TVC,28.0,9818.81,28,350.6717857142857
PHX,TYS,10.0,5023.64,10,502.36400000000003
PHX,VPS,4.0,1785.52,4,446.38
PHX,XNA,179.0,58129.62,141,324.74648044692736
PHX,YUM,17.0,5004.0,16,294.3529411764706
PIA,ABE,1.0,345.0,1,345.0
PIA,ABQ,6.0,2180.49,6,363.41499999999996
PIA,ALB,3.0,1186.4099999999999,3,395.46999999999997
PIA,AMA,3.0,860.35,3,286.78333333333336
PIA,ASE,1.0,275.65,1,275.65
PIA,ATL,9.0,3013.19,9,334.7988888888889
PIA,AUS,24.0,7172.7,24,298.8625
PIA,AVP,1.0,367.0,1,367.0
PIA,BDL,12.0,4680.41,12,390.03416666666664
PIA,BHM,4.0,832.5799999999999,4,208.14499999999998
PIA,BIL,1.0,352.0,1,352.0
PIA,BNA,7.0,2258.14,7,322.59142857142854
PIA,BOI,2.0,892.5,2,446.25
PIA,BOS,18.0,5376.1,18,298.6722222222222
PIA,BRO,1.0,540.5,1,540.5
PIA,BTR,2.0,707.0799999999999,2,353.53999999999996
PIA,BUR,3.0,1534.0,3,511.3333333333333
PIA,BWI,8.0,2238.12,8,279.765
PIA,BZN,5.0,1228.06,5,245.612
PIA,CLE,7.0,2158.2200000000003,7,308.31714285714287
PIA,CLT,7.0,2665.08,7,380.7257142857143
PIA,CMH,5.0,1502.72,5,300.544
PIA,COS,4.0,1436.5,4,359.125
PIA,CRP,5.0,1646.0,5,329.2
PIA,DCA,14.0,3758.17,13,268.4407142857143
PIA,DEN,8.0,2645.1,8,330.6375
PIA,DFW,132.0,36502.39,115,276.53325757575755
PIA,DRO,1.0,5.5,1,5.5
PIA,DRT,2.0,436.0,2,218.0
PIA,DTW,3.0,1256.5,3,418.8333333333333
PIA,ELP,4.0,1637.02,4,409.255
PIA,EWR,6.0,1982.99,6,330.49833333333333
PIA,EYW,7.0,2867.5,7,409.64285714285717
PIA,FAR,5.0,1444.44,5,288.88800000000003
PIA,FAT,1.0,599.0,1,599.0
PIA,FLL,11.0,2457.91,11,223.44636363636363
PIA,FSD,2.0,367.0,2,183.5
PIA,GJT,2.0,678.0,2,339.0
PIA,GNV,1.0,414.0,1,414.0
PIA,GRK,1.0,418.0,1,418.0
PIA,GRR,1.0,278.0,1,278.0
PIA,GSO,7.0,1388.51,7,198.35857142857142
PIA,GSP,4.0,641.74,4,160.435
PIA,GUC,1.0,337.5,1,337.5
PIA,HDN,1.0,229.5,1,229.5
PIA,HNL,9.0,5795.49,9,643.9433333333333
PIA,HOU,3.0,801.97,3,267.3233333333333
PIA,HPN,2.0,719.4,2,359.7
PIA,HRL,3.0,1145.0,2,381.6666666666667
PIA,HSV,1.0,618.0,1,618.0
PIA,IAH,15.0,3821.2599999999998,14,254.75066666666666
PIA,ICT,2.0,653.0,2,326.5
PIA,ILM,1.0,6.3,1,6.3
PIA,JAC,2.0,668.5,2,334.25
PIA,JAN,4.0,2059.54,4,514.885
PIA,JAX,3.0,995.0,3,331.6666666666667
PIA,JFK,1.0,242.0,1,242.0
PIA,KOA,1.0,644.61,1,644.61
PIA,LAS,29.0,12859.13,29,443.4182758620689
PIA,LAX,13.0,4036.18,12,310.4753846153846
PIA,LBB,3.0,1235.5,3,411.8333333333333
PIA,LEX,2.0,583.5,2,291.75
PIA,LGA,21.0,4532.03,20,215.81095238095236
PIA,LIH,2.0,2702.87,2,1351.435
PIA,LIT,3.0,1157.5,3,385.8333333333333
PIA,LRD,1.0,323.5,1,323.5
PIA,MAF,3.0,1552.5,3,517.5
PIA,MCI,2.0,590.5,2,295.25
PIA,MCO,29.0,7721.92,26,266.2731034482759
PIA,MDT,3.0,925.3100000000001,3,308.43666666666667
PIA,MEM,6.0,1893.46,6,315.57666666666665
PIA,MFE,2.0,840.0,2,420.0
PIA,MIA,16.0,6023.49,15,376.468125
PIA,MOB,3.0,1001.0,3,333.6666666666667
PIA,MQT,1.0,352.0,1,352.0
PIA,MRY,2.0,507.0,2,253.5
PIA,MSN,1.0,369.0,1,369.0
PIA,MSO,1.0,368.0,1,368.0
PIA,MSP,4.0,1444.98,4,361.245
PIA,MSY,14.0,4302.08,14,307.2914285714286
PIA,MYR,1.0,344.2,1,344.2
PIA,OGG,12.0,7272.54,12,606.045
PIA,OKC,3.0,1437.82,3,479.2733333333333
PIA,ONT,6.0,2211.0,6,368.5
PIA,ORD,17.0,1806.5,14,106.26470588235294
PIA,ORF,2.0,635.25,2,317.625
PIA,PBI,16.0,4575.91,16,285.994375
PIA,PDX,4.0,1133.0,4,283.25
PIA,PHL,6.0,2695.16,6,449.1933333333333
PIA,PHX,43.0,17909.58,43,416.5018604651163
PIA,PIT,7.0,2095.02,7,299.2885714285714
PIA,PNS,1.0,599.0,1,599.0
PIA,PSP,10.0,2991.91,10,299.191
PIA,PVD,1.0,254.0,1,254.0
PIA,RAP,2.0,650.0,2,325.0
PIA,RDU,7.0,2233.65,7,319.09285714285716
PIA,RNO,2.0,901.5,2,450.75
PIA,ROC,1.0,368.0,1,368.0
PIA,ROW,2.0,818.0,2,409.0
PIA,RST,1.0,329.0,1,329.0
PIA,RSW,24.0,8075.49,21,336.47875
PIA,SAN,16.0,5512.05,16,344.503125
PIA,SAT,25.0,9193.73,25,367.7492
PIA,SBA,1.0,404.5,1,404.5
PIA,SBP,1.0,328.0,1,328.0
PIA,SCE,1.0,269.0,1,269.0
PIA,SEA,8.0,2202.0,8,275.25
PIA,SFO,7.0,2614.75,7,373.5357142857143
PIA,SJC,2.0,667.0,2,333.5
PIA,SJU,3.0,1213.6100000000001,3,404.5366666666667
PIA,SLC,12.0,5961.12,12,496.76
PIA,SMF,3.0,1412.0,3,470.6666666666667
PIA,SNA,10.0,2723.42,10,272.342
PIA,SRQ,7.0,2346.5699999999997,6,335.22428571428566
PIA,STT,1.0,302.2,1,302.2
PIA,TPA,9.0,3994.26,9,443.8066666666667
PIA,TUL,3.0,833.2,3,277.73333333333335
PIA,TUS,36.0,13625.39,33,378.48305555555555
PIA,TVC,1.0,204.0,1,204.0
PIA,TYS,5.0,965.73,5,193.14600000000002
PIA,XNA,3.0,746.5,3,248.83333333333334
PIA,YUM,1.0,287.0,1,287.0
PIT,ABI,3.0,1185.5,3,395.1666666666667
PIT,ALO,1.0,228.5,1,228.5
PIT,ATW,2.0,760.5,2,380.25
PIT,AUS,8.0,3020.1400000000003,8,377.51750000000004
PIT,BDL,1.0,187.0,1,187.0
PIT,BFL,1.0,5.62,1,5.62
PIT,BHM,1.0,226.1,1,226.1
PIT,BIL,1.0,376.0,1,376.0
PIT,BMI,2.0,594.5,2,297.25
PIT,BNA,1.0,255.26,1,255.26
PIT,BRO,1.0,251.0,1,251.0
PIT,BTR,3.0,1110.54,3,370.18
PIT,CHS,1.0,128.5,1,128.5
PIT,CID,4.0,632.0,4,158.0
PIT,CLT,3.0,469.97,3,156.65666666666667
PIT,CMI,12.0,3508.71,12,292.3925
PIT,COU,2.0,519.36,2,259.68
PIT,CRP,6.0,1652.5,6,275.4166666666667
PIT,DCA,2.0,136.0,2,68.0
PIT,DEN,8.0,2324.0,8,290.5
PIT,DFW,4.0,944.44,4,236.11
PIT,DRO,1.0,607.5,1,607.5
PIT,DSM,3.0,607.5,3,202.5
PIT,FAI,1.0,284.35,1,284.35
PIT,FAR,1.0,299.0,1,299.0
PIT,FNT,1.0,244.5,1,244.5
PIT,FSD,1.0,399.0,1,399.0
PIT,FSM,6.0,2564.05,5,427.3416666666667
PIT,FWA,1.0,284.0,1,284.0
PIT,GJT,4.0,1244.68,4,311.17
PIT,GPT,1.0,296.8,1,296.8
PIT,GRB,3.0,1158.5,3,386.1666666666667
PIT,GRK,4.0,1303.5,4,325.875
PIT,GRR,4.0,1358.0,4,339.5
PIT,HHH,7.0,1384.85,7,197.83571428571426
PIT,HRL,1.0,492.0,1,492.0
PIT,HSV,2.0,454.63,2,227.315
PIT,IAH,1.0,650.42,1,650.42
PIT,ICT,1.0,239.87,1,239.87
PIT,IND,5.0,1130.46,5,226.092
PIT,JAC,1.0,291.5,1,291.5
PIT,LAS,8.0,4482.24,8,560.28
PIT,LAW,2.0,939.82,2,469.91
PIT,LAX,4.0,1370.58,4,342.645
PIT,LCH,3.0,511.95,3,170.65
PIT,LEX,1.0,212.39,1,212.39
PIT,LFT,7.0,2153.98,7,307.7114285714286
PIT,LGA,1.0,50.34,1,50.34
PIT,LIT,10.0,2699.91,10,269.991
PIT,LSE,1.0,219.0,1,219.0
PIT,MAF,8.0,2919.0,8,364.875
PIT,MCI,3.0,976.96,3,325.65333333333336
PIT,MEM,1.0,467.19,1,467.19
PIT,MHK,6.0,1403.71,6,233.95166666666668
PIT,MIA,1.0,323.78,1,323.78
PIT,MKE,3.0,891.0,3,297.0
PIT,MLI,7.0,1878.0,7,268.2857142857143
PIT,MSN,3.0,1093.0,3,364.3333333333333
PIT,MSP,1.0,498.0,1,498.0
PIT,OKC,8.0,3139.9300000000003,8,392.49125000000004
PIT,OMA,3.0,861.5,3,287.1666666666667
PIT,ORD,84.0,17865.34,73,212.68261904761906
PIT,PHX,5.0,1430.81,5,286.162
PIT,PIA,3.0,866.0,3,288.6666666666667
PIT,SBP,1.0,308.5,1,308.5
PIT,SDF,1.0,197.74,1,197.74
PIT,SEA,1.0,338.0,1,338.0
PIT,SGF,10.0,3854.98,9,385.498
PIT,SHV,4.0,1507.0,4,376.75
PIT,SNA,7.0,2981.88,7,425.98285714285714
PIT,STL,5.0,1623.6399999999999,5,324.72799999999995
PIT,TUS,1.0,394.0,1,394.0
PIT,TVC,3.0,569.0,3,189.66666666666666
PIT,XNA,12.0,3798.64,12,316.55333333333334
PNS,ABI,7.0,2277.5,6,325.35714285714283
PNS,ABQ,2.0,591.0,2,295.5
PNS,AMA,1.0,296.0,1,296.0
PNS,ANC,1.0,517.0,1,517.0
PNS,ASE,1.0,963.5,1,963.5
PNS,ATW,4.0,1005.37,4,251.3425
PNS,AUS,6.0,1540.0,6,256.6666666666667
PNS,BDL,3.0,476.64,3,158.88
PNS,BIL,2.0,834.5,2,417.25
PNS,BIS,1.0,319.0,1,319.0
PNS,BOI,2.0,737.5,2,368.75
PNS,BOS,1.0,118.0,1,118.0
PNS,BRO,2.0,1937.0,2,968.5
PNS,BUR,2.0,1049.0,2,524.5
PNS,CID,7.0,2579.75,7,368.5357142857143
PNS,CLE,1.0,562.0,1,562.0
PNS,CLT,4.0,599.11,4,149.7775
PNS,CMI,1.0,499.0,1,499.0
PNS,COS,8.0,1787.1399999999999,8,223.39249999999998
PNS,COU,3.0,787.8299999999999,3,262.60999999999996
PNS,CRP,3.0,1030.0,3,343.3333333333333
PNS,CWA,2.0,757.27,2,378.635
PNS,DCA,1.0,296.07,1,296.07
PNS,DEN,11.0,2638.0,11,239.8181818181818
PNS,DFW,124.0,31649.45,101,255.2375
PNS,DRO,5.0,2749.5,5,549.9
PNS,DSM,1.0,194.07,1,194.07
PNS,DTW,3.0,915.0,2,305.0
PNS,ELP,4.0,1121.5,4,280.375
PNS,EWR,7.0,2126.43,7,303.7757142857143
PNS,EYW,22.0,7024.22,22,319.2827272727273
PNS,FAI,2.0,887.0,2,443.5
PNS,FAR,7.0,2550.9,7,364.4142857142857
PNS,FAT,7.0,3761.5,4,537.3571428571429
PNS,FLL,2.0,521.0,2,260.5
PNS,FNT,1.0,240.25,1,240.25
PNS,FSD,1.0,267.48,1,267.48
PNS,FSM,2.0,11.0,2,5.5
PNS,GJT,8.0,3137.5,8,392.1875
PNS,GNV,2.0,613.0,2,306.5
PNS,GRB,1.0,260.6,1,260.6
PNS,GRK,1.0,265.0,1,265.0
PNS,GRR,1.0,264.0,1,264.0
PNS,GUC,1.0,338.5,1,338.5
PNS,HNL,1.0,1907.51,1,1907.51
PNS,HOU,1.0,202.0,1,202.0
PNS,ICT,8.0,2399.0,8,299.875
PNS,IND,2.0,528.0,1,264.0
PNS,JAX,2.0,385.43,2,192.715
PNS,JFK,5.0,2102.13,4,420.42600000000004
PNS,LAS,25.0,9549.52,23,381.98080000000004
PNS,LAX,3.0,1599.0,3,533.0
PNS,LBB,2.0,734.0,2,367.0
PNS,LGB,1.0,415.0,1,415.0
PNS,LIT,1.0,245.5,1,245.5
PNS,LRD,1.0,567.0,1,567.0
PNS,LSE,1.0,238.22,1,238.22
PNS,MAF,1.0,333.0,1,333.0
PNS,MCI,7.0,2880.82,7,411.5457142857143
PNS,MCO,54.0,10227.62,38,189.40037037037038
PNS,MFE,1.0,235.0,1,235.0
PNS,MFR,1.0,663.0,1,663.0
PNS,MHK,2.0,411.0,2,205.5
PNS,MIA,549.0,141399.15,321,257.55765027322406
PNS,MLI,1.0,399.89,1,399.89
PNS,MQT,2.0,515.0,2,257.5
PNS,MRY,2.0,1232.0,2,616.0
PNS,MSN,4.0,971.14,4,242.785
PNS,MSO,2.0,999.5,2,499.75
PNS,MSP,5.0,2164.94,4,432.988
PNS,OGS,1.0,333.0,1,333.0
PNS,OKC,5.0,1677.0,5,335.4
PNS,OMA,3.0,945.0,2,315.0
PNS,ONT,1.0,452.0,1,452.0
PNS,ORD,6.0,1684.33,5,280.72166666666664
PNS,PDX,4.0,1026.0,4,256.5
PNS,PHL,4.0,1704.95,4,426.2375
PNS,PHX,14.0,5806.71,12,414.765
PNS,PIA,1.0,5.0,1,5.0
PNS,PSP,1.0,298.0,1,298.0
PNS,RAP,8.0,2581.5,8,322.6875
PNS,RDU,1.0,148.0,1,148.0
PNS,RNO,4.0,1721.5,4,430.375
PNS,ROW,1.0,824.0,1,824.0
PNS,RST,1.0,295.17,1,295.17
PNS,SAF,1.0,328.0,1,328.0
PNS,SAN,16.0,6064.73,13,379.045625
PNS,SAT,5.0,979.5,5,195.9
PNS,SBA,2.0,867.0,2,433.5
PNS,SBN,1.0,264.0,1,264.0
PNS,SEA,7.0,3538.7200000000003,7,505.5314285714286
PNS,SFO,9.0,3323.5,8,369.27777777777777
PNS,SGF,10.0,2600.89,10,260.089
PNS,SHV,2.0,454.5,2,227.25
PNS,SJT,6.0,1882.0,5,313.6666666666667
PNS,SJU,41.0,13755.53,35,335.5007317073171
PNS,SLC,7.0,2679.1,7,382.7285714285714
PNS,SMF,6.0,2564.5,6,427.4166666666667
PNS,STS,3.0,867.5,3,289.1666666666667
PNS,STT,27.0,11208.55,26,415.13148148148144
PNS,STX,10.0,2870.0,10,287.0
PNS,SYR,2.0,515.84,2,257.92
PNS,TPA,21.0,5760.14,16,274.292380952381
PNS,TUL,2.0,449.0,2,224.5
PNS,TUS,4.0,1290.0,4,322.5
PNS,TYR,2.0,659.5,2,329.75
PNS,XNA,10.0,2655.1,10,265.51
PNS,YUM,1.0,4.43,1,4.43
PSC,ABI,1.0,794.0,1,794.0
PSC,CID,1.0,618.0,1,618.0
PSC,MHK,1.0,513.04,1,513.04
PSC,SBP,1.0,764.0,1,764.0
PSP,ABI,3.0,1697.0,3,565.6666666666666
PSP,AGS,3.0,1793.35,3,597.7833333333333
PSP,ALB,1.0,467.0,1,467.0
PSP,ATW,3.0,1233.3,2,411.09999999999997
PSP,AUS,266.0,93249.44,206,350.5618045112782
PSP,AVL,9.0,4761.77,8,529.0855555555556
PSP,AZO,2.0,10.6,2,5.3
PSP,BHM,3.0,927.03,3,309.01
PSP,BMI,5.0,2361.0,5,472.2
PSP,BNA,5.0,1116.3,5,223.26
PSP,BOS,7.0,2641.0,7,377.2857142857143
PSP,BTR,3.0,1900.5,3,633.5
PSP,BUF,4.0,867.1,4,216.775
PSP,CHA,8.0,2779.19,8,347.39875
PSP,CID,3.0,573.05,3,191.01666666666665
PSP,CMH,5.0,1408.33,5,281.666
PSP,CMI,5.0,1444.45,5,288.89
PSP,COU,17.0,5797.01,16,341.0005882352941
PSP,CRP,4.0,2482.0,4,620.5
PSP,CVG,7.0,2112.62,7,301.80285714285714
PSP,CWA,3.0,1621.0,3,540.3333333333334
PSP,DAY,3.0,830.41,3,276.80333333333334
PSP,DFW,2.0,1628.56,2,814.28
PSP,DSM,1.0,305.63,1,305.63
PSP,DTW,1.0,160.41,1,160.41
PSP,ECP,2.0,417.0,2,208.5
PSP,EVV,6.0,2107.95,6,351.325
PSP,FAR,5.0,1535.81,4,307.162
PSP,FLL,2.0,10.34,2,5.17
PSP,FNT,1.0,216.0,1,216.0
PSP,FSM,2.0,1102.0,2,551.0
PSP,GJT,6.0,1215.0,5,202.5
PSP,GNV,2.0,267.0,2,133.5
PSP,GPT,5.0,2186.0,5,437.2
PSP,GRB,2.0,937.5,2,468.75
PSP,GRK,1.0,290.5,1,290.5
PSP,GRR,8.0,2299.57,8,287.44625
PSP,GSO,6.0,1812.93,6,302.15500000000003
PSP,HPN,4.0,1566.5,4,391.625
PSP,HSV,3.0,938.0,3,312.6666666666667
PSP,ICT,3.0,873.58,3,291.1933333333333
PSP,IND,6.0,1438.65,6,239.775
PSP,JAN,2.0,517.5,2,258.75
PSP,JAX,1.0,747.0,1,747.0
PSP,LAN,2.0,1591.0,2,795.5
PSP,LAW,1.0,219.0,1,219.0
PSP,LBB,2.0,506.5,2,253.25
PSP,LCH,1.0,288.5,1,288.5
PSP,LEX,17.0,6691.14,17,393.5964705882353
PSP,LFT,3.0,1054.28,3,351.4266666666667
PSP,LIT,10.0,4488.36,10,448.83599999999996
PSP,LSE,2.0,439.5,2,219.75
PSP,MAF,8.0,3176.44,8,397.055
PSP,MCO,8.0,1363.49,8,170.43625
PSP,MEM,4.0,1058.17,4,264.5425
PSP,MHK,10.0,3709.0,8,370.9
PSP,MIA,53.0,23607.9,46,445.4320754716981
PSP,MKE,3.0,540.49,3,180.16333333333333
PSP,MLI,5.0,1366.6399999999999,5,273.328
PSP,MOB,2.0,496.5,2,248.25
PSP,MQT,3.0,927.3199999999999,3,309.1066666666666
PSP,MSN,8.0,2344.87,8,293.10875
PSP,MSY,18.0,3578.23,16,198.79055555555556
PSP,OKC,4.0,993.5,4,248.375
PSP,PBI,1.0,558.0,1,558.0
PSP,PHX,5.0,404.97,4,80.994
PSP,PIA,8.0,2499.09,8,312.38625
PSP,PNS,1.0,298.0,1,298.0
PSP,RAP,1.0,5.5,1,5.5
PSP,RDU,44.0,14097.77,39,320.40386363636367
PSP,RIC,7.0,2647.17,7,378.1671428571429
PSP,ROC,5.0,1425.5,5,285.1
PSP,RST,1.0,5.57,1,5.57
PSP,SAF,4.0,468.5,4,117.125
PSP,SDF,2.0,169.0,2,84.5
PSP,SGF,26.0,10168.64,22,391.10153846153844
PSP,SHV,9.0,3508.35,9,389.81666666666666
PSP,SJT,1.0,259.0,1,259.0
PSP,SJU,1.0,477.98,1,477.98
PSP,STL,3.0,1038.0,3,346.0
PSP,SYR,2.0,522.26,2,261.13
PSP,TLH,1.0,424.0,1,424.0
PSP,TPA,14.0,2522.43,13,180.17357142857142
PSP,TUL,7.0,3969.55,7,567.0785714285714
PSP,TVC,5.0,2308.77,5,461.754
PSP,VPS,1.0,303.48,1,303.48
PSP,XNA,23.0,8420.869999999999,23,366.1247826086956
PVD,ABQ,1.0,165.5,1,165.5
PVD,ALO,2.0,648.0,2,324.0
PVD,ASE,5.0,2089.44,5,417.88800000000003
PVD,ATW,4.0,1416.0,4,354.0
PVD,AUS,6.0,1499.6100000000001,6,249.93500000000003
PVD,AVL,1.0,190.48,1,190.48
PVD,AZO,1.0,115.0,1,115.0
PVD,BMI,1.0,5.0,1,5.0
PVD,BNA,3.0,661.67,3,220.55666666666664
PVD,BRO,1.0,444.81,1,444.81
PVD,BUR,1.0,412.73,1,412.73
PVD,CID,5.0,3026.88,5,605.376
PVD,CLE,1.0,3.74,1,3.74
PVD,CMH,7.0,1855.27,7,265.0385714285714
PVD,CMI,2.0,1506.5,2,753.25
PVD,COU,2.0,412.0,2,206.0
PVD,CRP,3.0,1679.79,3,559.93
PVD,CVG,3.0,729.71,3,243.23666666666668
PVD,CWA,1.0,406.5,1,406.5
PVD,DAY,1.0,207.0,1,207.0
PVD,DEN,5.0,1166.5,5,233.3
PVD,DFW,11.0,3624.22,11,329.4745454545454
PVD,DSM,3.0,929.87,3,309.95666666666665
PVD,EGE,5.0,1596.0,5,319.2
PVD,ELP,5.0,1027.76,5,205.552
PVD,EYW,1.0,108.0,1,108.0
PVD,FAR,1.0,243.0,1,243.0
PVD,FAT,1.0,397.78,1,397.78
PVD,FNT,2.0,591.5,2,295.75
PVD,FSD,2.0,314.5,2,157.25
PVD,FSM,1.0,81.0,1,81.0
PVD,GRB,2.0,887.0,2,443.5
PVD,GSO,1.0,420.96,1,420.96
PVD,GSP,1.0,301.5,1,301.5
PVD,HHH,3.0,381.0,3,127.0
PVD,HNL,1.0,597.0,1,597.0
PVD,HRL,1.0,416.1,1,416.1
PVD,HSV,2.0,398.13,2,199.065
PVD,IAH,9.0,3281.87,9,364.65222222222224
PVD,ICT,3.0,1182.3,3,394.09999999999997
PVD,JAC,1.0,796.93,1,796.93
PVD,LAS,33.0,11093.65,33,336.17121212121214
PVD,LAW,1.0,148.0,1,148.0
PVD,LAX,12.0,3603.67,12,300.30583333333334
PVD,LBB,1.0,601.33,1,601.33
PVD,LEX,1.0,784.0,1,784.0
PVD,LIT,4.0,783.46,4,195.865
PVD,LSE,2.0,793.0,2,396.5
PVD,MCI,6.0,1211.35,6,201.89166666666665
PVD,MHK,1.0,302.0,1,302.0
PVD,MIA,6.0,954.73,6,159.12166666666667
PVD,MKE,3.0,1082.32,3,360.7733333333333
PVD,MSN,2.0,667.0,2,333.5
PVD,MSP,11.0,2777.09,10,252.46272727272728
PVD,MSY,3.0,938.73,3,312.91
PVD,OGG,1.0,225.0,1,225.0
PVD,OKC,1.0,390.74,1,390.74
PVD,OMA,3.0,1007.62,3,335.87333333333333
PVD,ORD,236.0,50595.31,161,214.38690677966102
PVD,PBI,1.0,568.0,1,568.0
PVD,PHX,27.0,8133.45,27,301.2388888888889
PVD,PIA,2.0,418.9,2,209.45
PVD,PSP,3.0,739.0,3,246.33333333333334
PVD,RST,3.0,884.53,3,294.8433333333333
PVD,SAN,27.0,7316.39,25,270.97740740740744
PVD,SAT,7.0,1362.51,7,194.6442857142857
PVD,SBA,1.0,1181.0,1,1181.0
PVD,SDF,1.0,233.93,1,233.93
PVD,SEA,1.0,128.0,1,128.0
PVD,SFO,11.0,3549.2,11,322.6545454545454
PVD,SGF,10.0,4002.17,10,400.217
PVD,SLC,4.0,1074.03,4,268.5075
PVD,SMF,12.0,3589.46,11,299.12166666666667
PVD,SNA,12.0,2597.02,12,216.41833333333332
PVD,SRQ,1.0,799.9,1,799.9
PVD,STL,3.0,566.6700000000001,3,188.89000000000001
PVD,STS,1.0,1333.0,1,1333.0
PVD,TLH,5.0,1392.5,5,278.5
PVD,TUS,24.0,8807.91,22,366.99625
PVD,XNA,7.0,1889.86,7,269.97999999999996
PWM,AGS,1.0,213.16,1,213.16
PWM,ATL,1.0,258.0,1,258.0
PWM,ATW,2.0,490.17,2,245.085
PWM,BNA,11.0,2278.01,10,207.0918181818182
PWM,CMH,2.0,552.5,2,276.25
PWM,CVG,2.0,719.41,2,359.705
PWM,DCA,1.0,145.22,1,145.22
PWM,DSM,1.0,319.0,1,319.0
PWM,HHH,2.0,516.5,2,258.25
PWM,HSV,2.0,379.0,2,189.5
PWM,LIT,1.0,215.5,1,215.5
PWM,LSE,2.0,903.94,2,451.97
PWM,ORD,1.0,194.14,1,194.14
PWM,SFO,1.0,290.95,1,290.95
PWM,XNA,4.0,1465.5900000000001,4,366.39750000000004
RAP,ABI,6.0,2373.5,6,395.5833333333333
RAP,ABQ,2.0,832.5,2,416.25
RAP,ACT,1.0,272.0,1,272.0
RAP,AEX,4.0,1932.5,4,483.125
RAP,AGS,3.0,1003.0,3,334.3333333333333
RAP,ALB,2.0,1302.19,2,651.095
RAP,AMA,2.0,352.5,2,176.25
RAP,ATL,8.0,2945.5,8,368.1875
RAP,AUS,8.0,2131.0,8,266.375
RAP,AVL,1.0,484.0,1,484.0
RAP,BFL,1.0,782.0,1,782.0
RAP,BHM,5.0,1731.0,5,346.2
RAP,BMI,1.0,380.0,1,380.0
RAP,BNA,8.0,3067.5,8,383.4375
RAP,BPT,2.0,851.0,1,425.5
RAP,BRO,2.0,615.0,2,307.5
RAP,BTR,1.0,854.5,1,854.5
RAP,BUF,4.0,1211.0,4,302.75
RAP,BWI,3.0,763.0,3,254.33333333333334
RAP,CAE,2.0,254.0,2,127.0
RAP,CHA,3.0,1008.23,3,336.07666666666665
RAP,CHS,4.0,1654.0,4,413.5
RAP,CLE,2.0,703.0,2,351.5
RAP,CLL,2.0,546.5,2,273.25
RAP,CLT,9.0,4404.65,9,489.4055555555555
RAP,CMH,1.0,450.0,1,450.0
RAP,CMI,1.0,312.0,1,312.0
RAP,COU,1.0,487.53,1,487.53
RAP,CRP,9.0,3432.5,9,381.3888888888889
RAP,CSG,1.0,468.0,1,468.0
RAP,CVG,3.0,1156.0,3,385.3333333333333
RAP,DAB,6.0,2730.5,6,455.0833333333333
RAP,DAY,2.0,672.0,2,336.0
RAP,DCA,3.0,1020.0,3,340.0
RAP,DFW,203.0,60614.2,141,298.592118226601
RAP,DRT,3.0,1242.0,3,414.0
RAP,DTW,2.0,1209.0,2,604.5
RAP,ECP,9.0,2640.0,9,293.3333333333333
RAP,ELP,6.0,2443.0,4,407.1666666666667
RAP,EVV,3.0,1113.5,3,371.1666666666667
RAP,EWN,1.0,496.0,1,496.0
RAP,EWR,2.0,566.5,2,283.25
RAP,EYW,9.0,3264.0,9,362.6666666666667
RAP,FAT,1.0,276.5,1,276.5
RAP,FAY,1.0,817.0,1,817.0
RAP,FLL,10.0,4075.5699999999997,10,407.55699999999996
RAP,FSM,1.0,546.0,1,546.0
RAP,FWA,1.0,380.0,1,380.0
RAP,GGG,3.0,407.5,3,135.83333333333334
RAP,GNV,1.0,405.4,1,405.4
RAP,GPT,6.0,2537.95,6,422.9916666666666
RAP,GRK,3.0,1478.5,3,492.8333333333333
RAP,GRR,2.0,1264.5,2,632.25
RAP,GSO,5.0,2078.3,5,415.66
RAP,GSP,2.0,793.0,2,396.5
RAP,HNL,3.0,1406.5,3,468.8333333333333
RAP,HOU,6.0,2249.55,6,374.925
RAP,HRL,1.0,394.0,1,394.0
RAP,HSV,3.0,1042.0,3,347.3333333333333
RAP,IAD,3.0,975.0,3,325.0
RAP,IAH,4.0,1684.8600000000001,4,421.21500000000003
RAP,ICT,1.0,407.0,1,407.0
RAP,ILM,6.0,2313.5,6,385.5833333333333
RAP,IND,3.0,1283.0,3,427.6666666666667
RAP,ITO,1.0,582.5,1,582.5
RAP,JAN,7.0,2839.0,7,405.57142857142856
RAP,JAX,18.0,7262.5,18,403.47222222222223
RAP,JFK,2.0,631.5,2,315.75
RAP,LAN,1.0,565.5,1,565.5
RAP,LAS,5.0,2058.5,5,411.7
RAP,LAX,2.0,685.8199999999999,2,342.90999999999997
RAP,LBB,1.0,412.5,1,412.5
RAP,LFT,5.0,1883.0,5,376.6
RAP,LGA,5.0,1953.25,5,390.65
RAP,LIH,2.0,848.8599999999999,2,424.42999999999995
RAP,LIT,5.0,2123.0,5,424.6
RAP,MAF,5.0,1981.0,5,396.2
RAP,MCI,1.0,385.0,1,385.0
RAP,MCO,47.0,15286.0,40,325.2340425531915
RAP,MDT,4.0,1369.59,4,342.3975
RAP,MEM,2.0,805.0,2,402.5
RAP,MFE,4.0,1651.0,4,412.75
RAP,MGM,3.0,1329.5,3,443.1666666666667
RAP,MIA,24.0,10913.539999999999,22,454.7308333333333
RAP,MLB,2.0,1146.63,2,573.315
RAP,MOB,1.0,316.0,1,316.0
RAP,MSY,11.0,3568.0,11,324.3636363636364
RAP,MYR,4.0,1428.57,4,357.1425
RAP,OGG,5.0,2221.0,4,444.2
RAP,OKC,9.0,4725.5,8,525.0555555555555
RAP,ONT,2.0,920.0,2,460.0
RAP,ORF,14.0,4217.5,5,301.25
RAP,PBI,6.0,1790.0,6,298.3333333333333
RAP,PHL,7.0,4457.66,7,636.8085714285714
RAP,PHX,10.0,3293.0,8,329.3
RAP,PIA,2.0,650.0,2,325.0
RAP,PIT,2.0,1005.0,2,502.5
RAP,PNS,10.0,3722.5,10,372.25
RAP,PSP,1.0,5.5,1,5.5
RAP,RDU,3.0,711.0,3,237.0
RAP,RIC,4.0,1639.0,4,409.75
RAP,ROC,2.0,1246.93,2,623.465
RAP,ROW,2.0,784.0,2,392.0
RAP,RSW,15.0,6647.5,14,443.1666666666667
RAP,SAN,7.0,3212.83,7,458.9757142857143
RAP,SAT,7.0,2925.0,7,417.85714285714283
RAP,SAV,13.0,4653.5,12,357.96153846153845
RAP,SBA,2.0,734.0,2,367.0
RAP,SBN,1.0,337.0,1,337.0
RAP,SDF,3.0,1237.5,3,412.5
RAP,SFO,2.0,855.0,2,427.5
RAP,SGF,7.0,1983.5,7,283.35714285714283
RAP,SHV,4.0,1896.87,4,474.2175
RAP,SJT,2.0,663.5,2,331.75
RAP,SJU,3.0,1448.8,3,482.93333333333334
RAP,SNA,2.0,401.5,2,200.75
RAP,SPI,1.0,390.0,1,390.0
RAP,SRQ,7.0,2143.0,7,306.14285714285717
RAP,STT,3.0,1336.0,3,445.3333333333333
RAP,STX,1.0,570.0,1,570.0
RAP,SYR,3.0,1403.5,3,467.8333333333333
RAP,TLH,3.0,1052.0,3,350.6666666666667
RAP,TPA,17.0,7414.12,17,436.12470588235294
RAP,TRI,5.0,1585.5,4,317.1
RAP,TUL,4.0,1629.0,4,407.25
RAP,TUS,6.0,1991.0,6,331.8333333333333
RAP,TYR,3.0,1650.5,3,550.1666666666666
RAP,TYS,3.0,977.0,3,325.6666666666667
RAP,VPS,6.0,2008.63,6,334.7716666666667
RAP,XNA,5.0,1709.0,5,341.8
RAP,YUM,2.0,758.0,1,379.0
RDM,GJT,1.0,575.0,1,575.0
RDM,JAN,1.0,393.0,1,393.0
RDM,PHX,1.0,142.84,1,142.84
RDM,SAF,1.0,410.0,1,410.0
RDM,SAT,1.0,409.07,1,409.07
RDU,ABI,3.0,1364.5,2,454.8333333333333
RDU,ALO,1.0,294.0,1,294.0
RDU,ATW,6.0,1821.38,6,303.56333333333333
RDU,AUS,764.0,161140.02,392,210.9162565445026
RDU,AZO,3.0,785.9,3,261.96666666666664
RDU,BFL,1.0,390.34,1,390.34
RDU,BHM,8.0,2171.5,8,271.4375
RDU,BIL,2.0,497.0,1,248.5
RDU,BMI,2.0,667.0,2,333.5
RDU,BOS,1.0,5.0,1,5.0
RDU,BTR,2.0,315.45,2,157.725
RDU,BUR,1.0,307.0,1,307.0
RDU,BZN,4.0,1305.24,4,326.31
RDU,CID,9.0,3086.46,8,342.94
RDU,CLE,2.0,273.97,2,136.985
RDU,CMH,5.0,943.01,5,188.602
RDU,CMI,8.0,2115.41,8,264.42625
RDU,COU,5.0,1398.85,5,279.77
RDU,CRP,4.0,1364.0,4,341.0
RDU,CVG,63.0,12347.95,56,195.99920634920636
RDU,CWA,2.0,693.5,2,346.75
RDU,DAY,2.0,596.61,2,298.305
RDU,DEN,10.0,1316.19,8,131.619
RDU,DFW,9.0,2309.11,9,256.5677777777778
RDU,DRO,3.0,1781.05,3,593.6833333333333
RDU,DSM,1.0,251.5,1,251.5
RDU,ELP,20.0,5474.5,18,273.725
RDU,EYW,3.0,882.56,3,294.18666666666667
RDU,FAR,3.0,692.81,3,230.93666666666664
RDU,FLL,1.0,307.39,1,307.39
RDU,FNT,3.0,677.5,3,225.83333333333334
RDU,FSD,2.0,389.43,2,194.715
RDU,FSM,4.0,1689.0,4,422.25
RDU,GRB,1.0,344.0,1,344.0
RDU,GRK,13.0,3650.88,13,280.8369230769231
RDU,GRR,8.0,2265.8,8,283.225
RDU,GSP,1.0,220.5,1,220.5
RDU,HHH,1.0,231.5,1,231.5
RDU,HNL,1.0,5.0,1,5.0
RDU,HOU,4.0,1308.91,4,327.2275
RDU,HRL,3.0,799.0,3,266.3333333333333
RDU,IAH,2.0,430.0,2,215.0
RDU,ICT,3.0,431.33,3,143.77666666666667
RDU,IND,7.0,1633.44,7,233.34857142857143
RDU,JAC,1.0,513.0,1,513.0
RDU,LAS,8.0,3201.43,7,400.17875
RDU,LAW,3.0,944.4100000000001,3,314.80333333333334
RDU,LAX,23.0,6749.38,19,293.45130434782607
RDU,LBB,4.0,1578.0,4,394.5
RDU,LCH,1.0,180.5,1,180.5
RDU,LEX,1.0,258.0,1,258.0
RDU,LFT,4.0,695.98,3,173.995
RDU,LIT,1.0,322.43,1,322.43
RDU,LSE,3.0,739.15,3,246.38333333333333
RDU,MAF,3.0,923.0,3,307.6666666666667
RDU,MCI,13.0,1971.09,13,151.6223076923077
RDU,MEM,6.0,2012.93,6,335.48833333333334
RDU,MHK,12.0,3194.34,12,266.195
RDU,MIA,384.0,86683.1,275,225.73723958333335
RDU,MKE,2.0,436.18,2,218.09
RDU,MLI,3.0,971.6099999999999,3,323.86999999999995
RDU,MQT,1.0,222.0,1,222.0
RDU,MRY,1.0,331.5,1,331.5
RDU,MSN,3.0,1061.43,3,353.81
RDU,MSP,1.0,579.0,1,579.0
RDU,MSY,4.0,1017.5,3,254.375
RDU,OGG,1.0,289.93,1,289.93
RDU,OKC,1.0,292.33,1,292.33
RDU,ORD,297.0,69794.17,206,234.99720538720538
RDU,PBI,1.0,247.44,1,247.44
RDU,PHX,13.0,3303.77,12,254.13615384615383
RDU,PIA,7.0,2163.77,7,309.11
RDU,PSP,38.0,11969.23,35,314.97973684210524
RDU,RNO,18.0,4971.43,15,276.1905555555556
RDU,RST,2.0,715.0,2,357.5
RDU,RSW,1.0,200.5,1,200.5
RDU,SAN,8.0,775.9300000000001,8,96.99125000000001
RDU,SBP,3.0,1087.21,3,362.40333333333336
RDU,SDF,1.0,155.78,1,155.78
RDU,SFO,2.0,832.83,2,416.415
RDU,SGF,22.0,7913.6900000000005,21,359.71318181818185
RDU,SHV,2.0,796.5,2,398.25
RDU,SJU,6.0,2761.0,5,460.1666666666667
RDU,SLC,2.0,924.46,1,462.23
RDU,SNA,3.0,428.81,3,142.93666666666667
RDU,STL,5.0,1512.64,4,302.528
RDU,STS,1.0,374.39,1,374.39
RDU,STT,3.0,1274.1100000000001,3,424.7033333333334
RDU,STX,1.0,136.0,1,136.0
RDU,TLH,4.0,1350.0,1,337.5
RDU,TPA,12.0,2293.72,9,191.14333333333332
RDU,TUS,1.0,5.0,1,5.0
RDU,TVC,1.0,558.0,1,558.0
RDU,XNA,19.0,6677.84,19,351.46526315789475
RIC,ABI,2.0,875.36,1,437.68
RIC,ABQ,4.0,968.88,4,242.22
RIC,ALO,1.0,587.95,1,587.95
RIC,AMA,1.0,409.5,1,409.5
RIC,ANC,2.0,623.54,2,311.77
RIC,ASE,1.0,367.0,1,367.0
RIC,ATW,3.0,1027.19,3,342.3966666666667
RIC,AUS,7.0,1767.7800000000002,7,252.54000000000002
RIC,BHM,4.0,1187.5,4,296.875
RIC,BIL,2.0,435.31,2,217.655
RIC,BIS,1.0,5.5,1,5.5
RIC,BUF,1.0,422.0,1,422.0
RIC,BZN,3.0,336.71,3,112.23666666666666
RIC,CID,9.0,2923.95,9,324.8833333333333
RIC,CLE,1.0,235.0,1,235.0
RIC,CMH,2.0,388.5,2,194.25
RIC,CMI,1.0,924.0,1,924.0
RIC,COU,2.0,817.15,2,408.575
RIC,CRP,3.0,767.0,3,255.66666666666666
RIC,CWA,2.0,707.0,2,353.5
RIC,DEN,7.0,2260.23,7,322.89
RIC,DFW,4.0,1781.6100000000001,4,445.40250000000003
RIC,DSM,3.0,488.36,3,162.78666666666666
RIC,DTW,1.0,330.6,1,330.6
RIC,EGE,1.0,5.14,1,5.14
RIC,ELP,3.0,864.58,3,288.1933333333333
RIC,EYW,1.0,291.67,1,291.67
RIC,FAR,3.0,1028.0,3,342.6666666666667
RIC,FSD,3.0,995.0,2,331.6666666666667
RIC,FSM,2.0,725.36,2,362.68
RIC,FWA,3.0,415.53999999999996,3,138.51333333333332
RIC,GJT,1.0,376.0,1,376.0
RIC,GRB,8.0,2524.0,8,315.5
RIC,GRK,2.0,1300.5,2,650.25
RIC,GRR,4.0,1121.78,4,280.445
RIC,HHH,1.0,353.0,1,353.0
RIC,HNL,1.0,561.92,1,561.92
RIC,HOU,1.0,307.0,1,307.0
RIC,HRL,1.0,545.0,1,545.0
RIC,IAH,2.0,673.52,2,336.76
RIC,ICT,5.0,1125.21,5,225.042
RIC,IND,2.0,605.31,2,302.655
RIC,JAC,7.0,1967.44,7,281.0628571428571
RIC,KOA,2.0,619.53,2,309.765
RIC,LAS,19.0,5607.07,19,295.108947368421
RIC,LAW,1.0,627.0,1,627.0
RIC,LAX,13.0,4491.06,13,345.4661538461539
RIC,LBB,1.0,355.72,1,355.72
RIC,LCH,2.0,439.39,2,219.695
RIC,LEX,1.0,255.5,1,255.5
RIC,LFT,1.0,231.19,1,231.19
RIC,LIH,1.0,632.0,1,632.0
RIC,LIT,1.0,237.23,1,237.23
RIC,LSE,5.0,2057.5699999999997,5,411.51399999999995
RIC,MAF,1.0,263.0,1,263.0
RIC,MCI,2.0,193.0,2,96.5
RIC,MEM,4.0,1899.99,4,474.9975
RIC,MHK,14.0,6264.16,11,447.44
RIC,MKE,4.0,976.44,4,244.11
RIC,MLI,3.0,1546.53,3,515.51
RIC,MOB,1.0,200.49,1,200.49
RIC,MQT,3.0,1127.0,3,375.6666666666667
RIC,MRY,1.0,207.93,1,207.93
RIC,MSN,2.0,392.5,2,196.25
RIC,MSO,1.0,5.5,1,5.5
RIC,MSP,7.0,2084.0,7,297.7142857142857
RIC,OKC,4.0,1554.3400000000001,3,388.58500000000004
RIC,OMA,2.0,449.64,2,224.82
RIC,ORD,262.0,55817.42,177,213.04358778625954
RIC,PHX,10.0,3807.65,9,380.765
RIC,PSP,8.0,4272.83,8,534.10375
RIC,RAP,3.0,963.0,3,321.0
RIC,RST,4.0,1056.9,4,264.225
RIC,SAN,20.0,9114.14,20,455.707
RIC,SAT,3.0,781.48,3,260.49333333333334
RIC,SEA,11.0,4284.99,11,389.5445454545454
RIC,SFO,6.0,1595.47,6,265.9116666666667
RIC,SGF,19.0,4918.26,18,258.85578947368424
RIC,SHV,1.0,196.53,1,196.53
RIC,SLC,21.0,6724.8,21,320.22857142857146
RIC,SNA,24.0,7666.83,23,319.45125
RIC,STL,5.0,1110.98,5,222.196
RIC,TLH,1.0,297.5,1,297.5
RIC,TUL,6.0,1451.43,6,241.905
RIC,TUS,5.0,1191.17,5,238.234
RIC,TVC,1.0,274.0,1,274.0
RIC,VPS,1.0,298.5,1,298.5
RIC,XNA,9.0,2683.31,9,298.1455555555556
RNO,ABI,7.0,2328.35,6,332.62142857142857
RNO,AGS,1.0,228.0,1,228.0
RNO,AUS,261.0,86162.77,178,330.1255555555556
RNO,AVL,6.0,2437.15,6,406.19166666666666
RNO,AVP,1.0,688.5,1,688.5
RNO,BMI,1.0,5.5,1,5.5
RNO,BNA,14.0,2747.63,13,196.2592857142857
RNO,BOS,3.0,1492.0,3,497.3333333333333
RNO,BRO,1.0,127.5,1,127.5
RNO,BTR,5.0,1425.5,5,285.1
RNO,CHA,10.0,4342.07,10,434.207
RNO,CLT,5.0,1830.0,5,366.0
RNO,CMH,1.0,519.45,1,519.45
RNO,CMI,3.0,1027.0,3,342.3333333333333
RNO,COU,3.0,1007.0,3,335.6666666666667
RNO,CRP,6.0,2189.57,6,364.92833333333334
RNO,CVG,9.0,3046.75,9,338.52777777777777
RNO,DAY,4.0,1965.5,4,491.375
RNO,DFW,2.0,2284.0,2,1142.0
RNO,DTW,1.0,527.23,1,527.23
RNO,ECP,1.0,438.5,1,438.5
RNO,ELP,1.0,161.89,1,161.89
RNO,EVV,5.0,2688.0,5,537.6
RNO,EWR,1.0,681.33,1,681.33
RNO,FAR,1.0,444.0,1,444.0
RNO,FAY,1.0,333.0,1,333.0
RNO,FSM,2.0,869.5,2,434.75
RNO,GJT,4.0,1071.06,4,267.765
RNO,GNV,1.0,427.5,1,427.5
RNO,GPT,2.0,641.0,2,320.5
RNO,GRB,1.0,376.0,1,376.0
RNO,HOU,1.0,279.0,1,279.0
RNO,HRL,2.0,805.5,2,402.75
RNO,HSV,1.0,5.5,1,5.5
RNO,IAH,1.0,5.46,1,5.46
RNO,ICT,2.0,606.5,2,303.25
RNO,LBB,1.0,227.0,1,227.0
RNO,LCH,1.0,279.0,1,279.0
RNO,LEX,7.0,2682.1,7,383.15714285714284
RNO,LFT,7.0,2083.0,7,297.57142857142856
RNO,LIT,5.0,2413.5,5,482.7
RNO,MAF,3.0,1618.15,3,539.3833333333333
RNO,MCO,11.0,2539.53,11,230.86636363636364
RNO,MEM,10.0,4493.12,10,449.312
RNO,MGM,3.0,1406.0,3,468.6666666666667
RNO,MHK,1.0,235.5,1,235.5
RNO,MIA,5.0,2060.99,5,412.198
RNO,MLI,2.0,627.0,2,313.5
RNO,MOB,4.0,1546.0,4,386.5
RNO,MQT,2.0,802.22,2,401.11
RNO,MSY,40.0,10843.08,32,271.077
RNO,MYR,1.0,747.0,1,747.0
RNO,OKC,5.0,861.61,5,172.322
RNO,ORD,2.0,10.0,1,5.0
RNO,ORF,2.0,1009.46,2,504.73
RNO,PBI,1.0,934.0,1,934.0
RNO,PHL,2.0,476.87,2,238.435
RNO,PHX,2.0,608.2,2,304.1
RNO,PIA,1.0,333.5,1,333.5
RNO,PNS,2.0,964.5,2,482.25
RNO,RDU,10.0,3181.5699999999997,9,318.157
RNO,ROC,1.0,447.73,1,447.73
RNO,SAF,2.0,478.0,2,239.0
RNO,SDF,3.0,1356.5,3,452.1666666666667
RNO,SGF,6.0,2691.99,6,448.66499999999996
RNO,SHV,2.0,384.5,2,192.25
RNO,SJT,1.0,593.5,1,593.5
RNO,STL,3.0,474.0,3,158.0
RNO,TLH,2.0,393.0,2,196.5
RNO,TPA,2.0,326.57,2,163.285
RNO,TRI,3.0,1672.5,3,557.5
RNO,TUL,8.0,1867.56,8,233.445
RNO,TUS,1.0,182.0,1,182.0
RNO,XNA,4.0,1232.0,4,308.0
RNO,YUM,1.0,220.5,1,220.5
ROA,ABI,2.0,1120.5,2,560.25
ROA,ATW,1.0,227.0,1,227.0
ROA,BHM,1.0,187.5,1,187.5
ROA,CID,1.0,372.0,1,372.0
ROA,DFW,1.0,705.18,1,705.18
ROA,GSP,1.0,5.5,1,5.5
ROA,HHH,3.0,1143.0,2,381.0
ROA,MAF,2.0,766.0,2,383.0
ROA,MEM,2.0,617.5,2,308.75
ROA,SGF,1.0,253.5,1,253.5
ROA,SNA,1.0,463.94,1,463.94
ROA,XNA,2.0,540.0,2,270.0
ROC,ABI,1.0,376.0,1,376.0
ROC,ABQ,4.0,1048.0,4,262.0
ROC,ANC,4.0,1591.88,4,397.97
ROC,AUS,13.0,4645.44,13,357.34153846153845
ROC,BNA,2.0,372.86,2,186.43
ROC,BOS,1.0,110.83,1,110.83
ROC,BUR,1.0,500.82,1,500.82
ROC,BZN,1.0,363.0,1,363.0
ROC,CID,2.0,617.0,2,308.5
ROC,CLT,3.0,479.64,3,159.88
ROC,CMI,1.0,446.61,1,446.61
ROC,COU,5.0,1391.5,5,278.3
ROC,CVG,3.0,643.85,3,214.61666666666667
ROC,CWA,1.0,338.0,1,338.0
ROC,DAY,2.0,542.23,2,271.115
ROC,DEN,15.0,3663.57,15,244.238
ROC,DFW,23.0,7082.11,19,307.9178260869565
ROC,DSM,1.0,212.0,1,212.0
ROC,DTW,1.0,265.8,1,265.8
ROC,EGE,1.0,238.1,1,238.1
ROC,ELP,7.0,2078.42,7,296.9171428571429
ROC,EYW,2.0,826.72,2,413.36
ROC,FAI,3.0,1454.0,3,484.6666666666667
ROC,FAR,2.0,721.0,2,360.5
ROC,FSD,1.0,563.0,1,563.0
ROC,FWA,1.0,178.23,1,178.23
ROC,GRB,1.0,310.0,1,310.0
ROC,GSP,1.0,303.63,1,303.63
ROC,HHH,1.0,241.5,1,241.5
ROC,HNL,4.0,2571.66,4,642.915
ROC,IAH,12.0,2945.05,11,245.42083333333335
ROC,ICT,1.0,333.0,1,333.0
ROC,IND,5.0,1062.76,5,212.552
ROC,JAC,4.0,941.0,4,235.25
ROC,KOA,1.0,448.0,1,448.0
ROC,LAS,40.0,10742.88,37,268.572
ROC,LAX,21.0,5110.22,19,243.34380952380954
ROC,LIT,3.0,1401.97,3,467.3233333333333
ROC,LSE,5.0,1743.8,5,348.76
ROC,MCI,3.0,729.0699999999999,3,243.0233333333333
ROC,MCO,1.0,352.0,1,352.0
ROC,MFE,1.0,366.0,1,366.0
ROC,MHK,1.0,179.89,1,179.89
ROC,MIA,36.0,10853.82,32,301.495
ROC,MKE,2.0,545.0,2,272.5
ROC,MLI,2.0,820.0,2,410.0
ROC,MQT,1.0,212.0,1,212.0
ROC,MSN,1.0,278.06,1,278.06
ROC,MSP,5.0,1680.32,5,336.06399999999996
ROC,MSY,2.0,603.0,2,301.5
ROC,OKC,3.0,927.5,3,309.1666666666667
ROC,OMA,3.0,919.5,3,306.5
ROC,ONT,1.0,163.0,1,163.0
ROC,ORD,103.0,20881.87,79,202.73660194174755
ROC,PDX,1.0,5.0,1,5.0
ROC,PHX,19.0,5943.81,19,312.8321052631579
ROC,PSP,9.0,2402.5,9,266.94444444444446
ROC,RAP,1.0,460.07,1,460.07
ROC,RDM,1.0,559.0,1,559.0
ROC,RNO,1.0,451.27,1,451.27
ROC,RST,7.0,1687.0,5,241.0
ROC,RSW,1.0,764.0,1,764.0
ROC,SAN,10.0,2237.93,9,223.79299999999998
ROC,SAT,5.0,832.5,5,166.5
ROC,SEA,12.0,3060.85,11,255.07083333333333
ROC,SFO,9.0,2126.81,9,236.3122222222222
ROC,SGF,4.0,817.97,4,204.4925
ROC,SJU,1.0,345.0,1,345.0
ROC,SLC,10.0,2614.5299999999997,10,261.453
ROC,SMF,3.0,1475.72,3,491.9066666666667
ROC,SNA,12.0,2908.0,11,242.33333333333334
ROC,STL,8.0,1568.72,8,196.09
ROC,STS,1.0,348.4,1,348.4
ROC,STT,1.0,575.84,1,575.84
ROC,TLH,1.0,314.31,1,314.31
ROC,TUL,7.0,2098.0,7,299.7142857142857
ROC,TUS,18.0,5727.0,15,318.1666666666667
ROC,XNA,3.0,1236.1100000000001,3,412.0366666666667
ROC,YUM,1.0,392.63,1,392.63
ROW,AGS,1.0,319.35,1,319.35
ROW,AVL,1.0,257.0,1,257.0
ROW,BTR,1.0,286.0,1,286.0
ROW,CRP,4.0,852.5,4,213.125
ROW,DAY,1.0,241.0,1,241.0
ROW,DFW,1.0,113.07,1,113.07
ROW,FAT,2.0,457.0,2,228.5
ROW,GNV,1.0,383.0,1,383.0
ROW,HOU,4.0,936.5,4,234.125
ROW,HRL,1.0,228.5,1,228.5
ROW,ICT,4.0,1039.0,4,259.75
ROW,IND,1.0,334.5,1,334.5
ROW,JAN,2.0,940.0,2,470.0
ROW,LCH,1.0,191.0,1,191.0
ROW,LEX,2.0,772.5,2,386.25
ROW,LFT,1.0,204.0,1,204.0
ROW,MGM,1.0,379.5,1,379.5
ROW,MOB,2.0,496.0,2,248.0
ROW,RAP,2.0,784.0,2,392.0
ROW,SDF,2.0,1059.52,2,529.76
ROW,SHV,1.0,787.0,1,787.0
ROW,STS,2.0,909.5,2,454.75
RST,ABI,1.0,524.0,1,524.0
RST,ABQ,4.0,1223.5,4,305.875
RST,AGS,1.0,621.0,1,621.0
RST,ALB,1.0,415.0,1,415.0
RST,ASE,1.0,423.5,1,423.5
RST,ATL,5.0,1208.5,4,241.7
RST,AUS,18.0,6337.42,18,352.0788888888889
RST,AVL,1.0,330.26,1,330.26
RST,AZO,1.0,138.5,1,138.5
RST,BDL,2.0,736.0,2,368.0
RST,BHM,5.0,1670.18,5,334.036
RST,BNA,15.0,5083.0,14,338.8666666666667
RST,BOS,9.0,3032.0,8,336.8888888888889
RST,BTR,2.0,533.0,2,266.5
RST,BTV,1.0,414.0,1,414.0
RST,BUF,8.0,2235.5,8,279.4375
RST,BWI,7.0,1868.5,7,266.92857142857144
RST,BZN,1.0,304.0,1,304.0
RST,CHO,1.0,142.0,1,142.0
RST,CHS,3.0,2461.49,3,820.4966666666666
RST,CLE,5.0,2005.5,5,401.1
RST,CLT,6.0,2048.59,6,341.4316666666667
RST,CMH,7.0,1575.5,7,225.07142857142858
RST,CMI,4.0,962.0,4,240.5
RST,COU,1.0,174.0,1,174.0
RST,CVG,7.0,2468.5,6,352.64285714285717
RST,DAB,1.0,815.0,1,815.0
RST,DAY,2.0,401.0,2,200.5
RST,DCA,18.0,4379.55,18,243.30833333333334
RST,DEN,4.0,993.0,4,248.25
RST,DFW,16.0,4715.28,15,294.705
RST,DTW,3.0,857.5,3,285.8333333333333
RST,ECP,1.0,152.0,1,152.0
RST,ELP,2.0,1055.0,2,527.5
RST,EVV,1.0,887.0,1,887.0
RST,EWR,3.0,1177.0,3,392.3333333333333
RST,EYW,2.0,905.79,2,452.895
RST,FLL,1.0,393.0,1,393.0
RST,FNT,3.0,631.5,3,210.5
RST,FWA,2.0,528.5,2,264.25
RST,GRR,5.0,1620.5,5,324.1
RST,GSO,5.0,1421.5,5,284.3
RST,GSP,5.0,1400.56,3,280.11199999999997
RST,HNL,2.0,698.3299999999999,2,349.16499999999996
RST,HOU,1.0,498.21,1,498.21
RST,HPN,6.0,1509.6,5,251.6
RST,HRL,1.0,388.0,1,388.0
RST,IAD,3.0,668.46,3,222.82000000000002
RST,IAH,1.0,296.5,1,296.5
RST,ICT,3.0,1064.0,3,354.6666666666667
RST,IDA,1.0,407.0,1,407.0
RST,ILM,1.0,850.0,1,850.0
RST,IND,5.0,1449.0,4,289.8
RST,JAX,11.0,2683.29,10,243.93545454545455
RST,JFK,2.0,1516.0,2,758.0
RST,KOA,1.0,380.0,1,380.0
RST,LAN,1.0,404.0,1,404.0
RST,LAS,7.0,1831.5,7,261.64285714285717
RST,LAX,5.0,1944.5,5,388.9
RST,LBB,1.0,406.0,1,406.0
RST,LEX,7.0,2149.0,6,307.0
RST,LFT,1.0,774.94,1,774.94
RST,LGA,10.0,2369.18,9,236.91799999999998
RST,LIT,15.0,4820.5,15,321.3666666666667
RST,LRD,1.0,463.0,1,463.0
RST,MCI,5.0,1841.5,5,368.3
RST,MCO,25.0,6948.12,24,277.9248
RST,MDT,2.0,718.5,2,359.25
RST,MEM,5.0,2845.0,5,569.0
RST,MHK,2.0,489.0,2,244.5
RST,MIA,15.0,4620.2,14,308.0133333333333
RST,MKE,1.0,289.0,1,289.0
RST,MSY,7.0,3124.35,7,446.3357142857143
RST,MTJ,1.0,385.0,1,385.0
RST,MYR,1.0,288.25,1,288.25
RST,OKC,7.0,2405.5,7,343.64285714285717
RST,ORD,119.0,30501.32,98,256.31361344537817
RST,ORF,6.0,1497.97,6,249.66166666666666
RST,PBI,8.0,1573.0,8,196.625
RST,PHL,2.0,1066.0,2,533.0
RST,PHX,9.0,2553.23,8,283.6922222222222
RST,PIA,2.0,544.0,2,272.0
RST,PIT,1.0,1036.0,1,1036.0
RST,PNS,2.0,322.83000000000004,2,161.41500000000002
RST,PSP,1.0,5.43,1,5.43
RST,PVD,6.0,1553.47,5,258.9116666666667
RST,RDU,3.0,1058.0,3,352.6666666666667
RST,RIC,7.0,1684.0,7,240.57142857142858
RST,ROC,4.0,1075.0,4,268.75
RST,RSW,6.0,2594.5,6,432.4166666666667
RST,SAN,5.0,1470.5,5,294.1
RST,SAT,9.0,3802.5,9,422.5
RST,SAV,2.0,193.0,2,96.5
RST,SDF,4.0,1352.5,4,338.125
RST,SEA,1.0,353.0,1,353.0
RST,SFO,3.0,509.23,3,169.74333333333334
RST,SGF,8.0,2801.0,8,350.125
RST,SHV,1.0,517.0,1,517.0
RST,SJU,4.0,1765.42,4,441.355
RST,SLC,1.0,1031.0,1,1031.0
RST,SMF,1.0,1904.0,1,1904.0
RST,SNA,3.0,3332.04,3,1110.68
RST,SRQ,4.0,808.5,4,202.125
RST,STL,8.0,2382.5,8,297.8125
RST,SYR,4.0,1879.5,4,469.875
RST,TPA,15.0,3525.17,15,235.01133333333334
RST,TUL,5.0,1948.0,5,389.6
RST,TUS,5.0,708.5,5,141.7
RST,TVC,6.0,2150.0,6,358.3333333333333
RST,TYS,7.0,2801.75,7,400.25
RST,VPS,2.0,261.0,2,130.5
RST,XNA,13.0,5652.0,13,434.7692307692308
RSW,ABI,7.0,2131.5,7,304.5
RSW,AGS,1.0,356.5,1,356.5
RSW,ALO,2.0,11.0,1,5.5
RSW,AMA,2.0,1209.0,2,604.5
RSW,ATW,11.0,4102.42,11,372.9472727272727
RSW,AUS,215.0,61737.41,128,287.15074418604655
RSW,AZO,4.0,915.23,4,228.8075
RSW,BDL,3.0,414.70000000000005,3,138.23333333333335
RSW,BIL,1.0,396.5,1,396.5
RSW,BIS,2.0,531.5,2,265.75
RSW,BMI,4.0,1320.43,4,330.1075
RSW,BNA,1.0,580.9,1,580.9
RSW,CID,14.0,4241.2,13,302.9428571428571
RSW,CMH,12.0,3895.31,12,324.6091666666667
RSW,CMI,15.0,4978.55,15,331.90333333333336
RSW,COU,19.0,5516.77,18,290.3563157894737
RSW,CRP,1.0,351.0,1,351.0
RSW,CWA,6.0,2749.6,6,458.26666666666665
RSW,DAY,1.0,313.74,1,313.74
RSW,DCA,1.0,107.87,1,107.87
RSW,DFW,6.0,3191.6400000000003,6,531.94
RSW,DRO,8.0,2865.69,8,358.21125
RSW,DSM,8.0,1893.3899999999999,8,236.67374999999998
RSW,ELP,1.0,191.89,1,191.89
RSW,EVV,7.0,792.27,6,113.18142857142857
RSW,FAR,23.0,7885.96,23,342.86782608695654
RSW,FNT,4.0,1553.49,4,388.3725
RSW,FSD,8.0,1543.95,7,192.99375
RSW,FSM,6.0,2130.0,6,355.0
RSW,FWA,1.0,292.55,1,292.55
RSW,GEG,1.0,320.02,1,320.02
RSW,GJT,11.0,3498.0,11,318.0
RSW,GRB,8.0,2478.0,8,309.75
RSW,GRR,11.0,3162.16,11,287.4690909090909
RSW,GSP,3.0,594.5,3,198.16666666666666
RSW,HHH,6.0,1364.5,5,227.41666666666666
RSW,HPN,1.0,4.15,1,4.15
RSW,HRL,4.0,989.5,4,247.375
RSW,ICT,14.0,4592.24,11,328.01714285714286
RSW,IND,4.0,656.6600000000001,4,164.16500000000002
RSW,LAN,5.0,788.0,5,157.6
RSW,LAS,29.0,7549.63,25,260.33206896551724
RSW,LAW,1.0,282.0,1,282.0
RSW,LAX,20.0,4616.32,16,230.81599999999997
RSW,LCH,1.0,219.0,1,219.0
RSW,LEX,3.0,844.22,3,281.4066666666667
RSW,LFT,2.0,738.0,2,369.0
RSW,LIT,9.0,2551.56,9,283.50666666666666
RSW,LSE,7.0,2105.98,7,300.8542857142857
RSW,MAF,1.0,268.0,1,268.0
RSW,MCI,2.0,649.9000000000001,2,324.95000000000005
RSW,MEM,1.0,1128.3,1,1128.3
RSW,MGM,1.0,405.78,1,405.78
RSW,MHK,7.0,2273.4700000000003,7,324.7814285714286
RSW,MKE,1.0,351.12,1,351.12
RSW,MLI,5.0,1686.49,5,337.298
RSW,MRY,4.0,1695.0,4,423.75
RSW,MSN,9.0,2313.91,7,257.1011111111111
RSW,MSO,2.0,552.38,2,276.19
RSW,OKC,1.0,269.39,1,269.39
RSW,OMA,3.0,589.36,3,196.45333333333335
RSW,ORD,1.0,333.18,1,333.18
RSW,PHL,1.0,177.14,1,177.14
RSW,PIA,19.0,5390.24,17,283.69684210526316
RSW,RAP,12.0,4758.5,11,396.5416666666667
RSW,RST,3.0,992.5,3,330.8333333333333
RSW,SAF,1.0,313.0,1,313.0
RSW,SAV,1.0,477.76,1,477.76
RSW,SBP,1.0,1034.72,1,1034.72
RSW,SDF,1.0,4.39,1,4.39
RSW,SGF,23.0,6387.7300000000005,21,277.72739130434786
RSW,SHV,3.0,1433.0,3,477.6666666666667
RSW,SMF,1.0,301.02,1,301.02
RSW,STL,2.0,319.78999999999996,2,159.89499999999998
RSW,SYR,8.0,1315.56,8,164.445
RSW,TUL,4.0,1383.93,4,345.9825
RSW,TUS,2.0,1410.86,2,705.43
RSW,TVC,14.0,4468.51,12,319.17928571428575
RSW,TYS,1.0,296.1,1,296.1
RSW,XNA,29.0,10213.5,29,352.1896551724138
SAF,ABI,1.0,242.0,1,242.0
SAF,ATL,3.0,1037.84,3,345.94666666666666
SAF,AUS,8.0,1861.52,8,232.69
SAF,AVL,1.0,5.83,1,5.83
SAF,BDL,2.0,899.0,2,449.5
SAF,BFL,5.0,1206.5,5,241.3
SAF,BMI,1.0,271.0,1,271.0
SAF,BOS,7.0,2605.67,6,372.23857142857145
SAF,BPT,1.0,323.0,1,323.0
SAF,BRO,2.0,496.0,2,248.0
SAF,BTR,5.0,2186.0,5,437.2
SAF,BUR,5.0,881.5699999999999,5,176.314
SAF,CAE,2.0,951.0,2,475.5
SAF,CHA,4.0,1124.5,4,281.125
SAF,CLE,1.0,294.0,1,294.0
SAF,CLT,3.0,1107.74,3,369.24666666666667
SAF,CMH,4.0,1494.5,4,373.625
SAF,CRP,3.0,1090.5,3,363.5
SAF,CVG,1.0,191.0,1,191.0
SAF,DAY,1.0,294.5,1,294.5
SAF,DCA,9.0,5073.5,9,563.7222222222222
SAF,DFW,67.0,18064.13,56,269.61388059701494
SAF,DTW,1.0,750.0,1,750.0
SAF,EWR,4.0,677.5,4,169.375
SAF,FAT,1.0,215.0,1,215.0
SAF,FLG,1.0,337.0,1,337.0
SAF,FLL,2.0,1260.5,2,630.25
SAF,FWA,1.0,731.56,1,731.56
SAF,GNV,2.0,1535.5,2,767.75
SAF,GPT,2.0,466.0,2,233.0
SAF,GRI,1.0,191.5,1,191.5
SAF,HNL,1.0,471.16,1,471.16
SAF,HOU,6.0,1885.5,6,314.25
SAF,IAD,1.0,395.0,1,395.0
SAF,IAH,2.0,399.0,2,199.5
SAF,ICT,1.0,296.0,1,296.0
SAF,JAN,1.0,155.0,1,155.0
SAF,JAX,2.0,273.5,2,136.75
SAF,JFK,2.0,665.0,2,332.5
SAF,LAS,8.0,1975.5,8,246.9375
SAF,LAX,5.0,774.1,5,154.82
SAF,LCH,2.0,574.5,2,287.25
SAF,LEX,4.0,1258.0,4,314.5
SAF,LFT,9.0,3448.0,8,383.1111111111111
SAF,LGA,8.0,1202.22,8,150.2775
SAF,LGB,1.0,187.5,1,187.5
SAF,LIT,1.0,415.0,1,415.0
SAF,MCI,4.0,1328.0,4,332.0
SAF,MCO,4.0,1168.0,3,292.0
SAF,MEM,1.0,259.0,1,259.0
SAF,MIA,1.0,607.0,1,607.0
SAF,MKE,2.0,738.5,2,369.25
SAF,MRY,2.0,481.5,2,240.75
SAF,MSY,3.0,786.5,3,262.1666666666667
SAF,OKC,1.0,115.0,1,115.0
SAF,ONT,3.0,684.0,3,228.0
SAF,ORD,6.0,2004.97,6,334.1616666666667
SAF,PBI,3.0,1004.0,3,334.6666666666667
SAF,PDX,2.0,480.0,2,240.0
SAF,PHL,6.0,2958.33,6,493.055
SAF,PHX,62.0,10745.29,60,173.31112903225807
SAF,PSP,6.0,1015.5,6,169.25
SAF,RDM,1.0,410.0,1,410.0
SAF,RDU,2.0,1318.0,2,659.0
SAF,RNO,2.0,478.0,2,239.0
SAF,RSW,2.0,524.0,2,262.0
SAF,SAN,6.0,1516.0,6,252.66666666666666
SAF,SAT,2.0,316.5,2,158.25
SAF,SBA,3.0,588.0,3,196.0
SAF,SBP,3.0,759.18,3,253.05999999999997
SAF,SEA,2.0,618.5,2,309.25
SAF,SFO,3.0,400.5,3,133.5
SAF,SGF,4.0,874.5,4,218.625
SAF,SHV,2.0,463.0,2,231.5
SAF,SJC,6.0,1399.0,5,233.16666666666666
SAF,SMF,4.0,1712.0,4,428.0
SAF,SNA,4.0,685.0,4,171.25
SAF,SRQ,4.0,1270.0,4,317.5
SAF,STL,2.0,458.5,2,229.25
SAF,STS,1.0,186.5,1,186.5
SAF,TPA,2.0,610.0,1,305.0
SAF,TUL,3.0,710.0,3,236.66666666666666
SAF,TUS,5.0,1005.0,5,201.0
SAF,TYR,1.0,262.0,1,262.0
SAF,TYS,2.0,860.0,2,430.0
SAF,VPS,2.0,694.5,2,347.25
SAF,XNA,3.0,757.5,3,252.5
SAN,ABI,7.0,2375.0,7,339.2857142857143
SAN,AGS,7.0,2388.1800000000003,7,341.16857142857145
SAN,ALB,2.0,725.69,2,362.845
SAN,ATW,9.0,3314.0699999999997,8,368.22999999999996
SAN,AUS,1.0,169.18,1,169.18
SAN,AVL,10.0,3902.73,10,390.273
SAN,AVP,1.0,435.68,1,435.68
SAN,AZO,3.0,598.0,3,199.33333333333334
SAN,BDL,3.0,984.18,3,328.06
SAN,BHM,15.0,4368.36,14,291.224
SAN,BIS,2.0,246.5,2,123.25
SAN,BMI,12.0,4909.89,12,409.1575
SAN,BNA,2.0,1294.9,2,647.45
SAN,BOS,3.0,2046.33,3,682.11
SAN,BRO,5.0,1417.0,5,283.4
SAN,BTR,9.0,3236.5,9,359.6111111111111
SAN,BUF,7.0,2391.1400000000003,7,341.5914285714286
SAN,BWI,3.0,888.63,3,296.21
SAN,CHA,15.0,5904.67,15,393.6446666666667
SAN,CID,11.0,3462.81,11,314.8009090909091
SAN,CLE,5.0,1699.09,5,339.818
SAN,CLT,1.0,500.24,1,500.24
SAN,CMH,12.0,4908.66,12,409.055
SAN,CMI,29.0,11033.52,29,380.46620689655174
SAN,COU,16.0,4841.2,16,302.575
SAN,CRP,6.0,1743.0,6,290.5
SAN,CVG,9.0,2736.75,9,304.0833333333333
SAN,CWA,4.0,1887.8600000000001,4,471.96500000000003
SAN,DAB,1.0,264.5,1,264.5
SAN,DAY,18.0,6447.09,18,358.1716666666667
SAN,DCA,1.0,938.61,1,938.61
SAN,DEN,1.0,643.49,1,643.49
SAN,DFW,1.0,601.42,1,601.42
SAN,EVV,23.0,9740.5,23,423.5
SAN,EWR,1.0,175.3,1,175.3
SAN,EYW,2.0,888.8499999999999,2,444.42499999999995
SAN,FAR,6.0,1209.5,6,201.58333333333334
SAN,FAY,2.0,846.27,2,423.135
SAN,FNT,3.0,465.08,3,155.02666666666667
SAN,FSD,1.0,364.0,1,364.0
SAN,FSM,4.0,1530.0,4,382.5
SAN,FWA,5.0,1605.1100000000001,5,321.02200000000005
SAN,GJT,10.0,2619.5,9,261.95
SAN,GNV,12.0,4013.0299999999997,12,334.4191666666666
SAN,GPT,18.0,7125.14,18,395.8411111111111
SAN,GRB,12.0,3643.5,12,303.625
SAN,GRK,9.0,2726.5,8,302.94444444444446
SAN,GRR,16.0,5389.34,15,336.83375
SAN,GSO,4.0,904.7,4,226.175
SAN,GSP,2.0,553.3,2,276.65
SAN,HHH,4.0,1161.0,4,290.25
SAN,HOU,3.0,1315.0,3,438.3333333333333
SAN,HRL,2.0,481.5,2,240.75
SAN,HSV,13.0,4541.09,13,349.3146153846154
SAN,ICT,7.0,2403.0,7,343.2857142857143
SAN,IND,10.0,3564.3199999999997,8,356.43199999999996
SAN,JAN,22.0,7742.11,22,351.9140909090909
SAN,JAX,2.0,825.13,2,412.565
SAN,LAN,6.0,1839.5,5,306.5833333333333
SAN,LAW,1.0,5.5,1,5.5
SAN,LBB,12.0,4023.88,12,335.3233333333333
SAN,LCH,4.0,1091.0,4,272.75
SAN,LEX,28.0,10419.65,28,372.1303571428571
SAN,LFT,10.0,4236.1900000000005,10,423.619
SAN,LIT,25.0,10915.0,24,436.6
SAN,LSE,6.0,2389.58,6,398.2633333333333
SAN,MAF,17.0,5102.22,16,300.1305882352941
SAN,MCI,2.0,382.4,2,191.2
SAN,MEM,3.0,942.46,3,314.15333333333336
SAN,MGM,8.0,2086.7200000000003,8,260.84000000000003
SAN,MHK,10.0,2710.32,10,271.03200000000004
SAN,MKE,4.0,896.74,4,224.185
SAN,MLI,15.0,6853.5,15,456.9
SAN,MOB,13.0,5392.93,13,414.84076923076924
SAN,MQT,7.0,3013.32,7,430.4742857142857
SAN,MSN,16.0,5337.02,15,333.56375
SAN,MYR,3.0,545.97,3,181.99
SAN,OKC,1.0,260.28,1,260.28
SAN,ORD,2.0,1040.5,2,520.25
SAN,ORF,2.0,499.85,2,249.925
SAN,PHX,4.0,344.40999999999997,2,86.10249999999999
SAN,PIA,14.0,3928.95,14,280.6392857142857
SAN,PNS,7.0,2744.27,7,392.0385714285714
SAN,PVD,13.0,3344.31,13,257.25461538461536
SAN,RAP,3.0,1495.0,3,498.3333333333333
SAN,RDU,5.0,292.07,5,58.414
SAN,RIC,15.0,5745.07,15,383.00466666666665
SAN,ROC,5.0,1659.07,5,331.81399999999996
SAN,RST,3.0,879.5,3,293.1666666666667
SAN,SAF,1.0,193.0,1,193.0
SAN,SDF,6.0,1802.3,6,300.3833333333333
SAN,SEA,1.0,127.46,1,127.46
SAN,SGF,47.0,16640.82,40,354.06
SAN,SHV,14.0,6398.39,14,457.02785714285716
SAN,SJT,8.0,4040.94,8,505.1175
SAN,STL,1.0,439.78,1,439.78
SAN,SYR,9.0,2407.05,9,267.45000000000005
SAN,TLH,12.0,3744.16,10,312.0133333333333
SAN,TRI,2.0,481.5,2,240.75
SAN,TUL,8.0,1909.5,8,238.6875
SAN,TUS,6.0,1054.5,6,175.75
SAN,TVC,6.0,2863.58,6,477.2633333333333
SAN,TYS,4.0,1714.03,4,428.5075
SAN,VPS,4.0,1193.0,4,298.25
SAN,XNA,50.0,16737.73,49,334.7546
SAT,ABE,3.0,722.47,3,240.82333333333335
SAT,ABI,3.0,736.5,3,245.5
SAT,AGS,9.0,2659.15,9,295.4611111111111
SAT,ALO,2.0,565.22,1,282.61
SAT,AMA,2.0,616.5,2,308.25
SAT,ATW,11.0,2660.26,10,241.8418181818182
SAT,AVL,2.0,662.42,2,331.21
SAT,AVP,2.0,266.27,2,133.135
SAT,AZO,1.0,169.06,1,169.06
SAT,BFL,3.0,745.0,3,248.33333333333334
SAT,BHM,1.0,327.99,1,327.99
SAT,BIL,4.0,1360.78,4,340.195
SAT,BIS,3.0,978.0,3,326.0
SAT,BMI,6.0,1799.65,6,299.94166666666666
SAT,BOS,1.0,131.0,1,131.0
SAT,BTR,8.0,2312.96,8,289.12
SAT,BUF,1.0,5.5,1,5.5
SAT,BWI,6.0,1418.74,6,236.45666666666668
SAT,CHA,9.0,2333.51,9,259.2788888888889
SAT,CHS,2.0,289.95,2,144.975
SAT,CID,12.0,3977.3199999999997,11,331.4433333333333
SAT,CLE,4.0,1157.19,4,289.2975
SAT,CMH,10.0,3135.99,10,313.599
SAT,CMI,14.0,5334.82,12,381.0585714285714
SAT,COS,3.0,837.5,3,279.1666666666667
SAT,COU,17.0,4493.73,16,264.3370588235294
SAT,CVG,5.0,920.12,4,184.024
SAT,CWA,2.0,558.0,2,279.0
SAT,DAY,20.0,6742.44,19,337.12199999999996
SAT,DCA,2.0,1481.08,2,740.54
SAT,DFW,6.0,986.4200000000001,6,164.40333333333334
SAT,DRO,9.0,3089.93,9,343.3255555555555
SAT,DSM,2.0,647.64,2,323.82
SAT,DTW,2.0,1016.71,2,508.355
SAT,ECP,1.0,6.84,1,6.84
SAT,EGE,1.0,297.42,1,297.42
SAT,ELP,1.0,395.5,1,395.5
SAT,EVV,18.0,6369.82,18,353.87888888888887
SAT,EYW,2.0,656.96,2,328.48
SAT,FAR,14.0,4839.12,13,345.65142857142854
SAT,FAT,3.0,1026.5,3,342.1666666666667
SAT,FAY,9.0,2139.31,9,237.70111111111112
SAT,FLL,2.0,1446.2599999999998,2,723.1299999999999
SAT,FNT,3.0,821.1600000000001,3,273.72
SAT,FSD,8.0,3166.88,8,395.86
SAT,FSM,8.0,2756.5,8,344.5625
SAT,GJT,10.0,2552.07,10,255.20700000000002
SAT,GPT,3.0,513.46,3,171.15333333333334
SAT,GRB,7.0,2175.32,7,310.76000000000005
SAT,GRR,16.0,4579.67,16,286.229375
SAT,GSO,4.0,336.86,2,84.215
SAT,GSP,2.0,494.32,2,247.16
SAT,HPN,4.0,671.25,3,167.8125
SAT,HSV,9.0,2997.81,9,333.09
SAT,ICT,19.0,6101.0,17,321.10526315789474
SAT,IND,13.0,3083.47,13,237.19
SAT,JAN,11.0,2368.0,10,215.27272727272728
SAT,JAX,1.0,205.53,1,205.53
SAT,LAN,6.0,1743.97,6,290.6616666666667
SAT,LAS,1.0,264.18,1,264.18
SAT,LBB,4.0,903.8199999999999,4,225.95499999999998
SAT,LEX,12.0,3566.33,12,297.19416666666666
SAT,LFT,3.0,806.0,3,268.6666666666667
SAT,LIT,5.0,1201.0,5,240.2
SAT,LSE,6.0,1941.31,6,323.5516666666667
SAT,MAF,1.0,233.0,1,233.0
SAT,MCI,4.0,976.5699999999999,4,244.14249999999998
SAT,MCO,1.0,682.97,1,682.97
SAT,MEM,3.0,647.37,3,215.79
SAT,MGM,14.0,4036.2,12,288.3
SAT,MHK,12.0,2330.76,10,194.23000000000002
SAT,MKE,2.0,715.26,2,357.63
SAT,MLI,13.0,4518.79,13,347.59923076923076
SAT,MOB,7.0,2328.04,7,332.57714285714286
SAT,MRY,3.0,1248.68,3,416.2266666666667
SAT,MSN,11.0,3103.28,11,282.11636363636364
SAT,MSP,1.0,540.48,1,540.48
SAT,MYR,3.0,724.56,3,241.51999999999998
SAT,OKC,1.0,105.6,1,105.6
SAT,ORD,1.0,277.53,1,277.53
SAT,PIA,21.0,7632.65,21,363.4595238095238
SAT,PNS,2.0,426.5,2,213.25
SAT,PVD,2.0,334.46,2,167.23
SAT,RAP,4.0,827.0,4,206.75
SAT,RIC,2.0,598.52,2,299.26
SAT,ROC,1.0,5.5,1,5.5
SAT,RST,2.0,650.5,2,325.25
SAT,SAF,1.0,160.5,1,160.5
SAT,SBP,2.0,778.0,2,389.0
SAT,SDF,7.0,2051.9,7,293.12857142857143
SAT,SGF,36.0,9655.35,33,268.20416666666665
SAT,SHV,9.0,2718.5,9,302.05555555555554
SAT,STS,5.0,1335.21,5,267.04200000000003
SAT,SYR,2.0,561.59,2,280.795
SAT,TLH,4.0,1200.59,4,300.1475
SAT,TRI,1.0,368.01,1,368.01
SAT,TUL,1.0,431.0,1,431.0
SAT,TUS,2.0,421.0,2,210.5
SAT,TVC,4.0,1788.04,4,447.01
SAT,TYS,1.0,217.87,1,217.87
SAT,VPS,4.0,1420.72,4,355.18
SAT,XNA,44.0,15409.66,43,350.2195454545454
SAT,YUM,7.0,2688.5,7,384.07142857142856
SAV,ABI,1.0,5.5,1,5.5
SAV,ALB,1.0,277.0,1,277.0
SAV,ALO,1.0,203.04,1,203.04
SAV,ATW,9.0,2495.94,7,277.32666666666665
SAV,AUS,12.0,3929.25,12,327.4375
SAV,BFL,1.0,269.0,1,269.0
SAV,BIL,1.0,351.0,1,351.0
SAV,BNA,1.0,231.0,1,231.0
SAV,BOS,3.0,679.98,3,226.66
SAV,BZN,1.0,351.0,1,351.0
SAV,CID,1.0,395.43,1,395.43
SAV,CLT,4.0,487.53000000000003,4,121.88250000000001
SAV,CMH,5.0,1487.1100000000001,5,297.422
SAV,CMI,3.0,487.86,2,162.62
SAV,CRP,2.0,836.0,2,418.0
SAV,DCA,2.0,1311.0,2,655.5
SAV,DEN,2.0,597.5,2,298.75
SAV,DFW,5.0,1069.48,5,213.89600000000002
SAV,DRO,1.0,342.0,1,342.0
SAV,DSM,1.0,277.0,1,277.0
SAV,DTW,1.0,268.0,1,268.0
SAV,EWR,1.0,452.56,1,452.56
SAV,EYW,5.0,966.4100000000001,5,193.282
SAV,FAR,15.0,5511.38,15,367.42533333333336
SAV,FSD,3.0,1270.3600000000001,3,423.4533333333334
SAV,GRK,2.0,397.5,2,198.75
SAV,HPN,2.0,265.0,2,132.5
SAV,HRL,1.0,407.0,1,407.0
SAV,IAH,8.0,1923.3400000000001,7,240.41750000000002
SAV,ICT,1.0,360.0,1,360.0
SAV,JAC,1.0,409.61,1,409.61
SAV,JFK,3.0,644.0,3,214.66666666666666
SAV,LAS,5.0,1271.91,5,254.382
SAV,LAX,5.0,1971.23,5,394.246
SAV,LCH,3.0,828.5,3,276.1666666666667
SAV,LFT,1.0,158.42,1,158.42
SAV,LGA,2.0,323.53,2,161.765
SAV,LIT,1.0,485.5,1,485.5
SAV,LSE,1.0,328.5,1,328.5
SAV,MAF,1.0,216.0,1,216.0
SAV,MCO,10.0,2300.62,10,230.06199999999998
SAV,MEM,1.0,487.0,1,487.0
SAV,MHK,6.0,1301.5,6,216.91666666666666
SAV,MHT,1.0,5.65,1,5.65
SAV,MIA,442.0,113559.5,241,256.92194570135746
SAV,MSO,2.0,709.5,2,354.75
SAV,MSP,1.0,144.0,1,144.0
SAV,MSY,6.0,1377.15,6,229.525
SAV,OMA,1.0,246.0,1,246.0
SAV,PBI,2.0,359.12,2,179.56
SAV,PHF,1.0,210.5,1,210.5
SAV,PHX,4.0,649.47,4,162.3675
SAV,PWM,1.0,133.0,1,133.0
SAV,RAP,9.0,2838.5,9,315.3888888888889
SAV,RDU,1.0,223.0,1,223.0
SAV,SAN,3.0,999.0,3,333.0
SAV,SAT,2.0,513.0,2,256.5
SAV,SDF,3.0,660.0,2,220.0
SAV,SEA,1.0,5.0,1,5.0
SAV,SFO,1.0,720.0,1,720.0
SAV,SGF,18.0,5160.56,18,286.6977777777778
SAV,SHV,3.0,989.4300000000001,3,329.81
SAV,SJT,2.0,1117.5,2,558.75
SAV,SJU,16.0,4725.91,15,295.369375
SAV,SLC,6.0,2126.46,6,354.41
SAV,STT,23.0,8293.46,22,360.5852173913043
SAV,STX,2.0,683.0,2,341.5
SAV,TPA,21.0,3271.81,16,155.8004761904762
SAV,TUL,1.0,358.0,1,358.0
SAV,TVC,1.0,232.0,1,232.0
SAV,XNA,14.0,4925.04,14,351.7885714285714
SBA,AGS,1.0,213.0,1,213.0
SBA,AUS,4.0,1004.31,4,251.0775
SBA,AVL,4.0,1315.96,4,328.99
SBA,BHM,1.0,263.0,1,263.0
SBA,BRO,1.0,363.0,1,363.0
SBA,BTR,1.0,429.5,1,429.5
SBA,CHA,2.0,527.5,2,263.75
SBA,COU,1.0,5.5,1,5.5
SBA,CWA,1.0,313.0,1,313.0
SBA,DAY,5.0,1790.1599999999999,4,358.032
SBA,DSM,1.0,226.5,1,226.5
SBA,EVV,1.0,1118.0,1,1118.0
SBA,FAR,3.0,754.39,3,251.46333333333334
SBA,FSD,1.0,223.0,1,223.0
SBA,FSM,1.0,422.45,1,422.45
SBA,GJT,1.0,261.0,1,261.0
SBA,GNV,1.0,500.5,1,500.5
SBA,GPT,1.0,340.5,1,340.5
SBA,GRK,1.0,370.39,1,370.39
SBA,HSV,2.0,786.22,2,393.11
SBA,IAH,1.0,281.69,1,281.69
SBA,ICT,1.0,207.0,1,207.0
SBA,LAS,1.0,5.0,1,5.0
SBA,LBB,2.0,468.24,1,234.12
SBA,LCH,1.0,413.9,1,413.9
SBA,LEX,1.0,248.0,1,248.0
SBA,LFT,5.0,2611.5,5,522.3
SBA,LIT,2.0,560.5,2,280.25
SBA,MAF,1.0,300.45,1,300.45
SBA,MHK,1.0,260.52,1,260.52
SBA,MLI,2.0,567.0,2,283.5
SBA,MOB,1.0,437.32,1,437.32
SBA,PHX,3.0,644.0,3,214.66666666666666
SBA,PIA,1.0,404.5,1,404.5
SBA,PNS,1.0,573.0,1,573.0
SBA,RAP,1.0,366.0,1,366.0
SBA,SAT,1.0,5.0,1,5.0
SBA,SDF,1.0,389.48,1,389.48
SBA,SGF,3.0,853.0,3,284.3333333333333
SBA,SHV,1.0,376.5,1,376.5
SBA,SJT,1.0,333.25,1,333.25
SBA,STT,1.0,531.0,1,531.0
SBA,TUL,1.0,546.0,1,546.0
SBA,TUS,6.0,1169.17,6,194.86166666666668
SBA,TYS,1.0,279.0,1,279.0
SBA,XNA,5.0,1122.03,5,224.406
SBN,ABI,1.0,299.0,1,299.0
SBN,AUS,1.0,522.0,1,522.0
SBN,BIL,1.0,382.5,1,382.5
SBN,CLT,3.0,297.21000000000004,3,99.07000000000001
SBN,CRP,1.0,237.0,1,237.0
SBN,FSM,1.0,785.5,1,785.5
SBN,GRK,1.0,432.0,1,432.0
SBN,GSP,1.0,233.5,1,233.5
SBN,HHH,2.0,393.5,2,196.75
SBN,MAF,1.0,427.0,1,427.0
SBN,XNA,1.0,390.5,1,390.5
SBP,ABI,1.0,269.0,1,269.0
SBP,ABQ,15.0,4434.5,14,295.6333333333333
SBP,AGS,1.0,460.86,1,460.86
SBP,AMA,1.0,299.0,1,299.0
SBP,ATL,9.0,3015.53,9,335.05888888888893
SBP,AUS,13.0,4695.08,12,361.15999999999997
SBP,AVL,3.0,1544.5,3,514.8333333333334
SBP,AVP,2.0,926.75,2,463.375
SBP,BHM,1.0,314.0,1,314.0
SBP,BMI,1.0,464.0,1,464.0
SBP,BNA,4.0,2107.04,4,526.76
SBP,BOI,12.0,3268.5,10,272.375
SBP,BOS,12.0,7034.76,10,586.23
SBP,CHA,1.0,266.29,1,266.29
SBP,CHO,1.0,521.0,1,521.0
SBP,CID,3.0,1146.0,3,382.0
SBP,CLE,1.0,640.06,1,640.06
SBP,CLL,1.0,235.99,1,235.99
SBP,CLT,5.0,2703.34,5,540.668
SBP,CMI,2.0,857.0,2,428.5
SBP,COU,6.0,1965.17,6,327.52833333333336
SBP,CVG,2.0,349.0,2,174.5
SBP,DAY,1.0,374.5,1,374.5
SBP,DCA,11.0,4931.03,10,448.2754545454545
SBP,DEN,19.0,4866.0,17,256.10526315789474
SBP,DFW,16.0,5359.33,16,334.958125
SBP,DRO,2.0,446.32,2,223.16
SBP,DSM,4.0,1732.75,4,433.1875
SBP,DTW,12.0,5007.2,11,417.26666666666665
SBP,ECP,1.0,225.0,1,225.0
SBP,ELP,8.0,2164.5,8,270.5625
SBP,ERI,1.0,277.0,1,277.0
SBP,EVV,1.0,429.0,1,429.0
SBP,EWR,9.0,3166.95,9,351.8833333333333
SBP,FAR,3.0,1070.99,3,356.99666666666667
SBP,FLG,3.0,1241.0,3,413.6666666666667
SBP,FSD,1.0,648.0,1,648.0
SBP,GEG,8.0,1542.34,8,192.7925
SBP,GJT,6.0,1536.0,6,256.0
SBP,GNV,1.0,255.5,1,255.5
SBP,GPT,1.0,379.0,1,379.0
SBP,GRK,1.0,216.5,1,216.5
SBP,GRR,5.0,1267.08,5,253.416
SBP,HNL,2.0,352.5,2,176.25
SBP,HSV,1.0,879.27,1,879.27
SBP,IAH,5.0,1857.87,5,371.57399999999996
SBP,ICT,3.0,1040.6399999999999,3,346.87999999999994
SBP,IND,4.0,1821.0,4,455.25
SBP,JAN,1.0,279.0,1,279.0
SBP,JAX,1.0,315.44,1,315.44
SBP,JFK,4.0,1577.67,4,394.4175
SBP,KOA,2.0,950.5,2,475.25
SBP,LAS,7.0,2037.5,7,291.07142857142856
SBP,LBB,1.0,520.36,1,520.36
SBP,LEX,6.0,1866.21,5,311.035
SBP,LFT,1.0,288.5,1,288.5
SBP,LGA,1.0,309.24,1,309.24
SBP,LIT,1.0,349.0,1,349.0
SBP,MCI,8.0,2560.08,8,320.01
SBP,MCO,10.0,6442.55,10,644.255
SBP,MDT,1.0,453.0,1,453.0
SBP,MEM,1.0,624.0,1,624.0
SBP,MGM,1.0,365.0,1,365.0
SBP,MHK,3.0,618.88,3,206.29333333333332
SBP,MIA,7.0,1985.0,7,283.57142857142856
SBP,MKE,4.0,787.77,4,196.9425
SBP,MLI,1.0,309.0,1,309.0
SBP,MSN,1.0,498.0,1,498.0
SBP,MSP,8.0,2792.68,7,349.085
SBP,MSY,1.0,364.2,1,364.2
SBP,MTJ,2.0,248.0,2,124.0
SBP,OGG,4.0,1756.0,4,439.0
SBP,OKC,2.0,1034.0,2,517.0
SBP,OMA,5.0,1233.02,5,246.60399999999998
SBP,ORD,19.0,6175.2,19,325.0105263157895
SBP,PDX,4.0,1110.0,4,277.5
SBP,PHL,13.0,5363.4,13,412.5692307692307
SBP,PHX,488.0,110009.07,300,225.42842213114756
SBP,PIT,1.0,308.5,1,308.5
SBP,PWM,2.0,1026.0,1,513.0
SBP,RDU,4.0,1082.79,4,270.6975
SBP,ROC,2.0,801.0,2,400.5
SBP,RSW,2.0,1764.28,2,882.14
SBP,SAF,5.0,1425.82,5,285.164
SBP,SAT,4.0,982.0,4,245.5
SBP,SDF,2.0,665.0,2,332.5
SBP,SEA,7.0,1972.0,6,281.7142857142857
SBP,SGF,2.0,787.5,2,393.75
SBP,SGU,2.0,584.0,2,292.0
SBP,SJU,2.0,16.5,2,8.25
SBP,SLC,41.0,12006.0,40,292.8292682926829
SBP,STL,6.0,1529.5,5,254.91666666666666
SBP,TLH,1.0,259.0,1,259.0
SBP,TPA,9.0,3350.8599999999997,9,372.31777777777774
SBP,TUL,1.0,947.91,1,947.91
SBP,TUS,26.0,5698.5,23,219.17307692307693
SBP,TVC,1.0,5.76,1,5.76
SBP,TYR,1.0,378.17,1,378.17
SBP,TYS,1.0,5.5,1,5.5
SBP,VPS,1.0,268.13,1,268.13
SBP,XNA,7.0,1562.56,7,223.22285714285712
SBP,YUM,3.0,242.5,3,80.83333333333333
SBY,XNA,4.0,1653.5,4,413.375
SCE,LAN,1.0,295.0,1,295.0
SDF,ABE,1.0,235.0,1,235.0
SDF,ABI,7.0,1770.5,7,252.92857142857142
SDF,ABQ,4.0,1346.0,4,336.5
SDF,AGS,2.0,392.5,2,196.25
SDF,ALO,2.0,501.5,2,250.75
SDF,AMA,3.0,1091.0,3,363.6666666666667
SDF,ANC,3.0,2394.0,3,798.0
SDF,AUS,16.0,5348.63,16,334.289375
SDF,BDL,3.0,806.67,3,268.89
SDF,BFL,1.0,379.0,1,379.0
SDF,BIL,1.0,490.5,1,490.5
SDF,BIS,1.0,198.5,1,198.5
SDF,BOI,3.0,2269.0,3,756.3333333333334
SDF,BOS,26.0,7845.96,25,301.7676923076923
SDF,BPT,3.0,1012.0,3,337.3333333333333
SDF,BTR,5.0,1485.83,5,297.166
SDF,BUF,2.0,346.14,2,173.07
SDF,BUR,6.0,2793.0,6,465.5
SDF,BWI,1.0,251.34,1,251.34
SDF,BZN,2.0,570.0,2,285.0
SDF,CHS,1.0,264.0,1,264.0
SDF,CID,4.0,1070.5,4,267.625
SDF,CLE,2.0,426.5,2,213.25
SDF,CLT,5.0,457.63,5,91.526
SDF,COS,1.0,372.0,1,372.0
SDF,CRP,9.0,2388.0,9,265.3333333333333
SDF,CWA,6.0,1432.0,6,238.66666666666666
SDF,DCA,21.0,4373.94,20,208.28285714285713
SDF,DEN,5.0,1531.0,5,306.2
SDF,DFW,366.0,88704.06,283,242.36081967213113
SDF,DRO,2.0,566.5,2,283.25
SDF,DRT,1.0,333.0,1,333.0
SDF,DSM,3.0,684.5,3,228.16666666666666
SDF,DTW,1.0,335.15,1,335.15
SDF,ELP,4.0,1671.5,4,417.875
SDF,EYW,1.0,473.24,1,473.24
SDF,FAI,5.0,2407.5,5,481.5
SDF,FAR,1.0,352.0,1,352.0
SDF,FAT,1.0,658.0,1,658.0
SDF,FLL,1.0,412.0,1,412.0
SDF,FNT,1.0,328.0,1,328.0
SDF,FSD,5.0,1653.15,5,330.63
SDF,FSM,1.0,218.5,1,218.5
SDF,GEG,3.0,1161.5,3,387.1666666666667
SDF,GJT,2.0,399.0,2,199.5
SDF,GNV,3.0,806.0,3,268.6666666666667
SDF,GPT,3.0,497.52,3,165.84
SDF,GRB,2.0,719.5,2,359.75
SDF,GRK,5.0,1846.5,5,369.3
SDF,HHH,3.0,698.5,3,232.83333333333334
SDF,HNL,7.0,3476.0,7,496.57142857142856
SDF,HOU,5.0,1302.0,5,260.4
SDF,HRL,3.0,991.0,3,330.3333333333333
SDF,IAD,1.0,184.15,1,184.15
SDF,IAH,7.0,2412.02,7,344.57428571428574
SDF,ICT,8.0,2105.54,8,263.1925
SDF,JAN,2.0,371.3,2,185.65
SDF,JAX,1.0,234.77,1,234.77
SDF,JFK,1.0,548.0,1,548.0
SDF,KOA,1.0,342.25,1,342.25
SDF,LAS,21.0,9799.14,21,466.62571428571425
SDF,LAW,1.0,235.0,1,235.0
SDF,LAX,21.0,8962.61,19,426.79095238095243
SDF,LBB,3.0,1257.5,3,419.1666666666667
SDF,LFT,6.0,2229.35,6,371.55833333333334
SDF,LIT,7.0,3288.0,7,469.7142857142857
SDF,LRD,1.0,212.0,1,212.0
SDF,LSE,6.0,2300.0,6,383.3333333333333
SDF,MAF,4.0,942.0,4,235.5
SDF,MCI,9.0,2595.91,9,288.4344444444444
SDF,MCO,7.0,1973.62,6,281.94571428571425
SDF,MFE,3.0,951.0,3,317.0
SDF,MHK,4.0,959.89,4,239.9725
SDF,MIA,170.0,50479.9,135,296.9405882352941
SDF,MKE,10.0,2966.09,10,296.60900000000004
SDF,MLI,1.0,212.0,1,212.0
SDF,MOB,2.0,240.98,2,120.49
SDF,MRY,2.0,733.0,2,366.5
SDF,MSN,6.0,1911.04,6,318.50666666666666
SDF,MSP,2.0,537.0,2,268.5
SDF,MSY,4.0,1995.1100000000001,3,498.77750000000003
SDF,OGG,3.0,1271.67,3,423.89000000000004
SDF,OKC,9.0,3057.24,9,339.6933333333333
SDF,OMA,4.0,863.12,4,215.78
SDF,ONT,3.0,1443.0,3,481.0
SDF,ORD,136.0,26069.49,111,191.68742647058824
SDF,ORF,3.0,648.46,3,216.15333333333334
SDF,PDX,7.0,3193.0,7,456.14285714285717
SDF,PHX,24.0,9132.2,22,380.5083333333334
SDF,PIT,1.0,191.26,1,191.26
SDF,PNS,1.0,304.0,1,304.0
SDF,PSP,2.0,169.0,2,84.5
SDF,PVD,1.0,171.07,1,171.07
SDF,RAP,2.0,857.5,2,428.75
SDF,RDU,4.0,563.22,3,140.805
SDF,RNO,4.0,1827.5,4,456.875
SDF,ROW,1.0,580.0,1,580.0
SDF,RST,4.0,1188.5,4,297.125
SDF,RSW,2.0,364.61,2,182.305
SDF,SAN,10.0,3759.7,10,375.96999999999997
SDF,SAT,12.0,4003.1,12,333.59166666666664
SDF,SAV,1.0,4.94,1,4.94
SDF,SBA,1.0,405.52,1,405.52
SDF,SBP,3.0,1144.0,3,381.3333333333333
SDF,SEA,7.0,2851.94,7,407.42
SDF,SFO,9.0,3881.9700000000003,9,431.33000000000004
SDF,SGF,8.0,3033.86,8,379.2325
SDF,SHV,4.0,915.0,4,228.75
SDF,SJC,3.0,1257.0,2,419.0
SDF,SJT,2.0,559.51,2,279.755
SDF,SJU,1.0,5.0,1,5.0
SDF,SLC,6.0,1794.71,6,299.11833333333334
SDF,SMF,4.0,1887.0,4,471.75
SDF,SNA,19.0,8863.51,19,466.5005263157895
SDF,SPS,1.0,359.0,1,359.0
SDF,STS,2.0,1431.0,2,715.5
SDF,SYR,3.0,704.94,3,234.98000000000002
SDF,TLH,2.0,529.97,2,264.985
SDF,TPA,2.0,772.49,2,386.245
SDF,TUL,10.0,2618.21,10,261.821
SDF,TUS,5.0,2071.5,5,414.3
SDF,TVC,2.0,518.0,2,259.0
SDF,XNA,16.0,5401.82,16,337.61375
SDF,YKM,1.0,488.0,1,488.0
SDY,CAE,1.0,371.0,1,371.0
SDY,DFW,2.0,911.0,2,455.5
SDY,LFT,2.0,882.5,2,441.25
SEA,ABI,6.0,1570.5,6,261.75
SEA,AGS,3.0,1568.82,3,522.9399999999999
SEA,ALB,2.0,727.8499999999999,2,363.92499999999995
SEA,AMA,2.0,763.5,2,381.75
SEA,ATL,2.0,609.27,2,304.635
SEA,ATW,2.0,651.5,2,325.75
SEA,AUS,1.0,291.88,1,291.88
SEA,AVL,4.0,1262.3600000000001,4,315.59000000000003
SEA,AZO,1.0,172.21,1,172.21
SEA,BFL,2.0,565.0,2,282.5
SEA,BHM,3.0,570.39,3,190.13
SEA,BIS,1.0,339.0,1,339.0
SEA,BMI,4.0,1008.8000000000001,4,252.20000000000002
SEA,BRO,1.0,314.0,1,314.0
SEA,BTR,9.0,2757.5,9,306.3888888888889
SEA,BUF,2.0,568.5,2,284.25
SEA,BWI,7.0,1694.78,7,242.11142857142858
SEA,CHA,10.0,3313.0699999999997,10,331.30699999999996
SEA,CID,9.0,1993.23,9,221.47
SEA,CLT,1.0,664.54,1,664.54
SEA,CMH,15.0,3564.54,15,237.636
SEA,CMI,9.0,2558.19,9,284.24333333333334
SEA,COU,7.0,2993.07,7,427.5814285714286
SEA,CRP,4.0,1478.5,4,369.625
SEA,CVG,5.0,1298.0,4,259.6
SEA,CWA,1.0,348.5,1,348.5
SEA,DAB,2.0,609.1,2,304.55
SEA,DAY,1.0,172.5,1,172.5
SEA,DFW,1.0,657.32,1,657.32
SEA,DRO,4.0,867.79,4,216.9475
SEA,DSM,2.0,890.47,2,445.235
SEA,ECP,2.0,566.55,2,283.275
SEA,ELP,1.0,808.77,1,808.77
SEA,EVV,5.0,1862.8400000000001,4,372.56800000000004
SEA,FSM,4.0,1146.5,4,286.625
SEA,GNV,7.0,2283.0299999999997,7,326.1471428571428
SEA,GPT,6.0,1739.5,6,289.9166666666667
SEA,GRK,5.0,2231.5,5,446.3
SEA,GRR,6.0,2085.74,6,347.6233333333333
SEA,GSO,1.0,329.12,1,329.12
SEA,HHH,4.0,1406.0,4,351.5
SEA,HOU,2.0,738.3199999999999,2,369.15999999999997
SEA,HRL,4.0,1117.54,4,279.385
SEA,HSV,4.0,1618.67,4,404.6675
SEA,ICT,4.0,1151.0,4,287.75
SEA,ILM,1.0,177.14,1,177.14
SEA,IND,4.0,1101.1599999999999,4,275.28999999999996
SEA,JAN,2.0,712.72,2,356.36
SEA,JAX,1.0,389.24,1,389.24
SEA,LAN,2.0,642.0,2,321.0
SEA,LAW,1.0,185.5,1,185.5
SEA,LBB,6.0,1336.5900000000001,6,222.76500000000001
SEA,LCH,6.0,1844.0,6,307.3333333333333
SEA,LEX,10.0,3067.53,10,306.75300000000004
SEA,LFT,6.0,2422.51,6,403.7516666666667
SEA,LIT,21.0,7319.39,19,348.542380952381
SEA,LSE,1.0,445.0,1,445.0
SEA,MAF,6.0,2509.15,6,418.19166666666666
SEA,MCI,1.0,694.57,1,694.57
SEA,MEM,2.0,11.33,2,5.665
SEA,MFE,1.0,614.15,1,614.15
SEA,MGM,4.0,1057.0,4,264.25
SEA,MHK,3.0,748.27,3,249.42333333333332
SEA,MLI,8.0,2541.09,8,317.63625
SEA,MOB,4.0,1435.0,4,358.75
SEA,MRY,2.0,331.04,2,165.52
SEA,MSN,6.0,2105.95,6,350.9916666666666
SEA,ORD,1.0,305.88,1,305.88
SEA,PIA,7.0,2014.0,7,287.7142857142857
SEA,PNS,3.0,1257.28,3,419.0933333333333
SEA,RAP,2.0,591.5,2,295.75
SEA,RIC,3.0,984.69,3,328.23
SEA,ROC,2.0,279.15,2,139.575
SEA,RST,1.0,353.0,1,353.0
SEA,SAF,2.0,618.5,2,309.25
SEA,SAT,1.0,513.56,1,513.56
SEA,SBP,1.0,332.0,1,332.0
SEA,SDF,1.0,327.5,1,327.5
SEA,SGF,21.0,6697.78,19,318.94190476190477
SEA,SHV,12.0,4498.14,12,374.845
SEA,SJT,3.0,1177.0,3,392.3333333333333
SEA,STL,5.0,1039.4,5,207.88000000000002
SEA,SYR,2.0,479.75,2,239.875
SEA,TLH,11.0,4615.36,10,419.5781818181818
SEA,TUL,4.0,1581.05,4,395.2625
SEA,TVC,2.0,750.3399999999999,2,375.16999999999996
SEA,TYS,2.0,546.2,2,273.1
SEA,VPS,1.0,493.5,1,493.5
SEA,XNA,23.0,6432.85,21,279.6891304347826
SFO,ABI,7.0,2825.0,5,403.57142857142856
SFO,AGS,5.0,2218.77,5,443.754
SFO,ATW,2.0,642.0,2,321.0
SFO,AUS,1.0,470.34,1,470.34
SFO,AVL,8.0,3141.12,8,392.64
SFO,BDL,2.0,779.8,2,389.9
SFO,BHM,3.0,667.31,3,222.43666666666664
SFO,BMI,7.0,1981.46,7,283.0657142857143
SFO,BNA,2.0,307.39000000000004,2,153.69500000000002
SFO,BTR,6.0,1645.5,6,274.25
SFO,BUF,3.0,1089.03,3,363.01
SFO,CHA,9.0,4226.53,9,469.6144444444444
SFO,CHO,1.0,405.7,1,405.7
SFO,CID,5.0,1826.75,5,365.35
SFO,CLE,2.0,585.49,2,292.745
SFO,CLT,1.0,835.74,1,835.74
SFO,CMH,12.0,3758.0099999999998,12,313.16749999999996
SFO,CMI,20.0,9744.61,19,487.2305
SFO,COU,3.0,1018.53,3,339.51
SFO,CRP,1.0,226.5,1,226.5
SFO,CVG,9.0,2352.16,9,261.3511111111111
SFO,CWA,1.0,681.21,1,681.21
SFO,DAB,3.0,951.44,3,317.1466666666667
SFO,DAY,7.0,1752.55,7,250.3642857142857
SFO,DCA,1.0,372.44,1,372.44
SFO,DFW,4.0,1579.46,4,394.865
SFO,DSM,3.0,577.16,3,192.38666666666666
SFO,DTW,2.0,669.42,1,334.71
SFO,EVV,8.0,3785.63,8,473.20375
SFO,FNT,2.0,485.0,2,242.5
SFO,FSM,5.0,2120.8,5,424.16
SFO,GNV,3.0,1132.82,3,377.6066666666666
SFO,GPT,7.0,2272.49,7,324.64142857142855
SFO,GRB,1.0,399.5,1,399.5
SFO,GRK,3.0,718.67,3,239.55666666666664
SFO,GRR,5.0,1970.93,5,394.18600000000004
SFO,GSO,6.0,1779.33,6,296.555
SFO,GSP,7.0,1750.8400000000001,7,250.12000000000003
SFO,HHH,1.0,259.5,1,259.5
SFO,HOU,2.0,653.5,2,326.75
SFO,HPN,3.0,549.61,3,183.20333333333335
SFO,HRL,5.0,2570.0,5,514.0
SFO,HSV,9.0,3058.0699999999997,8,339.7855555555555
SFO,IAD,1.0,362.97,1,362.97
SFO,IAH,1.0,227.59,1,227.59
SFO,ICT,5.0,1489.0,5,297.8
SFO,IND,2.0,317.78,2,158.89
SFO,JAN,10.0,3879.0,10,387.9
SFO,JAX,1.0,305.28,1,305.28
SFO,JFK,1.0,332.61,1,332.61
SFO,LAN,9.0,2988.89,9,332.0988888888889
SFO,LAW,1.0,324.0,1,324.0
SFO,LBB,4.0,1091.74,4,272.935
SFO,LCH,4.0,1943.14,3,485.785
SFO,LEX,26.0,9429.61,26,362.6773076923077
SFO,LFT,5.0,1684.27,5,336.854
SFO,LIT,18.0,8878.8,18,493.26666666666665
SFO,LSE,2.0,535.0,2,267.5
SFO,MAF,8.0,2665.7200000000003,8,333.21500000000003
SFO,MEM,3.0,734.5600000000001,3,244.85333333333335
SFO,MHK,3.0,755.8,3,251.9333333333333
SFO,MLI,6.0,2058.2,6,343.0333333333333
SFO,MOB,4.0,1756.5,4,439.125
SFO,MQT,2.0,588.23,2,294.115
SFO,MSN,11.0,2896.27,11,263.29727272727274
SFO,OKC,2.0,116.07,2,58.035
SFO,ORD,2.0,730.97,2,365.485
SFO,PHL,1.0,342.25,1,342.25
SFO,PIA,6.0,2206.92,6,367.82
SFO,PNS,1.0,449.5,1,449.5
SFO,PVD,6.0,2170.8,6,361.8
SFO,RAP,1.0,270.0,1,270.0
SFO,RDU,2.0,689.17,2,344.585
SFO,RIC,4.0,1064.53,4,266.1325
SFO,ROC,5.0,1443.19,5,288.63800000000003
SFO,RST,3.0,528.77,3,176.25666666666666
SFO,SAF,3.0,400.5,3,133.5
SFO,SDF,4.0,2250.0299999999997,4,562.5074999999999
SFO,SGF,23.0,7728.61,21,336.02652173913043
SFO,SHV,4.0,1267.0,4,316.75
SFO,SJT,1.0,441.89,1,441.89
SFO,SJU,1.0,750.73,1,750.73
SFO,SPI,1.0,455.33,1,455.33
SFO,STL,5.0,1452.17,5,290.434
SFO,SYR,1.0,196.15,1,196.15
SFO,TLH,9.0,3988.0,9,443.1111111111111
SFO,TPA,1.0,281.45,1,281.45
SFO,TRI,1.0,275.28,1,275.28
SFO,TUL,6.0,2438.48,6,406.41333333333336
SFO,TVC,8.0,2166.48,8,270.81
SFO,TYS,1.0,602.19,1,602.19
SFO,VPS,2.0,559.5,2,279.75
SFO,XNA,44.0,15895.97,42,361.27204545454543
SGF,ABE,8.0,2432.23,8,304.02875
SGF,ABI,2.0,598.0,2,299.0
SGF,ABQ,10.0,2521.0,10,252.1
SGF,AEX,4.0,1472.0,4,368.0
SGF,AGS,7.0,2543.18,7,363.31142857142856
SGF,ALB,4.0,1483.19,4,370.7975
SGF,ALO,3.0,974.37,3,324.79
SGF,AMA,10.0,2500.0,10,250.0
SGF,ANC,8.0,3506.14,8,438.2675
SGF,ART,1.0,566.47,1,566.47
SGF,ATL,26.0,9020.94,25,346.95923076923077
SGF,ATW,2.0,353.5,2,176.75
SGF,AUS,50.0,16256.91,44,325.1382
SGF,AVL,5.0,1440.35,5,288.07
SGF,AVP,9.0,3004.4700000000003,9,333.83000000000004
SGF,AZO,1.0,83.0,1,83.0
SGF,BDL,10.0,4119.47,10,411.947
SGF,BFL,7.0,3111.34,7,444.4771428571429
SGF,BGR,3.0,1797.0,2,599.0
SGF,BHM,14.0,4994.71,14,356.765
SGF,BIL,3.0,1018.5,3,339.5
SGF,BIS,5.0,1162.69,5,232.538
SGF,BNA,9.0,3005.34,9,333.9266666666667
SGF,BOI,9.0,3740.5,9,415.6111111111111
SGF,BOS,37.0,13111.48,36,354.3643243243243
SGF,BPT,2.0,682.5,2,341.25
SGF,BRO,6.0,1606.12,6,267.68666666666667
SGF,BTR,9.0,3260.0,9,362.22222222222223
SGF,BUF,8.0,3545.76,8,443.22
SGF,BUR,5.0,1396.0,4,279.2
SGF,BWI,27.0,10157.39,27,376.1996296296296
SGF,BZN,2.0,301.2,2,150.6
SGF,CAE,20.0,6175.34,19,308.767
SGF,CAK,3.0,1319.0,3,439.6666666666667
SGF,CHA,9.0,3132.69,9,348.07666666666665
SGF,CHS,17.0,5692.99,16,334.88176470588235
SGF,CID,3.0,1051.02,3,350.34
SGF,CLE,12.0,3566.7200000000003,12,297.2266666666667
SGF,CLL,4.0,538.31,3,134.5775
SGF,CLT,186.0,49468.69,151,265.9606989247312
SGF,CMH,14.0,3795.1800000000003,13,271.0842857142857
SGF,COS,20.0,3164.0,17,158.2
SGF,CRP,8.0,2930.0,8,366.25
SGF,CRW,2.0,813.0,2,406.5
SGF,CSG,1.0,264.79,1,264.79
SGF,CVG,4.0,1371.04,4,342.76
SGF,CWA,2.0,632.0,2,316.0
SGF,DAB,5.0,1016.5,4,203.3
SGF,DAY,4.0,1178.06,4,294.515
SGF,DCA,57.0,21124.68,57,370.60842105263157
SGF,DEN,14.0,3782.33,14,270.1664285714286
SGF,DFW,440.0,104287.01,290,237.0159318181818
SGF,DRO,5.0,976.5,5,195.3
SGF,DTW,19.0,6779.78,19,356.8305263157895
SGF,ECP,7.0,2174.59,7,310.6557142857143
SGF,EGE,4.0,1223.0,4,305.75
SGF,ELP,22.0,8720.5,20,396.3863636363636
SGF,EWN,1.0,286.5,1,286.5
SGF,EWR,22.0,7168.62,22,325.8463636363636
SGF,EYW,27.0,9400.18,26,348.1548148148148
SGF,FAI,5.0,2956.52,5,591.304
SGF,FAR,3.0,807.44,3,269.1466666666667
SGF,FAT,16.0,7034.75,15,439.671875
SGF,FAY,8.0,3104.09,8,388.01125
SGF,FLG,2.0,670.0,2,335.0
SGF,FLL,71.0,23950.6,68,337.33239436619715
SGF,FSD,3.0,927.06,3,309.02
SGF,FWA,3.0,836.71,3,278.90333333333336
SGF,GCK,1.0,210.0,1,210.0
SGF,GJT,4.0,752.5,3,188.125
SGF,GNV,5.0,2794.83,5,558.966
SGF,GPT,8.0,3620.52,8,452.565
SGF,GRB,5.0,1643.5,5,328.7
SGF,GRK,4.0,2169.0,4,542.25
SGF,GRR,5.0,1667.0,5,333.4
SGF,GSO,8.0,2893.71,8,361.71375
SGF,GSP,9.0,3394.69,9,377.1877777777778
SGF,GUC,1.0,292.5,1,292.5
SGF,HDN,6.0,2195.0,5,365.8333333333333
SGF,HNL,25.0,13114.23,23,524.5692
SGF,HOU,22.0,6623.57,22,301.0713636363636
SGF,HPN,8.0,2520.21,8,315.02625
SGF,HRL,3.0,868.0,3,289.3333333333333
SGF,HSV,1.0,606.0,1,606.0
SGF,IAD,11.0,4618.03,11,419.8209090909091
SGF,IAH,31.0,8297.73,28,267.6687096774193
SGF,IDA,3.0,1145.95,3,381.98333333333335
SGF,ILM,7.0,2448.87,7,349.8385714285714
SGF,IND,9.0,2930.7,9,325.6333333333333
SGF,JAC,4.0,1493.28,4,373.32
SGF,JAN,5.0,1048.5,5,209.7
SGF,JAX,33.0,11039.76,32,334.53818181818184
SGF,JFK,10.0,3995.6,10,399.56
SGF,KOA,5.0,2039.37,5,407.87399999999997
SGF,KTN,2.0,22.0,1,11.0
SGF,LAN,1.0,424.0,1,424.0
SGF,LAS,94.0,34321.97,77,365.12734042553194
SGF,LAW,1.0,698.0,1,698.0
SGF,LAX,54.0,16813.19,44,311.35537037037034
SGF,LBB,11.0,3882.5,10,352.95454545454544
SGF,LCH,1.0,204.0,1,204.0
SGF,LEX,3.0,814.5,3,271.5
SGF,LFT,7.0,1549.3899999999999,7,221.34142857142857
SGF,LGA,34.0,9618.84,33,282.90705882352944
SGF,LGB,1.0,284.0,1,284.0
SGF,LIH,3.0,2544.18,3,848.06
SGF,LRD,10.0,4489.5,10,448.95
SGF,LSE,2.0,641.0,2,320.5
SGF,LYH,4.0,1988.93,4,497.2325
SGF,MAF,14.0,4960.5,14,354.32142857142856
SGF,MCO,141.0,49373.39,122,350.16588652482267
SGF,MDT,5.0,1735.35,5,347.07
SGF,MFE,6.0,1840.0,6,306.6666666666667
SGF,MFR,1.0,480.55,1,480.55
SGF,MGM,3.0,1290.29,3,430.09666666666664
SGF,MHT,6.0,2422.0,6,403.6666666666667
SGF,MIA,61.0,19687.22,57,322.7413114754099
SGF,MKE,8.0,2553.5,8,319.1875
SGF,MLB,6.0,2257.58,5,376.2633333333333
SGF,MLI,1.0,211.0,1,211.0
SGF,MLU,1.0,868.0,1,868.0
SGF,MOB,11.0,3332.7200000000003,11,302.9745454545455
SGF,MRY,6.0,1591.5,6,265.25
SGF,MSN,5.0,1389.69,5,277.938
SGF,MSP,15.0,5336.82,15,355.78799999999995
SGF,MSY,39.0,12040.23,36,308.7238461538461
SGF,MTJ,4.0,1317.5,4,329.375
SGF,MYR,11.0,4437.01,11,403.36454545454546
SGF,OAJ,6.0,3083.5,6,513.9166666666666
SGF,OGG,22.0,11952.5,19,543.2954545454545
SGF,OGS,1.0,619.0,1,619.0
SGF,OKC,3.0,1074.0,3,358.0
SGF,ONT,25.0,8291.24,23,331.64959999999996
SGF,ORD,248.0,50282.92,164,202.75370967741935
SGF,ORF,16.0,6155.46,16,384.71625
SGF,PBG,1.0,639.0,1,639.0
SGF,PBI,30.0,9749.09,29,324.9696666666667
SGF,PDX,29.0,11183.619999999999,25,385.6420689655172
SGF,PHF,2.0,659.86,2,329.93
SGF,PHL,48.0,18223.74,47,379.66125000000005
SGF,PHX,97.0,38895.48,79,400.98432989690724
SGF,PIT,16.0,6421.02,14,401.31375
SGF,PNS,13.0,2998.1099999999997,12,230.62384615384613
SGF,PSP,32.0,14725.91,28,460.1846875
SGF,PVD,9.0,4354.82,9,483.8688888888889
SGF,PWM,2.0,1079.0,2,539.5
SGF,RAP,6.0,1420.5,6,236.75
SGF,RDU,32.0,11493.31,30,359.1659375
SGF,RIC,23.0,6303.74,22,274.07565217391306
SGF,RNO,6.0,2823.01,6,470.5016666666667
SGF,ROA,1.0,253.5,1,253.5
SGF,ROC,3.0,1024.03,3,341.3433333333333
SGF,RST,11.0,3757.0,11,341.54545454545456
SGF,RSW,32.0,9869.27,29,308.4146875
SGF,SAF,4.0,874.5,4,218.625
SGF,SAN,60.0,23535.18,51,392.253
SGF,SAT,59.0,19278.95,53,326.7618644067797
SGF,SAV,22.0,6131.44,22,278.70181818181817
SGF,SBA,5.0,863.0,4,172.6
SGF,SBP,4.0,1121.5,4,280.375
SGF,SDF,4.0,1322.94,4,330.735
SGF,SEA,29.0,10853.22,27,374.24896551724134
SGF,SFO,29.0,10837.94,27,373.7220689655173
SGF,SHV,5.0,1225.0,5,245.0
SGF,SJC,17.0,6706.11,16,394.4770588235294
SGF,SJT,4.0,1536.0,4,384.0
SGF,SJU,18.0,9250.1,17,513.8944444444445
SGF,SLC,28.0,10254.69,26,366.2389285714286
SGF,SMF,41.0,14875.52,36,362.81756097560975
SGF,SNA,57.0,18731.83,51,328.6285964912281
SGF,SRQ,17.0,4943.16,17,290.7741176470588
SGF,STS,4.0,2879.46,4,719.865
SGF,STT,5.0,1366.22,5,273.244
SGF,SYR,4.0,1162.6,4,290.65
SGF,TLH,10.0,4244.16,10,424.416
SGF,TPA,46.0,13394.6,44,291.18695652173915
SGF,TRI,2.0,707.65,2,353.825
SGF,TUS,38.0,11604.74,34,305.3878947368421
SGF,TVC,2.0,674.0,2,337.0
SGF,TXK,1.0,218.5,1,218.5
SGF,TYR,2.0,399.5,2,199.75
SGF,TYS,15.0,5650.02,15,376.668
SGF,VPS,13.0,3359.23,13,258.4023076923077
SGF,YUM,3.0,1200.3400000000001,2,400.1133333333334
SGU,LBB,1.0,260.5,1,260.5
SGU,MAF,2.0,592.0,2,296.0
SGU,SBP,2.0,584.0,2,292.0
SGU,TUL,1.0,233.0,1,233.0
SGU,XNA,4.0,1307.0,4,326.75
SHD,BHM,1.0,277.5,1,277.5
SHD,XNA,1.0,294.5,1,294.5
SHV,ABI,3.0,886.0,3,295.3333333333333
SHV,ABQ,15.0,3326.0,11,221.73333333333332
SHV,AGS,1.0,252.64,1,252.64
SHV,AMA,1.0,458.0,1,458.0
SHV,ANC,3.0,970.61,3,323.5366666666667
SHV,ASE,3.0,2364.5,3,788.1666666666666
SHV,ATL,6.0,1812.3200000000002,6,302.05333333333334
SHV,ATW,3.0,1291.02,3,430.34
SHV,AUS,8.0,2999.0,8,374.875
SHV,AVL,1.0,229.0,1,229.0
SHV,BDL,4.0,1472.0,4,368.0
SHV,BFL,3.0,1169.32,3,389.7733333333333
SHV,BHM,2.0,737.0,2,368.5
SHV,BNA,22.0,6776.73,22,308.0331818181818
SHV,BOI,3.0,1179.0,2,393.0
SHV,BOS,9.0,3728.9700000000003,9,414.33000000000004
SHV,BRO,1.0,212.0,1,212.0
SHV,BUR,2.0,253.5,2,126.75
SHV,BWI,3.0,1225.4,3,408.4666666666667
SHV,CAE,6.0,2046.32,6,341.05333333333334
SHV,CHA,2.0,584.6800000000001,2,292.34000000000003
SHV,CHO,1.0,519.6,1,519.6
SHV,CHS,1.0,354.94,1,354.94
SHV,CID,2.0,1054.28,2,527.14
SHV,CLE,4.0,1647.72,4,411.93
SHV,CLT,6.0,1925.8999999999999,4,320.9833333333333
SHV,CMH,2.0,951.5,2,475.75
SHV,COS,15.0,3115.5,13,207.7
SHV,COU,3.0,937.5,3,312.5
SHV,CRP,4.0,1150.0,4,287.5
SHV,CVG,4.0,1234.41,4,308.6025
SHV,CWA,1.0,5.5,1,5.5
SHV,DAB,1.0,577.0,1,577.0
SHV,DAY,5.0,2982.23,5,596.446
SHV,DCA,12.0,4105.9400000000005,10,342.1616666666667
SHV,DEN,40.0,10158.73,37,253.96824999999998
SHV,DFW,53.0,11706.58,49,220.8788679245283
SHV,DRO,4.0,1478.0,4,369.5
SHV,DTW,6.0,2813.09,6,468.84833333333336
SHV,ECP,1.0,373.0,1,373.0
SHV,EGE,2.0,868.5,2,434.25
SHV,ELP,1.0,123.0,1,123.0
SHV,EVV,8.0,2940.88,8,367.61
SHV,EWN,1.0,455.0,1,455.0
SHV,EWR,6.0,2855.5299999999997,6,475.9216666666666
SHV,EYW,3.0,715.5,1,238.5
SHV,FAI,1.0,518.0,1,518.0
SHV,FAR,2.0,1149.5,2,574.75
SHV,FAT,5.0,2851.0,5,570.2
SHV,FLG,1.0,375.0,1,375.0
SHV,FLL,9.0,3337.13,9,370.7922222222222
SHV,FWA,1.0,463.5,1,463.5
SHV,GJT,2.0,593.48,2,296.74
SHV,GNV,2.0,717.6600000000001,2,358.83000000000004
SHV,GPT,2.0,625.0,2,312.5
SHV,GRB,1.0,492.0,1,492.0
SHV,GRR,1.0,280.0,1,280.0
SHV,GSO,1.0,420.0,1,420.0
SHV,GSP,2.0,717.0,2,358.5
SHV,GUC,1.0,468.0,1,468.0
SHV,HDN,10.0,2201.0,9,220.1
SHV,HNL,4.0,2761.5299999999997,4,690.3824999999999
SHV,HOU,1.0,398.0,1,398.0
SHV,HPN,1.0,333.0,1,333.0
SHV,HRL,1.0,443.0,1,443.0
SHV,HSV,4.0,1437.0,4,359.25
SHV,IAD,5.0,2415.0299999999997,5,483.006
SHV,ICT,7.0,2469.0,7,352.7142857142857
SHV,ILM,1.0,458.94,1,458.94
SHV,IND,6.0,1582.95,6,263.825
SHV,JAC,4.0,761.0,4,190.25
SHV,JAX,3.0,886.65,3,295.55
SHV,JFK,5.0,2946.4,5,589.28
SHV,KOA,1.0,473.0,1,473.0
SHV,LAS,34.0,13376.18,34,393.41705882352943
SHV,LAW,1.0,309.0,1,309.0
SHV,LAX,23.0,8818.57,22,383.4160869565217
SHV,LBB,2.0,567.5,2,283.75
SHV,LGA,10.0,2576.66,9,257.666
SHV,MAF,23.0,7559.18,23,328.66
SHV,MCI,14.0,3642.0,13,260.14285714285717
SHV,MCO,27.0,7717.85,25,285.8462962962963
SHV,MDT,1.0,5.0,1,5.0
SHV,MEM,4.0,1561.0,4,390.25
SHV,MGM,6.0,2914.38,6,485.73
SHV,MHK,2.0,998.0,2,499.0
SHV,MIA,10.0,4217.32,10,421.73199999999997
SHV,MKE,3.0,1403.95,3,467.98333333333335
SHV,MLI,4.0,1864.0,4,466.0
SHV,MOB,2.0,768.0,2,384.0
SHV,MSO,2.0,989.5,2,494.75
SHV,MSP,6.0,2723.0,6,453.8333333333333
SHV,MTJ,2.0,810.5,2,405.25
SHV,MYR,1.0,6.31,1,6.31
SHV,OGG,2.0,406.5,2,203.25
SHV,OKC,5.0,1530.0,5,306.0
SHV,OMA,6.0,1927.35,6,321.22499999999997
SHV,ONT,6.0,3512.5,6,585.4166666666666
SHV,ORD,12.0,4137.58,12,344.79833333333335
SHV,ORF,2.0,333.95,2,166.975
SHV,PBI,3.0,1111.88,3,370.6266666666667
SHV,PDX,6.0,2248.0,6,374.6666666666667
SHV,PHL,10.0,4571.47,10,457.14700000000005
SHV,PHX,25.0,9562.0,23,382.48
SHV,PIT,8.0,3096.0,8,387.0
SHV,PNS,4.0,683.5,4,170.875
SHV,PSP,10.0,3890.65,10,389.065
SHV,RAP,3.0,1292.13,3,430.71000000000004
SHV,RDU,2.0,796.5,2,398.25
SHV,RIC,1.0,259.47,1,259.47
SHV,RNO,4.0,1008.5,4,252.125
SHV,ROW,1.0,787.0,1,787.0
SHV,RSW,5.0,2220.0,5,444.0
SHV,SAF,4.0,1316.0,4,329.0
SHV,SAN,16.0,7597.61,16,474.850625
SHV,SAT,17.0,4813.5,15,283.1470588235294
SHV,SAV,3.0,1005.5699999999999,3,335.19
SHV,SBA,1.0,376.5,1,376.5
SHV,SBN,1.0,288.0,1,288.0
SHV,SDF,4.0,915.0,4,228.75
SHV,SEA,18.0,6866.86,17,381.4922222222222
SHV,SFO,6.0,2006.0,6,334.3333333333333
SHV,SGF,5.0,1225.0,5,245.0
SHV,SGU,1.0,549.0,1,549.0
SHV,SJC,3.0,1196.0,3,398.6666666666667
SHV,SJU,1.0,629.0,1,629.0
SHV,SLC,34.0,12166.32,27,357.83294117647057
SHV,SMF,5.0,1434.0,5,286.8
SHV,SNA,11.0,4903.8,10,445.8
SHV,SPI,2.0,653.0,2,326.5
SHV,SRQ,2.0,629.88,2,314.94
SHV,STL,9.0,3962.5,9,440.27777777777777
SHV,STS,1.0,268.5,1,268.5
SHV,STT,1.0,471.0,1,471.0
SHV,TLH,2.0,733.29,2,366.645
SHV,TPA,12.0,4532.78,11,377.7316666666666
SHV,TRI,1.0,318.33,1,318.33
SHV,TUL,9.0,3362.5,8,373.6111111111111
SHV,TUS,5.0,1929.5,5,385.9
SHV,TYS,2.0,464.35,2,232.175
SHV,VPS,3.0,558.5,3,186.16666666666666
SHV,XNA,2.0,774.5,2,387.25
SJC,ABI,5.0,1838.0,5,367.6
SJC,AVL,1.0,438.0,1,438.0
SJC,BRO,2.0,793.04,2,396.52
SJC,BTR,5.0,1008.71,5,201.74200000000002
SJC,CHA,4.0,1995.16,4,498.79
SJC,CID,1.0,274.67,1,274.67
SJC,CMI,11.0,3883.5,11,353.04545454545456
SJC,COU,2.0,663.5,2,331.75
SJC,CRP,2.0,679.5,2,339.75
SJC,DAY,2.0,1735.5,2,867.75
SJC,DFW,2.0,859.35,2,429.675
SJC,FAR,1.0,427.5,1,427.5
SJC,GJT,3.0,683.51,3,227.83666666666667
SJC,GNV,1.0,373.51,1,373.51
SJC,GPT,4.0,1066.0,4,266.5
SJC,GRK,2.0,455.0,2,227.5
SJC,GRR,1.0,266.92,1,266.92
SJC,HRL,1.0,812.0,1,812.0
SJC,HSV,9.0,2931.0,9,325.6666666666667
SJC,JAN,3.0,1195.85,3,398.6166666666666
SJC,LBB,1.0,310.65,1,310.65
SJC,LEX,7.0,2169.9700000000003,7,309.9957142857143
SJC,LFT,5.0,1368.5,5,273.7
SJC,LIT,7.0,2789.64,7,398.52
SJC,MAF,1.0,205.0,1,205.0
SJC,MCI,1.0,429.47,1,429.47
SJC,MGM,2.0,491.5,2,245.75
SJC,MHK,4.0,1129.0,4,282.25
SJC,MLI,3.0,986.37,3,328.79
SJC,MSN,2.0,717.1,2,358.55
SJC,PHX,1.0,6.05,1,6.05
SJC,PIA,2.0,667.0,2,333.5
SJC,SAF,3.0,698.0,2,232.66666666666666
SJC,SDF,1.0,419.0,1,419.0
SJC,SGF,12.0,4565.0,11,380.4166666666667
SJC,SHV,3.0,1196.0,3,398.6666666666667
SJC,TLH,2.0,1035.0,2,517.5
SJC,TUL,4.0,1223.92,4,305.98
SJC,TUS,1.0,5.5,1,5.5
SJC,TVC,1.0,320.22,1,320.22
SJC,TYS,1.0,405.0,1,405.0
SJC,XNA,19.0,5904.26,19,310.7505263157895
SJC,YUM,2.0,837.0,2,418.5
SJT,ABQ,1.0,296.0,1,296.0
SJT,AGS,2.0,1143.03,2,571.515
SJT,AMA,2.0,762.0,2,381.0
SJT,ANC,5.0,2313.13,5,462.62600000000003
SJT,ASE,1.0,509.0,1,509.0
SJT,ATL,10.0,3730.5,10,373.05
SJT,AVL,1.0,409.0,1,409.0
SJT,BHM,1.0,584.0,1,584.0
SJT,BIL,1.0,268.0,1,268.0
SJT,BMI,1.0,348.0,1,348.0
SJT,BNA,10.0,3832.0,9,383.2
SJT,BOS,7.0,1824.45,7,260.6357142857143
SJT,BTR,1.0,5.0,1,5.0
SJT,BWI,3.0,1174.07,3,391.3566666666666
SJT,CAE,1.0,289.0,1,289.0
SJT,CHA,2.0,568.0,2,284.0
SJT,CHS,2.0,687.5,2,343.75
SJT,CID,1.0,579.0,1,579.0
SJT,CLE,1.0,556.0,1,556.0
SJT,CLT,3.0,1486.5,3,495.5
SJT,CMH,3.0,1317.94,3,439.31333333333333
SJT,CMI,1.0,579.5,1,579.5
SJT,COS,2.0,998.0,2,499.0
SJT,CRP,2.0,1153.0,2,576.5
SJT,CVG,3.0,1047.0,3,349.0
SJT,DAB,1.0,289.0,1,289.0
SJT,DAY,5.0,2201.38,5,440.276
SJT,DCA,9.0,5024.5,9,558.2777777777778
SJT,DEN,16.0,7325.0,14,457.8125
SJT,DFW,61.0,14200.65,51,232.79754098360655
SJT,DRO,1.0,396.5,1,396.5
SJT,DTW,1.0,249.0,1,249.0
SJT,ECP,2.0,264.5,2,132.25
SJT,ELP,4.0,1306.0,4,326.5
SJT,EVV,1.0,473.0,1,473.0
SJT,EWR,1.0,351.5,1,351.5
SJT,EYW,1.0,556.38,1,556.38
SJT,FAI,1.0,677.0,1,677.0
SJT,FAR,4.0,1588.25,4,397.0625
SJT,FAT,1.0,294.0,1,294.0
SJT,FAY,3.0,1607.0,3,535.6666666666666
SJT,FLL,3.0,1760.56,3,586.8533333333334
SJT,FSD,2.0,593.0,2,296.5
SJT,FSM,2.0,369.5,2,184.75
SJT,GEG,2.0,1328.0,1,664.0
SJT,GJT,1.0,310.5,1,310.5
SJT,GPT,2.0,818.0,2,409.0
SJT,GRB,1.0,294.0,1,294.0
SJT,GRI,1.0,554.0,1,554.0
SJT,GRR,1.0,249.0,1,249.0
SJT,GSO,1.0,554.0,1,554.0
SJT,HDN,2.0,577.5,2,288.75
SJT,HNL,4.0,3859.5,4,964.875
SJT,HOU,4.0,1560.0,4,390.0
SJT,HSV,3.0,595.0,3,198.33333333333334
SJT,IAD,3.0,648.21,3,216.07000000000002
SJT,IAH,9.0,3091.0,9,343.44444444444446
SJT,ICT,2.0,931.5,2,465.75
SJT,ILM,1.0,639.0,1,639.0
SJT,IND,3.0,1147.0,3,382.3333333333333
SJT,JAC,3.0,695.0,3,231.66666666666666
SJT,JAN,5.0,1635.5,5,327.1
SJT,JAX,1.0,570.0,1,570.0
SJT,LAN,1.0,553.37,1,553.37
SJT,LAS,16.0,4080.64,16,255.04
SJT,LAX,8.0,3193.5,8,399.1875
SJT,LEX,1.0,369.0,1,369.0
SJT,LFT,3.0,918.0,3,306.0
SJT,LGA,4.0,1247.16,4,311.79
SJT,LIT,1.0,484.6,1,484.6
SJT,LYH,2.0,487.5,2,243.75
SJT,MCI,3.0,1155.83,3,385.27666666666664
SJT,MCO,12.0,3954.3199999999997,11,329.52666666666664
SJT,MEM,3.0,309.5,3,103.16666666666667
SJT,MGM,1.0,289.0,1,289.0
SJT,MHK,1.0,890.0,1,890.0
SJT,MHT,2.0,2054.0,2,1027.0
SJT,MIA,6.0,3758.74,6,626.4566666666666
SJT,MKE,2.0,1200.06,2,600.03
SJT,MOB,2.0,264.5,2,132.25
SJT,MQT,1.0,630.0,1,630.0
SJT,MSN,5.0,2084.5,4,416.9
SJT,MSP,4.0,1304.5,4,326.125
SJT,MSY,12.0,3436.89,10,286.40749999999997
SJT,MYR,3.0,527.0,3,175.66666666666666
SJT,OAJ,1.0,874.0,1,874.0
SJT,OKC,4.0,1055.5,4,263.875
SJT,OMA,2.0,1125.0,2,562.5
SJT,ONT,4.0,2634.0,4,658.5
SJT,ORD,4.0,1843.0,3,460.75
SJT,ORF,3.0,1743.0,2,581.0
SJT,PDX,1.0,644.0,1,644.0
SJT,PHL,6.0,1707.68,6,284.61333333333334
SJT,PHX,15.0,6369.36,15,424.62399999999997
SJT,PIT,2.0,665.0,2,332.5
SJT,PNS,8.0,3201.0,6,400.125
SJT,PSP,1.0,259.0,1,259.0
SJT,RAP,2.0,663.5,2,331.75
SJT,RDM,1.0,468.93,1,468.93
SJT,RDU,1.0,1318.0,1,1318.0
SJT,RIC,3.0,1525.0,3,508.3333333333333
SJT,RNO,1.0,593.5,1,593.5
SJT,ROC,1.0,5.0,1,5.0
SJT,RSW,1.0,564.0,1,564.0
SJT,SAN,8.0,4063.0,8,507.875
SJT,SAV,2.0,1117.5,2,558.75
SJT,SBA,1.0,334.75,1,334.75
SJT,SBP,1.0,5.0,1,5.0
SJT,SDF,2.0,842.0,2,421.0
SJT,SEA,6.0,2500.0,5,416.6666666666667
SJT,SFO,4.0,4012.11,4,1003.0275
SJT,SGF,6.0,2044.0,6,340.6666666666667
SJT,SJC,1.0,409.0,1,409.0
SJT,SJU,2.0,1085.77,2,542.885
SJT,SLC,11.0,6286.8,11,571.5272727272727
SJT,SNA,3.0,1518.0,3,506.0
SJT,SPI,1.0,314.0,1,314.0
SJT,SRQ,1.0,289.0,1,289.0
SJT,STL,1.0,637.0,1,637.0
SJT,STS,1.0,256.64,1,256.64
SJT,SYR,1.0,644.0,1,644.0
SJT,TLH,2.0,1344.5,2,672.25
SJT,TPA,4.0,2226.0,4,556.5
SJT,TUL,5.0,1501.75,4,300.35
SJT,TUS,2.0,823.0,2,411.5
SJT,YUM,1.0,470.0,1,470.0
SJU,ABI,1.0,320.5,1,320.5
SJU,ACT,1.0,615.11,1,615.11
SJU,ALO,1.0,550.5,1,550.5
SJU,ATW,10.0,3592.19,9,359.219
SJU,AUS,10.0,2538.2200000000003,10,253.82200000000003
SJU,AZO,1.0,493.0,1,493.0
SJU,BHM,11.0,4740.66,11,430.9690909090909
SJU,BIL,4.0,1829.51,4,457.3775
SJU,BIS,1.0,273.0,1,273.0
SJU,BNA,4.0,755.97,4,188.9925
SJU,BRO,1.0,693.5,1,693.5
SJU,CHS,5.0,2464.46,5,492.892
SJU,CID,7.0,2547.32,6,363.90285714285716
SJU,CLE,3.0,644.81,3,214.93666666666664
SJU,CMH,11.0,3740.25,11,340.02272727272725
SJU,CMI,4.0,2163.67,4,540.9175
SJU,COU,1.0,311.37,1,311.37
SJU,CVG,13.0,4358.71,12,335.2853846153846
SJU,CWA,2.0,664.0,2,332.0
SJU,DRO,2.0,1318.5,2,659.25
SJU,DSM,5.0,2612.25,5,522.45
SJU,DTW,1.0,547.62,1,547.62
SJU,ELP,1.0,310.5,1,310.5
SJU,EYW,4.0,1272.5900000000001,4,318.14750000000004
SJU,FAR,7.0,2898.2200000000003,7,414.0314285714286
SJU,FNT,1.0,475.86,1,475.86
SJU,FSD,3.0,870.77,3,290.25666666666666
SJU,FSM,2.0,1231.21,2,615.605
SJU,GJT,4.0,1635.05,4,408.7625
SJU,GRB,5.0,1868.0,5,373.6
SJU,GRK,3.0,924.5,3,308.1666666666667
SJU,GRR,7.0,4231.52,6,604.5028571428572
SJU,GSO,4.0,972.81,4,243.2025
SJU,GSP,15.0,5301.76,14,353.4506666666667
SJU,HPN,1.0,5.34,1,5.34
SJU,HRL,5.0,2202.0,5,440.4
SJU,ICT,4.0,2277.15,4,569.2875
SJU,IND,3.0,736.15,3,245.38333333333333
SJU,JAX,16.0,5705.51,15,356.594375
SJU,LAN,2.0,589.0,2,294.5
SJU,LAW,2.0,684.56,2,342.28
SJU,LFT,4.0,1596.1799999999998,3,399.04499999999996
SJU,LSE,3.0,998.5,3,332.8333333333333
SJU,MAF,2.0,616.5,2,308.25
SJU,MCI,4.0,1019.95,4,254.9875
SJU,MHK,5.0,3208.3599999999997,5,641.6719999999999
SJU,MKE,4.0,911.86,4,227.965
SJU,MQT,1.0,190.0,1,190.0
SJU,MSN,3.0,917.5,3,305.8333333333333
SJU,MSY,2.0,554.78,2,277.39
SJU,PIA,3.0,1197.3899999999999,3,399.12999999999994
SJU,PNS,21.0,7917.47,21,377.02238095238096
SJU,PSP,1.0,480.02,1,480.02
SJU,RAP,2.0,918.2,2,459.1
SJU,RDU,3.0,1212.08,2,404.02666666666664
SJU,RST,3.0,1065.5,3,355.1666666666667
SJU,SAV,6.0,2313.09,6,385.51500000000004
SJU,SBP,1.0,5.5,1,5.5
SJU,SGF,14.0,7508.9,13,536.35
SJU,SJT,2.0,1086.23,2,543.115
SJU,STL,2.0,1132.7,2,566.35
SJU,TLH,13.0,3147.67,13,242.12846153846155
SJU,TPA,1.0,393.5,1,393.5
SJU,TVC,2.0,967.0,2,483.5
SJU,TYS,9.0,3979.99,9,442.2211111111111
SJU,XNA,33.0,13526.72,33,409.90060606060604
SLC,ABE,2.0,506.78,2,253.39
SLC,ABI,11.0,2748.0,8,249.8181818181818
SLC,AGS,5.0,2102.0299999999997,4,420.40599999999995
SLC,ALO,1.0,283.5,1,283.5
SLC,ATW,2.0,1040.5,2,520.25
SLC,AUS,2.0,643.47,2,321.735
SLC,AVL,9.0,2599.56,9,288.84
SLC,BFL,16.0,5036.0,16,314.75
SLC,BHM,5.0,1572.55,5,314.51
SLC,BMI,4.0,1470.73,4,367.6825
SLC,BOS,3.0,364.01,3,121.33666666666666
SLC,BRO,1.0,5.5,1,5.5
SLC,BTR,20.0,8448.0,20,422.4
SLC,BUF,4.0,1821.6399999999999,4,455.40999999999997
SLC,BWI,1.0,238.5,1,238.5
SLC,CGI,1.0,406.0,1,406.0
SLC,CHA,13.0,4782.5,13,367.88461538461536
SLC,CHS,1.0,263.44,1,263.44
SLC,CID,1.0,641.5,1,641.5
SLC,CLE,2.0,297.5,2,148.75
SLC,CMH,19.0,6912.75,18,363.82894736842104
SLC,CMI,14.0,5392.56,14,385.1828571428572
SLC,COU,6.0,2388.4300000000003,6,398.0716666666667
SLC,CRP,5.0,1332.43,5,266.486
SLC,CVG,2.0,555.24,2,277.62
SLC,CWA,1.0,398.5,1,398.5
SLC,DAB,2.0,741.0,2,370.5
SLC,DAY,2.0,967.5,2,483.75
SLC,DCA,1.0,5.0,1,5.0
SLC,DFW,2.0,942.5699999999999,2,471.28499999999997
SLC,ECP,1.0,234.5,1,234.5
SLC,ELP,1.0,253.5,1,253.5
SLC,ERI,1.0,234.25,1,234.25
SLC,EVV,9.0,3750.5,9,416.72222222222223
SLC,EWR,2.0,355.75,2,177.875
SLC,FAR,2.0,527.88,2,263.94
SLC,FAY,3.0,1121.08,3,373.6933333333333
SLC,FNT,2.0,788.0,2,394.0
SLC,FSM,7.0,3520.0,7,502.85714285714283
SLC,FWA,1.0,5.5,1,5.5
SLC,GNV,9.0,2756.5,9,306.27777777777777
SLC,GPT,6.0,2163.5,6,360.5833333333333
SLC,GRB,1.0,368.5,1,368.5
SLC,GRK,2.0,630.0,2,315.0
SLC,GRR,5.0,2031.58,4,406.316
SLC,GSO,9.0,3358.34,9,373.1488888888889
SLC,GSP,5.0,1751.5,5,350.3
SLC,HPN,5.0,346.78,4,69.356
SLC,HSV,11.0,3457.0,11,314.27272727272725
SLC,ICT,1.0,376.0,1,376.0
SLC,IND,2.0,262.06,2,131.03
SLC,JAN,15.0,4554.0,15,303.6
SLC,JAX,5.0,1912.3200000000002,5,382.46400000000006
SLC,LAN,1.0,5.5,1,5.5
SLC,LBB,3.0,644.1800000000001,3,214.7266666666667
SLC,LCH,8.0,2322.5,8,290.3125
SLC,LEX,12.0,3668.6,12,305.71666666666664
SLC,LFT,14.0,5037.5,14,359.82142857142856
SLC,LIT,16.0,7475.22,16,467.20125
SLC,MAF,14.0,4612.389999999999,14,329.45642857142855
SLC,MCO,1.0,557.0,1,557.0
SLC,MGM,8.0,3573.5,8,446.6875
SLC,MHK,4.0,1905.65,4,476.4125
SLC,MIA,1.0,608.12,1,608.12
SLC,MLI,2.0,439.52,2,219.76
SLC,MOB,9.0,2848.5,9,316.5
SLC,MRY,2.0,627.5,2,313.75
SLC,MSN,2.0,1644.14,2,822.07
SLC,ORD,8.0,2159.32,7,269.915
SLC,ORF,6.0,1749.48,6,291.58
SLC,PHX,7.0,1230.77,7,175.8242857142857
SLC,PIA,9.0,4134.88,9,459.43111111111114
SLC,PNS,4.0,1275.9,4,318.975
SLC,PVD,3.0,801.97,3,267.3233333333333
SLC,RDU,2.0,999.54,1,499.77
SLC,RIC,15.0,6012.2,15,400.81333333333333
SLC,ROC,9.0,2466.47,9,274.0522222222222
SLC,SAT,1.0,592.42,1,592.42
SLC,SAV,3.0,739.54,3,246.51333333333332
SLC,SBP,31.0,9727.0,31,313.7741935483871
SLC,SDF,5.0,1518.29,5,303.658
SLC,SGF,20.0,6814.54,18,340.727
SLC,SHV,30.0,10351.68,23,345.056
SLC,SJT,8.0,4274.2,8,534.275
SLC,STL,2.0,9.11,2,4.555
SLC,STS,1.0,304.0,1,304.0
SLC,SYR,2.0,308.49,2,154.245
SLC,TLH,24.0,10214.95,23,425.6229166666667
SLC,TPA,1.0,916.0,1,916.0
SLC,TRI,1.0,5.48,1,5.48
SLC,TUL,1.0,232.52,1,232.52
SLC,TUS,1.0,187.5,1,187.5
SLC,TVC,8.0,3539.5,8,442.4375
SLC,TYS,7.0,2540.7400000000002,7,362.96285714285716
SLC,VPS,3.0,792.5,3,264.1666666666667
SLC,XNA,32.0,11822.06,31,369.439375
SLC,YUM,6.0,1909.5,6,318.25
SMF,ABE,1.0,373.02,1,373.02
SMF,ABI,6.0,2573.7200000000003,6,428.9533333333334
SMF,AGS,2.0,731.63,2,365.815
SMF,ATW,1.0,333.23,1,333.23
SMF,AUS,1.0,171.0,1,171.0
SMF,AVL,6.0,2287.9,6,381.31666666666666
SMF,BDL,2.0,413.70000000000005,2,206.85000000000002
SMF,BIS,1.0,379.0,1,379.0
SMF,BMI,1.0,671.0,1,671.0
SMF,BNA,1.0,147.5,1,147.5
SMF,BRO,1.0,335.0,1,335.0
SMF,BTR,8.0,2858.0,8,357.25
SMF,BUF,2.0,587.23,2,293.615
SMF,CHA,9.0,4555.82,9,506.2022222222222
SMF,CID,3.0,931.76,3,310.58666666666664
SMF,CLE,1.0,5.93,1,5.93
SMF,CMH,4.0,1087.5,4,271.875
SMF,CMI,7.0,2549.66,6,364.2371428571428
SMF,COS,1.0,271.5,1,271.5
SMF,COU,6.0,1753.0900000000001,6,292.1816666666667
SMF,CRP,2.0,618.0,2,309.0
SMF,CWA,2.0,713.0,2,356.5
SMF,DAY,4.0,1815.53,4,453.8825
SMF,DCA,1.0,524.24,1,524.24
SMF,DFW,3.0,976.79,3,325.59666666666664
SMF,DTW,1.0,399.53,1,399.53
SMF,EVV,7.0,3129.0,7,447.0
SMF,EWR,1.0,256.07,1,256.07
SMF,EYW,1.0,1061.72,1,1061.72
SMF,FAR,3.0,840.35,3,280.1166666666667
SMF,FAY,2.0,642.3399999999999,2,321.16999999999996
SMF,FLL,1.0,385.98,1,385.98
SMF,FNT,1.0,202.5,1,202.5
SMF,FSM,12.0,5835.65,12,486.3041666666666
SMF,GJT,3.0,823.0,3,274.3333333333333
SMF,GNV,2.0,797.52,2,398.76
SMF,GPT,4.0,1385.3200000000002,4,346.33000000000004
SMF,GRB,1.0,383.0,1,383.0
SMF,GRK,3.0,994.0,3,331.3333333333333
SMF,GRR,2.0,527.88,2,263.94
SMF,HHH,1.0,408.5,1,408.5
SMF,HOU,2.0,808.0,2,404.0
SMF,HPN,2.0,710.65,2,355.325
SMF,HRL,1.0,330.0,1,330.0
SMF,HSV,3.0,1321.45,3,440.48333333333335
SMF,IAH,2.0,572.01,2,286.005
SMF,ICT,1.0,333.0,1,333.0
SMF,JAN,3.0,821.0,3,273.6666666666667
SMF,LAN,5.0,1737.5,5,347.5
SMF,LBB,7.0,2314.31,7,330.61571428571426
SMF,LEX,11.0,3407.2400000000002,11,309.7490909090909
SMF,LFT,4.0,1451.5,4,362.875
SMF,LIT,14.0,5938.31,14,424.165
SMF,LSE,2.0,625.87,2,312.935
SMF,MAF,3.0,1362.51,3,454.17
SMF,MCI,1.0,197.68,1,197.68
SMF,MCO,1.0,453.54,1,453.54
SMF,MEM,3.0,1426.98,3,475.66
SMF,MGM,4.0,1279.0,4,319.75
SMF,MHK,4.0,1146.72,4,286.68
SMF,MKE,1.0,5.5,1,5.5
SMF,MLI,1.0,354.0,1,354.0
SMF,MOB,8.0,2828.12,8,353.515
SMF,MSN,1.0,433.0,1,433.0
SMF,OKC,1.0,553.5,1,553.5
SMF,PHX,1.0,217.44,1,217.44
SMF,PNS,2.0,859.5,2,429.75
SMF,PVD,4.0,778.54,3,194.635
SMF,RDU,1.0,808.22,1,808.22
SMF,ROC,2.0,1174.28,2,587.14
SMF,SAF,1.0,499.0,1,499.0
SMF,SGF,29.0,10317.48,26,355.7751724137931
SMF,SHV,5.0,1434.0,5,286.8
SMF,STL,3.0,886.5699999999999,3,295.5233333333333
SMF,TLH,7.0,4465.57,7,637.9385714285714
SMF,TRI,1.0,261.54,1,261.54
SMF,TUL,3.0,630.0,3,210.0
SMF,TUS,5.0,1150.0,5,230.0
SMF,TVC,1.0,488.5,1,488.5
SMF,VPS,1.0,254.5,1,254.5
SMF,XNA,16.0,6854.59,16,428.411875
SMF,YUM,5.0,1914.37,5,382.87399999999997
SNA,ABI,14.0,4316.5,14,308.32142857142856
SNA,AGS,4.0,1705.0,4,426.25
SNA,ALB,1.0,236.86,1,236.86
SNA,AMA,1.0,203.5,1,203.5
SNA,ATW,5.0,1337.5,5,267.5
SNA,AUS,4.0,956.8199999999999,4,239.20499999999998
SNA,AVL,9.0,3543.19,9,393.6877777777778
SNA,AZO,5.0,1235.0,5,247.0
SNA,BDL,8.0,2247.8,7,280.975
SNA,BHM,2.0,661.5,2,330.75
SNA,BIL,3.0,668.0,3,222.66666666666666
SNA,BMI,2.0,665.05,2,332.525
SNA,BRO,1.0,157.5,1,157.5
SNA,BTR,5.0,1576.0,5,315.2
SNA,BUF,5.0,1558.54,5,311.70799999999997
SNA,BWI,2.0,672.78,2,336.39
SNA,CHA,21.0,6475.0,21,308.3333333333333
SNA,CID,4.0,1456.76,4,364.19
SNA,CLE,9.0,2355.2799999999997,8,261.69777777777773
SNA,CMH,18.0,6472.9400000000005,18,359.6077777777778
SNA,CMI,14.0,4828.34,13,344.88142857142856
SNA,COS,1.0,233.0,1,233.0
SNA,COU,11.0,3102.89,11,282.0809090909091
SNA,CRP,6.0,2239.59,6,373.26500000000004
SNA,CVG,8.0,1875.58,8,234.4475
SNA,CWA,4.0,1101.5,4,275.375
SNA,DAB,2.0,418.5,2,209.25
SNA,DAY,12.0,6148.1900000000005,12,512.3491666666667
SNA,DEN,1.0,263.71,1,263.71
SNA,DFW,2.0,727.05,2,363.525
SNA,DSM,5.0,1064.37,5,212.87399999999997
SNA,DTW,1.0,336.52,1,336.52
SNA,ECP,1.0,393.5,1,393.5
SNA,EVV,13.0,4500.0,13,346.15384615384613
SNA,FAR,6.0,1638.21,6,273.035
SNA,FAY,1.0,584.0,1,584.0
SNA,FNT,2.0,533.5,2,266.75
SNA,FSD,3.0,292.47,3,97.49000000000001
SNA,FSM,10.0,2810.0299999999997,10,281.003
SNA,FWA,1.0,325.3,1,325.3
SNA,GJT,5.0,1436.97,5,287.394
SNA,GNV,1.0,528.05,1,528.05
SNA,GPT,3.0,1207.5,3,402.5
SNA,GRB,4.0,1320.5,4,330.125
SNA,GRK,2.0,620.5,2,310.25
SNA,GRR,15.0,5486.54,15,365.76933333333335
SNA,GSO,10.0,2768.99,10,276.899
SNA,GSP,3.0,613.95,3,204.65
SNA,HHH,1.0,5.46,1,5.46
SNA,HOU,4.0,1289.0,4,322.25
SNA,HPN,3.0,1139.0,3,379.6666666666667
SNA,HRL,2.0,451.68,2,225.84
SNA,HSV,10.0,3396.28,10,339.62800000000004
SNA,ICT,3.0,850.5,3,283.5
SNA,IND,4.0,1001.22,4,250.305
SNA,JAN,2.0,529.0,2,264.5
SNA,LAN,4.0,1624.0,4,406.0
SNA,LAW,1.0,231.0,1,231.0
SNA,LBB,3.0,443.28,3,147.76
SNA,LCH,3.0,810.0,3,270.0
SNA,LEX,13.0,3987.93,13,306.76384615384615
SNA,LFT,5.0,2009.61,5,401.92199999999997
SNA,LIT,12.0,4382.75,12,365.2291666666667
SNA,LSE,2.0,781.96,2,390.98
SNA,MAF,10.0,3292.5099999999998,10,329.251
SNA,MEM,2.0,746.71,2,373.355
SNA,MGM,3.0,934.0,3,311.3333333333333
SNA,MHK,7.0,2131.81,7,304.5442857142857
SNA,MIA,1.0,393.83,1,393.83
SNA,MKE,2.0,539.72,2,269.86
SNA,MLI,5.0,2204.82,5,440.96400000000006
SNA,MOB,2.0,656.5,2,328.25
SNA,MQT,2.0,918.21,2,459.105
SNA,MSN,17.0,4798.06,17,282.2388235294118
SNA,MSY,1.0,290.62,1,290.62
SNA,MYR,4.0,1836.9099999999999,4,459.22749999999996
SNA,OKC,2.0,390.62,2,195.31
SNA,ORD,4.0,1030.77,4,257.6925
SNA,PHX,1.0,157.83,1,157.83
SNA,PIA,10.0,2723.58,10,272.358
SNA,PIT,4.0,1376.12,4,344.03
SNA,PVD,7.0,1574.98,7,224.99714285714285
SNA,RAP,1.0,5.5,1,5.5
SNA,RDU,3.0,406.19,3,135.39666666666668
SNA,RIC,14.0,4486.73,14,320.48071428571427
SNA,ROC,5.0,1216.0,5,243.2
SNA,RST,1.0,278.0,1,278.0
SNA,SAF,4.0,685.0,4,171.25
SNA,SDF,7.0,2994.73,7,427.81857142857143
SNA,SGF,48.0,16006.91,44,333.47729166666664
SNA,SHV,9.0,3930.2,8,436.68888888888887
SNA,SJT,3.0,1518.0,3,506.0
SNA,STL,1.0,163.0,1,163.0
SNA,SYR,5.0,1242.8600000000001,5,248.57200000000003
SNA,TLH,8.0,2352.0,8,294.0
SNA,TRI,3.0,1161.5,3,387.1666666666667
SNA,TUL,5.0,1900.26,5,380.052
SNA,TUS,4.0,956.0,4,239.0
SNA,TVC,6.0,1494.5,4,249.08333333333334
SNA,TYS,4.0,1886.62,4,471.655
SNA,VPS,1.0,204.0,1,204.0
SNA,XNA,49.0,17640.97,48,360.0197959183674
SOW,CMI,1.0,445.0,1,445.0
SOW,MAF,1.0,316.5,1,316.5
SOW,MGM,1.0,611.5,1,611.5
SPI,GJT,2.0,466.0,2,233.0
SPI,GPT,1.0,233.5,1,233.5
SPI,GRK,1.0,153.0,1,153.0
SPI,HOU,2.0,482.0,2,241.0
SPI,MRY,1.0,348.5,1,348.5
SPI,SHV,2.0,653.0,2,326.5
SPS,GPT,1.0,215.5,1,215.5
SPS,GRR,1.0,560.5,1,560.5
SPS,GSO,1.0,199.79,1,199.79
SPS,HSV,1.0,234.0,1,234.0
SPS,IAH,2.0,309.0,2,154.5
SPS,MSN,1.0,339.0,1,339.0
SPS,SDF,1.0,359.0,1,359.0
SPS,VPS,4.0,1997.0,4,499.25
SRQ,ATW,10.0,2418.43,10,241.843
SRQ,AZO,1.0,177.73,1,177.73
SRQ,BMI,1.0,193.0,1,193.0
SRQ,BOS,1.0,129.11,1,129.11
SRQ,CID,3.0,554.75,3,184.91666666666666
SRQ,CMH,3.0,561.54,3,187.17999999999998
SRQ,CMI,2.0,418.24,2,209.12
SRQ,COU,3.0,1057.19,3,352.3966666666667
SRQ,CVG,1.0,245.44,1,245.44
SRQ,CWA,2.0,1225.79,2,612.895
SRQ,DAY,1.0,196.95,1,196.95
SRQ,DRO,2.0,219.0,2,109.5
SRQ,DSM,2.0,481.77,2,240.885
SRQ,EVV,1.0,4.15,1,4.15
SRQ,FAR,5.0,1454.58,5,290.916
SRQ,FNT,2.0,11.0,1,5.5
SRQ,FSD,4.0,917.0,4,229.25
SRQ,FSM,1.0,363.5,1,363.5
SRQ,GJT,5.0,1830.97,5,366.194
SRQ,GRB,3.0,1669.9299999999998,3,556.6433333333333
SRQ,GRR,2.0,656.14,2,328.07
SRQ,GSP,1.0,173.0,1,173.0
SRQ,HHH,1.0,179.5,1,179.5
SRQ,ICT,4.0,1828.65,4,457.1625
SRQ,LAN,4.0,970.83,4,242.7075
SRQ,LSE,5.0,1237.69,5,247.538
SRQ,MHK,3.0,907.8,3,302.59999999999997
SRQ,MKE,2.0,450.22,2,225.11
SRQ,MLI,2.0,955.39,2,477.695
SRQ,MQT,1.0,340.4,1,340.4
SRQ,MSN,4.0,1491.71,4,372.9275
SRQ,ORD,7.0,3167.36,7,452.48
SRQ,PIA,4.0,1391.43,3,347.8575
SRQ,PVD,1.0,518.1,1,518.1
SRQ,RAP,7.0,2143.0,7,306.14285714285717
SRQ,RST,2.0,448.5,2,224.25
SRQ,SAF,3.0,1265.0,3,421.6666666666667
SRQ,SGF,14.0,3832.84,14,273.7742857142857
SRQ,SHV,1.0,389.12,1,389.12
SRQ,STL,2.0,509.98,2,254.99
SRQ,TVC,5.0,1363.0,5,272.6
SRQ,XNA,11.0,3060.98,11,278.2709090909091
STL,ABE,3.0,837.76,3,279.25333333333333
STL,ABI,9.0,3455.0,5,383.8888888888889
STL,ABQ,2.0,547.44,2,273.72
STL,AGS,1.0,522.0,1,522.0
STL,ALB,5.0,1498.56,5,299.712
STL,ANC,1.0,423.0,1,423.0
STL,ASE,3.0,387.08,2,129.02666666666667
STL,ATL,4.0,632.83,4,158.2075
STL,ATW,2.0,791.5,2,395.75
STL,AUS,285.0,45923.89,181,161.13645614035087
STL,AVP,2.0,768.23,2,384.115
STL,AZO,5.0,1200.5,5,240.1
STL,BDL,14.0,4124.06,13,294.5757142857143
STL,BFL,7.0,2905.9300000000003,7,415.1328571428572
STL,BHM,4.0,879.63,4,219.9075
STL,BOS,41.0,11812.61,33,288.11243902439026
STL,BRO,3.0,1256.5,3,418.8333333333333
STL,BTR,2.0,483.0,2,241.5
STL,BUF,9.0,2606.41,7,289.6011111111111
STL,BWI,5.0,1112.1599999999999,5,222.43199999999996
STL,CHS,2.0,705.51,2,352.755
STL,CID,5.0,1993.5,5,398.7
STL,CLE,10.0,2161.0,10,216.1
STL,CLT,17.0,3273.35,17,192.54999999999998
STL,CMH,12.0,3441.85,12,286.8208333333333
STL,CMI,1.0,402.5,1,402.5
STL,CRP,3.0,861.0,3,287.0
STL,CVG,10.0,2513.46,10,251.346
STL,CWA,4.0,932.5,4,233.125
STL,DAB,1.0,155.21,1,155.21
STL,DAY,7.0,1743.0,7,249.0
STL,DCA,5.0,1482.98,5,296.596
STL,DEN,6.0,713.95,5,118.99166666666667
STL,DFW,23.0,5122.21,23,222.70478260869567
STL,DRO,2.0,708.5,2,354.25
STL,DRT,1.0,275.84,1,275.84
STL,DSM,2.0,345.88,2,172.94
STL,DTW,1.0,171.54,1,171.54
STL,EGE,3.0,492.46000000000004,3,164.15333333333334
STL,ELP,14.0,3845.52,14,274.68
STL,EWR,15.0,3823.45,14,254.89666666666665
STL,EYW,1.0,400.84,1,400.84
STL,FAI,1.0,645.31,1,645.31
STL,FAR,1.0,488.0,1,488.0
STL,FLL,4.0,1767.5700000000002,4,441.89250000000004
STL,FNT,1.0,340.5,1,340.5
STL,FSD,6.0,1705.75,6,284.2916666666667
STL,FSM,4.0,1184.0,4,296.0
STL,FWA,5.0,1681.0,5,336.2
STL,GJT,5.0,2354.5,5,470.9
STL,GNV,2.0,668.4000000000001,2,334.20000000000005
STL,GPT,1.0,483.4,1,483.4
STL,GRB,6.0,2320.0,6,386.6666666666667
STL,GRK,6.0,1081.5,6,180.25
STL,GRR,12.0,3536.0,11,294.6666666666667
STL,GSO,6.0,1439.87,6,239.97833333333332
STL,GSP,3.0,785.85,3,261.95
STL,HHH,1.0,392.0,1,392.0
STL,HNL,4.0,1414.54,4,353.635
STL,HPN,2.0,587.0,2,293.5
STL,HRL,1.0,208.5,1,208.5
STL,ICT,4.0,932.93,4,233.2325
STL,IND,7.0,1675.5,6,239.35714285714286
STL,JAX,6.0,1248.6,5,208.1
STL,JFK,6.0,1500.95,6,250.15833333333333
STL,JNU,2.0,945.47,2,472.735
STL,KOA,2.0,663.1600000000001,2,331.58000000000004
STL,KTN,1.0,5.79,1,5.79
STL,LAN,10.0,2320.44,10,232.044
STL,LAS,12.0,3662.0,11,305.1666666666667
STL,LAW,1.0,469.13,1,469.13
STL,LAX,16.0,7416.57,15,463.535625
STL,LBB,2.0,951.9100000000001,2,475.95500000000004
STL,LCH,6.0,1773.67,6,295.6116666666667
STL,LEX,4.0,1094.5,4,273.625
STL,LFT,3.0,594.51,3,198.17
STL,LGA,3.0,598.45,3,199.48333333333335
STL,LSE,10.0,3565.5,9,356.55
STL,MAF,2.0,748.45,2,374.225
STL,MCO,13.0,2796.42,12,215.10923076923078
STL,MDT,2.0,1955.0,2,977.5
STL,MFE,1.0,567.0,1,567.0
STL,MGM,1.0,102.34,1,102.34
STL,MHK,2.0,632.0,2,316.0
STL,MIA,285.0,77203.02,201,270.8877894736842
STL,MKE,6.0,2041.0,6,340.1666666666667
STL,MOB,4.0,1042.8,4,260.7
STL,MRY,4.0,1029.6399999999999,4,257.40999999999997
STL,MSN,13.0,3771.89,13,290.1453846153846
STL,MSP,6.0,960.0,5,160.0
STL,MSY,1.0,149.0,1,149.0
STL,OAJ,1.0,209.0,1,209.0
STL,OKC,1.0,5.0,1,5.0
STL,OMA,6.0,1247.9,6,207.98333333333335
STL,ORD,425.0,85302.56,294,200.71190588235294
STL,PBI,5.0,920.96,5,184.192
STL,PDX,5.0,1645.88,5,329.17600000000004
STL,PHL,14.0,3497.46,12,249.81857142857143
STL,PHX,3.0,749.5699999999999,3,249.85666666666665
STL,PIT,7.0,1856.3600000000001,7,265.19428571428574
STL,PNS,2.0,478.0,2,239.0
STL,PVD,6.0,1779.33,6,296.555
STL,RDU,7.0,2322.2799999999997,7,331.7542857142857
STL,RIC,5.0,1305.02,5,261.004
STL,ROC,5.0,1466.28,5,293.256
STL,RST,7.0,1924.5,7,274.92857142857144
STL,RSW,7.0,960.21,6,137.17285714285714
STL,SAF,1.0,206.5,1,206.5
STL,SAN,4.0,1964.22,4,491.055
STL,SAT,1.0,299.0,1,299.0
STL,SBP,7.0,2217.5,6,316.7857142857143
STL,SEA,19.0,4368.6,14,229.9263157894737
STL,SFO,10.0,3594.83,8,359.483
STL,SHV,7.0,2947.73,7,421.1042857142857
STL,SJU,2.0,1111.3,2,555.65
STL,SLC,1.0,5.5,1,5.5
STL,SMF,3.0,928.4300000000001,3,309.4766666666667
STL,SNA,5.0,1484.49,5,296.898
STL,SRQ,2.0,390.02,2,195.01
STL,STS,4.0,1489.5,4,372.375
STL,SUN,1.0,385.0,1,385.0
STL,SYR,9.0,2322.63,9,258.07
STL,TLH,3.0,881.9200000000001,3,293.97333333333336
STL,TPA,8.0,2223.36,8,277.92
STL,TUL,1.0,259.0,1,259.0
STL,TUS,3.0,742.74,3,247.58
STL,TVC,4.0,1292.5,4,323.125
STL,TYS,6.0,2405.57,6,400.92833333333334
STL,VPS,2.0,520.29,2,260.145
STL,YUM,4.0,1039.5,4,259.875
STS,ABQ,4.0,1131.0,4,282.75
STS,ATL,4.0,1956.0,4,489.0
STS,AUS,16.0,4705.04,16,294.065
STS,AVL,1.0,399.0,1,399.0
STS,BHM,2.0,1032.0,2,516.0
STS,BNA,7.0,2712.87,7,387.55285714285714
STS,BTR,3.0,1316.0,3,438.6666666666667
STS,BUR,2.0,210.5,2,105.25
STS,CHA,2.0,848.0,2,424.0
STS,CHS,1.0,299.0,1,299.0
STS,CID,2.0,511.5,2,255.75
STS,CLE,2.0,1291.0,2,645.5
STS,CLT,4.0,1615.17,4,403.7925
STS,CMH,5.0,2350.0,5,470.0
STS,COU,1.0,299.0,1,299.0
STS,CRP,1.0,329.0,1,329.0
STS,CVG,1.0,240.25,1,240.25
STS,DAY,1.0,1088.0,1,1088.0
STS,DCA,5.0,1360.81,5,272.162
STS,DEN,4.0,1110.0,4,277.5
STS,DFW,141.0,44770.33,112,317.52007092198585
STS,DRO,2.0,729.0,2,364.5
STS,DTW,2.0,806.6800000000001,2,403.34000000000003
STS,ELP,5.0,1594.0,5,318.8
STS,FLL,1.0,5.0,1,5.0
STS,GJT,3.0,899.5,3,299.8333333333333
STS,GPT,2.0,780.0,2,390.0
STS,HOU,5.0,1688.5,4,337.7
STS,IAD,1.0,268.0,1,268.0
STS,IAH,7.0,2291.99,7,327.4271428571428
STS,ICT,1.0,302.0,1,302.0
STS,IND,1.0,502.0,1,502.0
STS,JAN,1.0,464.0,1,464.0
STS,JAX,4.0,1211.5,4,302.875
STS,LAS,4.0,1063.0,4,265.75
STS,LAX,3.0,620.0,3,206.66666666666666
STS,LBB,1.0,394.0,1,394.0
STS,LEX,1.0,433.5,1,433.5
STS,LIT,3.0,1530.5,3,510.1666666666667
STS,MAF,5.0,1957.0,5,391.4
STS,MCI,4.0,1575.35,4,393.8375
STS,MCO,5.0,3390.19,5,678.038
STS,MEM,3.0,1368.9,3,456.3
STS,MGM,1.0,993.0,1,993.0
STS,MHK,4.0,1760.0,4,440.0
STS,MHT,1.0,308.0,1,308.0
STS,MIA,5.0,2726.05,5,545.21
STS,MKE,1.0,266.0,1,266.0
STS,MLI,2.0,1271.0,2,635.5
STS,MSN,3.0,1687.69,3,562.5633333333334
STS,MSY,11.0,3802.11,11,345.6463636363637
STS,OKC,2.0,788.0,1,394.0
STS,OMA,2.0,690.14,2,345.07
STS,ORD,7.0,2301.0,7,328.7142857142857
STS,PHL,1.0,316.0,1,316.0
STS,PHX,240.0,59029.18,155,245.95491666666666
STS,PIT,2.0,409.0,2,204.5
STS,PNS,3.0,867.5,3,289.1666666666667
STS,PSP,2.0,888.0,2,444.0
STS,PWM,2.0,1000.05,2,500.025
STS,RDU,2.0,367.61,2,183.805
STS,ROC,1.0,387.6,1,387.6
STS,ROW,2.0,909.5,2,454.75
STS,RSW,1.0,3392.0,1,3392.0
STS,SAF,1.0,186.5,1,186.5
STS,SAN,1.0,78.0,1,78.0
STS,SAT,6.0,1756.79,6,292.79833333333335
STS,SBN,1.0,1578.0,1,1578.0
STS,SDF,3.0,1667.0,3,555.6666666666666
STS,SGF,4.0,1757.54,4,439.385
STS,SHV,1.0,268.5,1,268.5
STS,SJT,1.0,246.36,1,246.36
STS,SJU,1.0,287.0,1,287.0
STS,SLC,2.0,482.0,2,241.0
STS,SNA,2.0,354.0,2,177.0
STS,SPI,1.0,11.0,1,11.0
STS,SRQ,1.0,264.0,1,264.0
STS,STL,6.0,1796.5,6,299.4166666666667
STS,TLH,1.0,258.5,1,258.5
STS,TPA,6.0,2015.0,6,335.8333333333333
STS,TUL,3.0,1313.69,3,437.8966666666667
STS,TUS,19.0,5178.14,18,272.53368421052636
STS,TVC,1.0,560.59,1,560.59
STS,TYS,1.0,400.0,1,400.0
STS,VPS,1.0,279.29,1,279.29
STS,XNA,6.0,2228.37,6,371.395
STS,YUM,1.0,559.0,1,559.0
STT,ABI,2.0,1212.76,1,606.38
STT,ATW,9.0,5775.43,9,641.7144444444444
STT,AUS,1.0,405.15,1,405.15
STT,BHM,9.0,4660.5599999999995,8,517.8399999999999
STT,BZN,3.0,925.21,3,308.40333333333336
STT,CHA,1.0,400.58,1,400.58
STT,CHS,12.0,4327.96,12,360.66333333333336
STT,CID,3.0,1696.29,2,565.43
STT,CMH,13.0,3766.84,13,289.7569230769231
STT,CMI,1.0,729.1,1,729.1
STT,CRP,1.0,968.0,1,968.0
STT,CVG,11.0,4976.21,9,452.38272727272727
STT,CWA,1.0,412.66,1,412.66
STT,DFW,1.0,689.14,1,689.14
STT,DSM,4.0,2220.2799999999997,4,555.0699999999999
STT,DTW,1.0,348.48,1,348.48
STT,EYW,3.0,775.0,3,258.3333333333333
STT,FAR,4.0,1926.8,4,481.7
STT,FSD,1.0,471.3,1,471.3
STT,FSM,1.0,387.74,1,387.74
STT,GNV,3.0,723.15,3,241.04999999999998
STT,GRR,7.0,3352.34,7,478.9057142857143
STT,GSO,12.0,2654.21,10,221.18416666666667
STT,GSP,9.0,3461.48,9,384.6088888888889
STT,HPN,1.0,200.5,1,200.5
STT,IND,1.0,504.5,1,504.5
STT,JAN,1.0,415.52,1,415.52
STT,JAX,9.0,4121.93,9,457.99222222222227
STT,LFT,2.0,1095.0,2,547.5
STT,LIT,2.0,842.86,1,421.43
STT,MAF,2.0,1831.68,2,915.84
STT,MHK,1.0,349.5,1,349.5
STT,MIA,1.0,507.53,1,507.53
STT,MSN,1.0,539.0,1,539.0
STT,MSO,1.0,594.63,1,594.63
STT,ORD,1.0,486.26,1,486.26
STT,PIA,1.0,389.8,1,389.8
STT,PIT,1.0,796.15,1,796.15
STT,PNS,25.0,10933.45,24,437.338
STT,RAP,3.0,1336.0,3,445.3333333333333
STT,RDU,3.0,1289.8899999999999,3,429.9633333333333
STT,ROC,1.0,464.16,1,464.16
STT,SAV,17.0,5970.54,16,351.2082352941176
STT,SBA,1.0,531.0,1,531.0
STT,SGF,5.0,1365.78,5,273.156
STT,SHV,1.0,471.0,1,471.0
STT,SYR,1.0,7.5,1,7.5
STT,TLH,21.0,6251.17,18,297.6747619047619
STT,TPA,1.0,681.5,1,681.5
STT,TUS,2.0,457.01,2,228.505
STT,TVC,4.0,2239.8,4,559.95
STT,TYS,12.0,4937.16,12,411.43
STT,XNA,17.0,8958.32,17,526.96
STX,ATW,1.0,1231.0,1,1231.0
STX,AUS,1.0,449.64,1,449.64
STX,BHM,4.0,1473.5,4,368.375
STX,CHS,5.0,1991.67,5,398.334
STX,CMH,12.0,6246.8,9,520.5666666666667
STX,CVG,9.0,4179.67,7,464.40777777777777
STX,DSM,1.0,462.77,1,462.77
STX,EYW,1.0,344.5,1,344.5
STX,GJT,1.0,502.0,1,502.0
STX,GSO,5.0,1210.0,4,242.0
STX,GSP,7.0,2422.5,7,346.07142857142856
STX,HPN,2.0,664.0,2,332.0
STX,JAX,6.0,1870.0,6,311.6666666666667
STX,LBB,1.0,432.5,1,432.5
STX,MAF,1.0,680.5,1,680.5
STX,MSN,3.0,1652.35,3,550.7833333333333
STX,PNS,6.0,1821.0,6,303.5
STX,RAP,1.0,570.0,1,570.0
STX,RDU,1.0,136.0,1,136.0
STX,SAV,1.0,379.0,1,379.0
STX,TLH,5.0,2228.0,4,445.6
STX,TPA,1.0,7.5,1,7.5
STX,TYS,3.0,670.0,3,223.33333333333334
STX,XNA,6.0,2155.0,5,359.1666666666667
SWO,BTR,1.0,170.0,1,170.0
SWO,DAY,1.0,298.5,1,298.5
SWO,FNT,1.0,293.5,1,293.5
SWO,GJT,1.0,347.0,1,347.0
SWO,GNV,1.0,295.5,1,295.5
SWO,GPT,1.0,209.0,1,209.0
SWO,GRK,1.0,343.0,1,343.0
SWO,HOU,3.0,615.5,3,205.16666666666666
SWO,LIT,1.0,141.0,1,141.0
SWO,MGM,1.0,187.0,1,187.0
SWO,MSY,1.0,231.38,1,231.38
SWO,TLH,1.0,228.5,1,228.5
SWO,TRI,1.0,286.42,1,286.42
SYR,ABI,1.0,322.93,1,322.93
SYR,ABQ,2.0,584.51,2,292.255
SYR,AGS,1.0,183.0,1,183.0
SYR,ANC,3.0,1505.0,3,501.6666666666667
SYR,ASE,1.0,254.5,1,254.5
SYR,ATL,1.0,228.66,1,228.66
SYR,AUS,7.0,2588.6800000000003,7,369.8114285714286
SYR,BFL,1.0,420.23,1,420.23
SYR,BHM,3.0,634.42,3,211.47333333333333
SYR,BMI,1.0,494.0,1,494.0
SYR,BNA,13.0,3230.3,13,248.4846153846154
SYR,CHS,1.0,5.0,1,5.0
SYR,CID,5.0,2268.5,5,453.7
SYR,CLT,3.0,364.92,3,121.64
SYR,CMH,5.0,1237.44,5,247.488
SYR,CMI,3.0,730.0,3,243.33333333333334
SYR,CVG,4.0,1094.18,4,273.545
SYR,DCA,46.0,8201.8,44,178.29999999999998
SYR,DEN,4.0,1159.96,4,289.99
SYR,DFW,5.0,1763.3899999999999,5,352.678
SYR,DRO,1.0,636.0,1,636.0
SYR,DSM,2.0,455.88,2,227.94
SYR,EGE,1.0,470.73,1,470.73
SYR,ELP,10.0,2531.18,9,253.118
SYR,EYW,3.0,1261.01,3,420.33666666666664
SYR,FAI,2.0,920.0,2,460.0
SYR,FLL,1.0,5.54,1,5.54
SYR,FSD,2.0,727.5,2,363.75
SYR,FWA,1.0,259.68,1,259.68
SYR,GPT,1.0,209.82,1,209.82
SYR,GRK,1.0,236.19,1,236.19
SYR,GRR,1.0,5.23,1,5.23
SYR,GSO,4.0,538.56,4,134.64
SYR,GSP,3.0,524.5,3,174.83333333333334
SYR,HHH,2.0,620.0,2,310.0
SYR,HNL,2.0,878.12,2,439.06
SYR,HSV,2.0,1517.0,2,758.5
SYR,IAH,7.0,2612.68,7,373.23999999999995
SYR,ICT,1.0,153.0,1,153.0
SYR,IND,4.0,720.12,4,180.03
SYR,JAC,1.0,265.44,1,265.44
SYR,JAX,3.0,142.57,3,47.52333333333333
SYR,LAS,19.0,5047.75,18,265.67105263157896
SYR,LAW,1.0,349.0,1,349.0
SYR,LAX,14.0,5976.43,14,426.8878571428572
SYR,LBB,1.0,348.0,1,348.0
SYR,LIT,3.0,767.8,3,255.9333333333333
SYR,LSE,4.0,1208.0,4,302.0
SYR,MCI,9.0,2088.89,9,232.09888888888887
SYR,MCO,3.0,388.23999999999995,3,129.41333333333333
SYR,MEM,2.0,478.99,2,239.495
SYR,MFE,1.0,364.31,1,364.31
SYR,MGM,1.0,212.76,1,212.76
SYR,MIA,51.0,15143.18,47,296.9250980392157
SYR,MLI,1.0,231.63,1,231.63
SYR,MSN,3.0,932.0,3,310.6666666666667
SYR,MSP,10.0,1951.99,10,195.199
SYR,MSY,7.0,3073.33,7,439.04714285714283
SYR,OKC,2.0,370.5,2,185.25
SYR,OMA,2.0,579.0,2,289.5
SYR,ONT,1.0,252.0,1,252.0
SYR,ORD,65.0,12563.2,55,193.28
SYR,PBI,3.0,940.71,3,313.57
SYR,PHX,19.0,5470.99,18,287.94684210526316
SYR,PIT,2.0,480.0,2,240.0
SYR,PNS,5.0,1478.16,5,295.632
SYR,PSP,2.0,499.74,2,249.87
SYR,RAP,2.0,945.5,2,472.75
SYR,RDU,2.0,644.0,2,322.0
SYR,RST,1.0,268.5,1,268.5
SYR,RSW,11.0,2589.44,11,235.40363636363637
SYR,SAN,14.0,2701.95,13,192.99642857142857
SYR,SAT,9.0,2234.52,9,248.28
SYR,SAV,1.0,258.0,1,258.0
SYR,SDF,4.0,911.06,4,227.765
SYR,SEA,3.0,954.25,3,318.0833333333333
SYR,SFO,3.0,817.85,3,272.6166666666667
SYR,SGF,4.0,1066.4,4,266.6
SYR,SHV,1.0,221.14,1,221.14
SYR,SJT,1.0,293.0,1,293.0
SYR,SJU,1.0,11.0,1,11.0
SYR,SLC,4.0,604.51,4,151.1275
SYR,SMF,3.0,561.0,3,187.0
SYR,SNA,7.0,1805.1399999999999,7,257.8771428571428
SYR,STL,6.0,1765.58,6,294.2633333333333
SYR,STT,1.0,7.5,1,7.5
SYR,TLH,1.0,333.78,1,333.78
SYR,TUL,1.0,377.0,1,377.0
SYR,TUS,8.0,2333.41,8,291.67625
SYR,TYS,2.0,675.3,2,337.65
SYR,XNA,8.0,2522.08,8,315.26
TBN,CRP,1.0,420.0,1,420.0
TBN,HRL,1.0,449.0,1,449.0
TBN,TPA,1.0,334.0,1,334.0
TLH,ABI,1.0,426.0,1,426.0
TLH,ABQ,2.0,585.85,2,292.925
TLH,AEX,1.0,289.0,1,289.0
TLH,ALB,1.0,5.49,1,5.49
TLH,AMA,2.0,985.5,2,492.75
TLH,ASE,1.0,481.5,1,481.5
TLH,ATW,3.0,797.5,3,265.8333333333333
TLH,AUS,16.0,7229.88,15,451.8675
TLH,AVL,1.0,487.5,1,487.5
TLH,BDL,1.0,612.0,1,612.0
TLH,BFL,1.0,344.0,1,344.0
TLH,BIL,1.0,302.0,1,302.0
TLH,BIS,1.0,424.0,1,424.0
TLH,BKW,1.0,323.0,1,323.0
TLH,BLI,1.0,587.0,1,587.0
TLH,BNA,2.0,726.0,2,363.0
TLH,BOI,2.0,1672.0,2,836.0
TLH,BOS,7.0,2341.87,7,334.55285714285714
TLH,BRO,1.0,948.0,1,948.0
TLH,BTV,2.0,557.0,1,278.5
TLH,BUF,2.0,597.5,2,298.75
TLH,BUR,3.0,1431.5,2,477.1666666666667
TLH,BWI,3.0,950.0,3,316.6666666666667
TLH,BZN,1.0,1348.5,1,1348.5
TLH,CHS,1.0,252.5,1,252.5
TLH,CID,1.0,521.0,1,521.0
TLH,CLE,1.0,323.0,1,323.0
TLH,CLT,54.0,15242.2,46,282.262962962963
TLH,CMH,4.0,1370.5,4,342.625
TLH,CMI,1.0,634.67,1,634.67
TLH,COD,1.0,513.0,1,513.0
TLH,COS,7.0,1938.5,7,276.92857142857144
TLH,COU,3.0,1064.5,3,354.8333333333333
TLH,CRP,5.0,2622.0,5,524.4
TLH,CVG,4.0,1453.33,4,363.3325
TLH,DCA,44.0,11396.7,40,259.01590909090913
TLH,DEN,18.0,5024.67,15,279.1483333333333
TLH,DFW,223.0,67597.54,145,303.12798206278023
TLH,DRO,5.0,2300.12,5,460.024
TLH,DSM,1.0,1884.72,1,1884.72
TLH,DTW,2.0,672.24,1,336.12
TLH,EGE,1.0,369.0,1,369.0
TLH,ELP,5.0,1457.73,5,291.546
TLH,EUG,1.0,5.0,1,5.0
TLH,EWR,14.0,4278.05,14,305.575
TLH,EYW,19.0,5234.51,18,275.5005263157895
TLH,FAI,1.0,539.0,1,539.0
TLH,FAR,2.0,1276.5,2,638.25
TLH,FAT,2.0,1129.5,2,564.75
TLH,FLG,1.0,503.0,1,503.0
TLH,FLO,2.0,739.0,2,369.5
TLH,FSD,3.0,1306.5,3,435.5
TLH,FSM,4.0,1838.0,4,459.5
TLH,GCK,2.0,1284.0,2,642.0
TLH,GJT,1.0,679.0,1,679.0
TLH,GRK,1.0,208.0,1,208.0
TLH,GRR,1.0,228.0,1,228.0
TLH,GSO,1.0,277.0,1,277.0
TLH,GSP,1.0,498.0,1,498.0
TLH,GUC,1.0,293.5,1,293.5
TLH,HDN,4.0,1679.0,4,419.75
TLH,HHH,1.0,232.0,1,232.0
TLH,HNL,2.0,1471.72,2,735.86
TLH,HOU,2.0,798.0,2,399.0
TLH,HRL,2.0,1033.0,2,516.5
TLH,IAD,1.0,296.0,1,296.0
TLH,IAH,26.0,8664.550000000001,26,333.2519230769231
TLH,ICT,1.0,567.0,1,567.0
TLH,ILM,1.0,885.0,1,885.0
TLH,IND,7.0,2584.85,5,369.2642857142857
TLH,JAC,7.0,2425.96,7,346.5657142857143
TLH,JFK,9.0,2941.91,8,326.87888888888887
TLH,LAS,39.0,15223.36,38,390.3425641025641
TLH,LAX,45.0,20151.21,42,447.80466666666666
TLH,LBB,2.0,607.0,2,303.5
TLH,LCH,1.0,369.0,1,369.0
TLH,LEX,3.0,1139.0,3,379.6666666666667
TLH,LFT,1.0,388.02,1,388.02
TLH,LGA,18.0,5224.57,17,290.25388888888887
TLH,LIH,2.0,385.39,2,192.695
TLH,LRD,4.0,2356.0,3,589.0
TLH,LYH,1.0,341.5,1,341.5
TLH,MAF,2.0,1079.5,2,539.75
TLH,MCI,1.0,5.57,1,5.57
TLH,MCO,9.0,2733.0,8,303.6666666666667
TLH,MEM,3.0,3191.46,3,1063.82
TLH,MFE,2.0,573.72,2,286.86
TLH,MHT,3.0,696.5,3,232.16666666666666
TLH,MIA,794.0,239295.06,320,301.3791687657431
TLH,MKE,1.0,696.0,1,696.0
TLH,MRY,3.0,1249.83,3,416.60999999999996
TLH,MSN,1.0,848.0,1,848.0
TLH,MSO,3.0,1029.5,3,343.1666666666667
TLH,MSP,3.0,1046.56,3,348.8533333333333
TLH,MTJ,4.0,2287.0,4,571.75
TLH,MYR,1.0,367.0,1,367.0
TLH,OAJ,1.0,344.0,1,344.0
TLH,OGG,2.0,2614.5,2,1307.25
TLH,OKC,9.0,3100.64,7,344.5155555555555
TLH,OMA,1.0,642.0,1,642.0
TLH,ONT,8.0,4481.47,8,560.18375
TLH,ORD,19.0,7043.01,18,370.6847368421053
TLH,ORF,1.0,208.0,1,208.0
TLH,PDX,9.0,4823.28,9,535.92
TLH,PGV,3.0,1472.0,3,490.6666666666667
TLH,PHL,8.0,2948.5,8,368.5625
TLH,PHX,27.0,11510.18,27,426.30296296296297
TLH,PIT,1.0,1595.0,1,1595.0
TLH,PSP,1.0,424.0,1,424.0
TLH,PVD,8.0,2369.5,8,296.1875
TLH,RAP,3.0,1052.0,3,350.6666666666667
TLH,RDU,8.0,3222.0,5,402.75
TLH,RIC,3.0,1619.5,3,539.8333333333334
TLH,RNO,3.0,620.0,3,206.66666666666666
TLH,ROA,1.0,442.0,1,442.0
TLH,ROC,1.0,331.69,1,331.69
TLH,ROW,2.0,498.48,2,249.24
TLH,SAN,19.0,7163.6,17,377.0315789473684
TLH,SAT,8.0,2698.08,8,337.26
TLH,SBP,2.0,264.0,2,132.0
TLH,SDF,3.0,1722.03,3,574.01
TLH,SEA,16.0,6514.639999999999,13,407.16499999999996
TLH,SFO,16.0,9118.0,16,569.875
TLH,SGF,4.0,1736.84,4,434.21
TLH,SGU,1.0,375.0,1,375.0
TLH,SHV,1.0,460.71,1,460.71
TLH,SJC,4.0,2907.0,4,726.75
TLH,SJT,2.0,1339.5,2,669.75
TLH,SJU,22.0,5370.33,22,244.10590909090908
TLH,SLC,32.0,13749.05,30,429.6578125
TLH,SMF,11.0,6301.43,11,572.8572727272727
TLH,SNA,9.0,2971.0,9,330.1111111111111
TLH,STL,7.0,2691.08,7,384.44
TLH,STS,1.0,258.5,1,258.5
TLH,STT,26.0,7263.83,22,279.37807692307695
TLH,STX,8.0,3131.0,7,391.375
TLH,SWO,1.0,228.5,1,228.5
TLH,SYR,3.0,1510.22,3,503.4066666666667
TLH,TUL,1.0,5.0,1,5.0
TLH,TUS,8.0,3973.5,7,496.6875
TLH,TVC,2.0,984.67,2,492.335
TLH,TYS,2.0,726.0,2,363.0
TLH,XNA,7.0,2313.5,7,330.5
TPA,ABI,11.0,3716.0,9,337.8181818181818
TPA,ABQ,1.0,5.41,1,5.41
TPA,AGS,4.0,821.5,4,205.375
TPA,ALO,1.0,237.5,1,237.5
TPA,AMA,1.0,350.0,1,350.0
TPA,ATL,3.0,578.0,3,192.66666666666666
TPA,ATW,27.0,7260.04,27,268.89037037037036
TPA,AUS,2.0,599.41,2,299.705
TPA,AZO,2.0,467.0,2,233.5
TPA,BFL,1.0,949.5,1,949.5
TPA,BHM,10.0,2384.8,10,238.48000000000002
TPA,BIL,3.0,797.61,3,265.87
TPA,BIS,1.0,249.0,1,249.0
TPA,BMI,6.0,1439.19,6,239.865
TPA,BNA,968.0,166864.29,500,172.38046487603307
TPA,BRO,1.0,250.5,1,250.5
TPA,BTR,1.0,178.2,1,178.2
TPA,BUF,2.0,981.85,2,490.925
TPA,CAK,1.0,258.87,1,258.87
TPA,CGI,4.0,1173.32,4,293.33
TPA,CHS,1.0,119.0,1,119.0
TPA,CID,9.0,1822.52,8,202.50222222222223
TPA,CLT,7.0,1569.3600000000001,6,224.19428571428574
TPA,CMH,14.0,3048.52,12,217.75142857142856
TPA,CMI,15.0,4791.63,14,319.442
TPA,COU,5.0,1415.58,4,283.116
TPA,CRP,7.0,1119.0,6,159.85714285714286
TPA,CVG,3.0,581.48,3,193.82666666666668
TPA,CWA,6.0,1906.0,6,317.6666666666667
TPA,DCA,5.0,1929.9599999999998,5,385.99199999999996
TPA,DFW,13.0,3296.08,12,253.54461538461538
TPA,DRO,7.0,1676.99,7,239.57
TPA,DSM,4.0,1492.7,4,373.175
TPA,EGE,2.0,1031.8,2,515.9
TPA,ELP,10.0,3213.46,10,321.346
TPA,EVV,1.0,793.0,1,793.0
TPA,EWR,1.0,507.0,1,507.0
TPA,EYW,1.0,5.5,1,5.5
TPA,FAR,23.0,8096.7,23,352.03043478260867
TPA,FAY,1.0,245.55,1,245.55
TPA,FCA,1.0,11.0,1,11.0
TPA,FNT,6.0,1486.7,6,247.78333333333333
TPA,FSD,8.0,2422.81,7,302.85125
TPA,FSM,6.0,732.5,4,122.08333333333333
TPA,GJT,12.0,6201.5,12,516.7916666666666
TPA,GRB,20.0,6202.84,18,310.142
TPA,GRK,2.0,1064.5,2,532.25
TPA,GRR,7.0,2775.89,7,396.55571428571426
TPA,GSP,4.0,679.5,4,169.875
TPA,HHH,3.0,553.44,3,184.48000000000002
TPA,HOU,2.0,997.0,2,498.5
TPA,HRL,1.0,298.5,1,298.5
TPA,HSV,1.0,256.78,1,256.78
TPA,IAH,2.0,341.49,2,170.745
TPA,ICT,22.0,5838.17,22,265.37136363636364
TPA,IND,4.0,742.31,4,185.5775
TPA,JAN,1.0,210.43,1,210.43
TPA,JFK,4.0,1141.0,3,285.25
TPA,LAN,9.0,1982.6399999999999,8,220.29333333333332
TPA,LAX,4.0,1626.69,4,406.6725
TPA,LBB,1.0,899.0,1,899.0
TPA,LCH,1.0,281.5,1,281.5
TPA,LEX,7.0,1648.5,7,235.5
TPA,LFT,4.0,1126.37,4,281.5925
TPA,LGA,3.0,504.78999999999996,3,168.26333333333332
TPA,LIT,9.0,2727.84,9,303.09333333333336
TPA,LSE,19.0,5220.16,17,274.7452631578947
TPA,MAF,11.0,4180.54,11,380.0490909090909
TPA,MCI,4.0,694.54,4,173.635
TPA,MEM,3.0,776.0699999999999,3,258.69
TPA,MFE,1.0,5.52,1,5.52
TPA,MHK,21.0,6703.29,21,319.20428571428573
TPA,MIA,312.0,74170.05,205,237.72451923076923
TPA,MKE,2.0,12.49,2,6.245
TPA,MLI,15.0,5070.4400000000005,15,338.02933333333334
TPA,MQT,5.0,1425.85,4,285.16999999999996
TPA,MRY,4.0,2113.87,4,528.4675
TPA,MSN,8.0,1669.23,8,208.65375
TPA,MSO,2.0,600.0,2,300.0
TPA,MSP,1.0,6.21,1,6.21
TPA,MSY,2.0,921.11,2,460.555
TPA,MWA,3.0,639.5,3,213.16666666666666
TPA,OGG,1.0,323.0,1,323.0
TPA,OKC,3.0,627.46,3,209.15333333333334
TPA,OMA,3.0,783.42,3,261.14
TPA,ORD,13.0,2814.45,13,216.49615384615385
TPA,OWB,1.0,228.0,1,228.0
TPA,PHL,8.0,2582.54,8,322.8175
TPA,PHX,2.0,722.8299999999999,2,361.41499999999996
TPA,PIA,7.0,2885.74,7,412.2485714285714
TPA,PNS,13.0,3402.3199999999997,10,261.7169230769231
TPA,PSP,7.0,1539.57,7,219.9385714285714
TPA,RAP,14.0,5532.88,14,395.2057142857143
TPA,RDU,12.0,2484.78,12,207.06500000000003
TPA,RNO,1.0,5.43,1,5.43
TPA,RST,12.0,2898.83,12,241.56916666666666
TPA,SAT,2.0,487.0,2,243.5
TPA,SAV,10.0,2177.23,9,217.723
TPA,SBP,5.0,1888.14,5,377.62800000000004
TPA,SDF,1.0,243.51,1,243.51
TPA,SGF,37.0,11015.9,36,297.727027027027
TPA,SHV,10.0,3857.22,9,385.722
TPA,SJU,4.0,2369.5,4,592.375
TPA,STL,5.0,1575.65,5,315.13
TPA,STS,1.0,218.0,1,218.0
TPA,STT,1.0,681.5,1,681.5
TPA,STX,4.0,627.5,4,156.875
TPA,TBN,1.0,334.0,1,334.0
TPA,TUL,11.0,1936.75,11,176.0681818181818
TPA,TUP,1.0,185.0,1,185.0
TPA,TVC,7.0,2511.1,6,358.7285714285714
TPA,TYS,1.0,370.51,1,370.51
TPA,XNA,48.0,13082.95,47,272.56145833333335
TPA,YUM,3.0,599.73,3,199.91
TRI,ABQ,4.0,1479.0,4,369.75
TRI,ATW,1.0,206.5,1,206.5
TRI,AUS,3.0,416.5,3,138.83333333333334
TRI,BFL,1.0,304.0,1,304.0
TRI,BHM,1.0,177.5,1,177.5
TRI,BIL,2.0,511.5,2,255.75
TRI,BRO,2.0,379.0,2,189.5
TRI,BTR,1.0,292.75,1,292.75
TRI,CLL,2.0,731.5,2,365.75
TRI,COS,2.0,842.0,2,421.0
TRI,COU,1.0,183.5,1,183.5
TRI,CRP,1.0,309.0,1,309.0
TRI,DEN,1.0,5.6,1,5.6
TRI,DFW,85.0,23738.88,65,279.2809411764706
TRI,FAT,2.0,1280.0,2,640.0
TRI,FSD,1.0,343.0,1,343.0
TRI,FSM,1.0,668.0,1,668.0
TRI,GRK,1.0,722.0,1,722.0
TRI,HOU,1.0,288.5,1,288.5
TRI,HRL,1.0,304.0,1,304.0
TRI,IAH,1.0,332.28,1,332.28
TRI,LAS,8.0,3442.94,7,430.3675
TRI,LAW,1.0,291.0,1,291.0
TRI,LAX,1.0,228.83,1,228.83
TRI,LFT,1.0,395.49,1,395.49
TRI,LRD,1.0,419.0,1,419.0
TRI,MAF,4.0,1454.76,4,363.69
TRI,MCI,1.0,274.43,1,274.43
TRI,MFE,3.0,608.0,3,202.66666666666666
TRI,MIA,1.0,5.92,1,5.92
TRI,MLI,1.0,198.86,1,198.86
TRI,MLU,1.0,565.0,1,565.0
TRI,OKC,3.0,1387.72,3,462.5733333333333
TRI,ONT,3.0,841.12,3,280.37333333333333
TRI,PDX,5.0,1915.8,5,383.15999999999997
TRI,PHX,5.0,2061.81,5,412.36199999999997
TRI,RAP,4.0,1256.5,3,314.125
TRI,RNO,5.0,2609.5,5,521.9
TRI,SAN,2.0,481.5,2,240.75
TRI,SAT,3.0,1125.99,3,375.33
TRI,SFO,2.0,897.72,2,448.86
TRI,SGF,2.0,634.35,2,317.175
TRI,SHV,1.0,265.67,1,265.67
TRI,SLC,1.0,5.52,1,5.52
TRI,SMF,1.0,254.46,1,254.46
TRI,SNA,4.0,1166.5,4,291.625
TRI,SWO,1.0,244.58,1,244.58
TRI,TUS,4.0,1528.0,3,382.0
TRI,XNA,2.0,805.0,2,402.5
TUL,ABQ,1.0,299.0,1,299.0
TUL,ACT,1.0,238.5,1,238.5
TUL,ALB,2.0,321.38,2,160.69
TUL,ANC,2.0,499.90999999999997,2,249.95499999999998
TUL,ATL,1.0,273.0,1,273.0
TUL,ATW,3.0,1138.0,3,379.3333333333333
TUL,AUS,211.0,35586.2,153,168.6549763033175
TUL,AVL,2.0,491.42,2,245.71
TUL,AVP,1.0,590.27,1,590.27
TUL,BDL,3.0,1245.76,3,415.25333333333333
TUL,BFL,5.0,1995.3400000000001,5,399.06800000000004
TUL,BHM,1.0,546.58,1,546.58
TUL,BIL,3.0,1044.0,3,348.0
TUL,BNA,7.0,1992.97,7,284.71
TUL,BOI,1.0,383.0,1,383.0
TUL,BOS,2.0,498.0,2,249.0
TUL,BRO,1.0,5.0,1,5.0
TUL,BTR,4.0,1059.0,4,264.75
TUL,BUF,1.0,169.5,1,169.5
TUL,BUR,10.0,2924.87,10,292.48699999999997
TUL,BWI,6.0,2260.5,6,376.75
TUL,BZN,3.0,1155.75,3,385.25
TUL,CAE,2.0,827.95,2,413.975
TUL,CHA,6.0,1941.07,6,323.51166666666666
TUL,CID,1.0,244.71,1,244.71
TUL,CLE,5.0,1412.67,5,282.534
TUL,CLT,2.0,833.8,2,416.9
TUL,CMH,9.0,2825.13,9,313.90333333333336
TUL,CMI,3.0,935.63,3,311.87666666666667
TUL,CRP,7.0,1785.5,7,255.07142857142858
TUL,CVG,10.0,2164.64,10,216.464
TUL,CWA,2.0,813.0,2,406.5
TUL,DAY,1.0,314.75,1,314.75
TUL,DCA,8.0,2824.96,8,353.12
TUL,DEN,2.0,632.0,2,316.0
TUL,DFW,81.0,20446.98,68,252.43185185185186
TUL,DRO,2.0,11.0,2,5.5
TUL,DSM,5.0,1068.71,5,213.74200000000002
TUL,DTW,6.0,1977.32,6,329.55333333333334
TUL,ECP,1.0,254.0,1,254.0
TUL,EGE,1.0,241.03,1,241.03
TUL,ELP,4.0,606.48,4,151.62
TUL,EVV,4.0,1595.0,4,398.75
TUL,EWR,16.0,3700.1,16,231.25625
TUL,FAR,3.0,1492.23,3,497.41
TUL,FAT,11.0,3683.05,10,334.82272727272726
TUL,FLG,2.0,847.0,2,423.5
TUL,FLL,2.0,518.5,2,259.25
TUL,FNT,5.0,1080.5,5,216.1
TUL,FSD,2.0,752.0,2,376.0
TUL,FWA,3.0,751.5,3,250.5
TUL,GJT,2.0,661.94,2,330.97
TUL,GPT,4.0,848.0,4,212.0
TUL,GRB,3.0,1455.0,3,485.0
TUL,GRK,2.0,650.0,2,325.0
TUL,GRR,5.0,1756.53,5,351.306
TUL,GSO,1.0,398.0,1,398.0
TUL,GSP,2.0,373.21000000000004,2,186.60500000000002
TUL,HOU,3.0,655.74,3,218.58
TUL,HRL,1.0,219.0,1,219.0
TUL,HSV,5.0,1521.4099999999999,5,304.282
TUL,IAD,2.0,777.44,2,388.72
TUL,IAH,7.0,1564.5,7,223.5
TUL,IND,9.0,3096.92,9,344.1022222222222
TUL,ITO,1.0,472.0,1,472.0
TUL,JAN,6.0,1807.5,6,301.25
TUL,JAX,1.0,182.91,1,182.91
TUL,JFK,3.0,636.8199999999999,3,212.2733333333333
TUL,LAN,4.0,1475.5,3,368.875
TUL,LAS,16.0,5531.67,15,345.729375
TUL,LAX,11.0,2041.23,10,185.56636363636363
TUL,LBB,5.0,1781.76,5,356.352
TUL,LCH,5.0,1452.0,5,290.4
TUL,LEX,5.0,1641.09,5,328.21799999999996
TUL,LFT,8.0,3260.38,8,407.5475
TUL,LGA,3.0,3420.0,3,1140.0
TUL,LRD,2.0,658.5,2,329.25
TUL,LSE,2.0,878.0,2,439.0
TUL,MAF,11.0,2377.0,11,216.0909090909091
TUL,MCO,42.0,10120.65,36,240.96785714285713
TUL,MDT,7.0,2309.12,7,329.8742857142857
TUL,MEM,4.0,932.8,4,233.2
TUL,MFE,1.0,203.0,1,203.0
TUL,MFR,2.0,1097.5,2,548.75
TUL,MGM,1.0,227.0,1,227.0
TUL,MIA,19.0,5763.25,18,303.32894736842104
TUL,MKE,5.0,1138.5,5,227.7
TUL,MLI,5.0,1836.0,5,367.2
TUL,MOB,3.0,1135.93,3,378.6433333333334
TUL,MQT,1.0,5.5,1,5.5
TUL,MRY,4.0,886.77,4,221.6925
TUL,MSN,2.0,811.0,2,405.5
TUL,MSO,1.0,77.0,1,77.0
TUL,MSP,4.0,1093.5,4,273.375
TUL,MSY,6.0,1260.0,6,210.0
TUL,ONT,3.0,903.04,3,301.0133333333333
TUL,ORD,28.0,5851.45,24,208.98035714285714
TUL,PBI,4.0,1559.74,4,389.935
TUL,PDX,6.0,2914.07,6,485.67833333333334
TUL,PHL,3.0,814.5,3,271.5
TUL,PHX,336.0,90087.21,238,268.11669642857146
TUL,PIA,3.0,900.8,3,300.26666666666665
TUL,PIT,1.0,5.0,1,5.0
TUL,PSP,12.0,6479.45,12,539.9541666666667
TUL,RAP,2.0,281.0,2,140.5
TUL,RDU,1.0,279.0,1,279.0
TUL,RIC,5.0,1568.94,5,313.788
TUL,RNO,10.0,2258.44,10,225.844
TUL,ROC,2.0,610.0,2,305.0
TUL,RST,1.0,155.0,1,155.0
TUL,RSW,3.0,1166.07,3,388.69
TUL,SAF,1.0,172.06,1,172.06
TUL,SAN,13.0,3409.5,13,262.2692307692308
TUL,SAT,4.0,1727.0,4,431.75
TUL,SAV,2.0,691.0,2,345.5
TUL,SBA,1.0,546.0,1,546.0
TUL,SBP,2.0,862.09,2,431.045
TUL,SDF,5.0,1498.79,5,299.758
TUL,SEA,12.0,4605.95,12,383.82916666666665
TUL,SFO,10.0,2874.52,10,287.452
TUL,SGU,2.0,601.0,2,300.5
TUL,SHV,8.0,2489.5,8,311.1875
TUL,SJC,5.0,1559.97,5,311.994
TUL,SJT,1.0,239.0,1,239.0
TUL,SLC,2.0,451.48,2,225.74
TUL,SMF,13.0,3973.46,13,305.65076923076924
TUL,SNA,9.0,3417.74,8,379.74888888888887
TUL,STL,1.0,259.0,1,259.0
TUL,STS,1.0,316.31,1,316.31
TUL,TPA,21.0,5131.25,21,244.3452380952381
TUL,TUS,4.0,823.26,4,205.815
TUL,TVC,1.0,344.0,1,344.0
TUL,TYS,5.0,1899.42,5,379.884
TUL,VPS,4.0,617.45,4,154.3625
TUL,YUM,2.0,895.25,2,447.625
TUP,AUS,1.0,218.0,1,218.0
TUP,CMH,1.0,242.0,1,242.0
TUP,DCA,3.0,675.02,3,225.00666666666666
TUP,TPA,2.0,394.0,2,197.0
TUS,ABE,3.0,873.77,3,291.25666666666666
TUS,ABI,1.0,292.0,1,292.0
TUS,ABQ,4.0,1266.0,4,316.5
TUS,AGS,8.0,2897.87,7,362.23375
TUS,ALB,1.0,383.0,1,383.0
TUS,AMA,1.0,346.5,1,346.5
TUS,ATW,5.0,1154.0,5,230.8
TUS,AUS,10.0,3174.23,9,317.423
TUS,AVL,5.0,1408.5,5,281.7
TUS,AVP,3.0,1015.0,3,338.3333333333333
TUS,AZO,4.0,566.0,3,141.5
TUS,BDL,2.0,510.0,2,255.0
TUS,BFL,7.0,1971.5,7,281.64285714285717
TUS,BGR,1.0,169.41,1,169.41
TUS,BHM,7.0,1940.0,7,277.14285714285717
TUS,BIL,1.0,401.5,1,401.5
TUS,BMI,5.0,1430.46,5,286.092
TUS,BOS,1.0,248.0,1,248.0
TUS,BRO,5.0,1664.88,5,332.976
TUS,BTR,6.0,1874.5,6,312.4166666666667
TUS,BUF,3.0,707.4100000000001,3,235.80333333333337
TUS,BUR,2.0,509.0,2,254.5
TUS,BWI,1.0,380.78,1,380.78
TUS,CHA,10.0,3024.5,10,302.45
TUS,CID,4.0,1586.0900000000001,4,396.52250000000004
TUS,CLE,2.0,664.6700000000001,2,332.33500000000004
TUS,CMH,7.0,2352.65,7,336.09285714285716
TUS,CMI,15.0,5991.04,14,399.4026666666667
TUS,COU,6.0,1498.0,6,249.66666666666666
TUS,CRP,3.0,803.0,3,267.6666666666667
TUS,CWA,8.0,2007.5,7,250.9375
TUS,DAB,3.0,906.5,3,302.1666666666667
TUS,DAY,9.0,3246.02,9,360.6688888888889
TUS,DCA,3.0,581.61,3,193.87
TUS,DEN,11.0,2771.5,9,251.95454545454547
TUS,DFW,5.0,1596.04,5,319.20799999999997
TUS,DSM,5.0,1488.21,5,297.642
TUS,EAR,1.0,455.5,1,455.5
TUS,EVV,8.0,2450.5,8,306.3125
TUS,EWR,4.0,701.61,4,175.4025
TUS,FAR,14.0,4652.42,14,332.3157142857143
TUS,FAT,15.0,4004.56,14,266.97066666666666
TUS,FAY,3.0,713.5,3,237.83333333333334
TUS,FLL,1.0,227.0,1,227.0
TUS,FNT,6.0,1676.0,6,279.3333333333333
TUS,FSD,5.0,1634.5,5,326.9
TUS,FSM,3.0,728.5,3,242.83333333333334
TUS,GNV,4.0,2110.5,4,527.625
TUS,GPT,3.0,1005.5,3,335.1666666666667
TUS,GRB,9.0,2942.5,8,326.94444444444446
TUS,GRK,8.0,2636.0,8,329.5
TUS,GRR,7.0,2451.25,7,350.17857142857144
TUS,GSO,2.0,529.72,2,264.86
TUS,HOU,2.0,557.0,2,278.5
TUS,HPN,5.0,1485.37,5,297.07399999999996
TUS,HRL,5.0,1491.0,5,298.2
TUS,HSV,6.0,1662.0,6,277.0
TUS,IAH,1.0,328.0,1,328.0
TUS,ICT,2.0,411.5,2,205.75
TUS,IND,1.0,262.68,1,262.68
TUS,JAN,7.0,2436.5,7,348.07142857142856
TUS,JFK,3.0,424.8,3,141.6
TUS,LAN,9.0,3073.0,8,341.44444444444446
TUS,LAS,6.0,1723.5,5,287.25
TUS,LAW,1.0,158.0,1,158.0
TUS,LAX,4.0,495.77,4,123.9425
TUS,LBB,5.0,1031.75,5,206.35
TUS,LCH,3.0,1088.1399999999999,3,362.7133333333333
TUS,LEX,6.0,1589.8600000000001,6,264.9766666666667
TUS,LFT,5.0,1768.5,5,353.7
TUS,LGA,1.0,548.0,1,548.0
TUS,LGB,2.0,363.0,2,181.5
TUS,LIT,10.0,3602.0,10,360.2
TUS,LSE,6.0,2054.39,6,342.3983333333333
TUS,MAF,7.0,1738.48,7,248.3542857142857
TUS,MCI,3.0,649.9100000000001,3,216.63666666666668
TUS,MCO,2.0,798.0,2,399.0
TUS,MEM,1.0,599.0,1,599.0
TUS,MGM,3.0,987.0,3,329.0
TUS,MHK,13.0,3381.2200000000003,11,260.0938461538462
TUS,MIA,1.0,267.0,1,267.0
TUS,MKE,1.0,231.77,1,231.77
TUS,MLI,8.0,3582.2799999999997,8,447.78499999999997
TUS,MOB,1.0,289.0,1,289.0
TUS,MQT,1.0,5.5,1,5.5
TUS,MRY,6.0,1554.5,6,259.0833333333333
TUS,MSN,15.0,4259.67,15,283.978
TUS,MSP,3.0,802.0,3,267.3333333333333
TUS,OKC,1.0,237.5,1,237.5
TUS,OMA,1.0,5.5,1,5.5
TUS,ONT,10.0,2611.36,9,261.136
TUS,ORD,4.0,1006.99,4,251.7475
TUS,ORF,2.0,677.0699999999999,2,338.53499999999997
TUS,PHX,4.0,711.0,3,177.75
TUS,PIA,33.0,12333.61,31,373.7457575757576
TUS,PNS,1.0,415.0,1,415.0
TUS,PVD,10.0,2530.09,10,253.00900000000001
TUS,RAP,4.0,1184.0,4,296.0
TUS,RIC,2.0,425.83000000000004,2,212.91500000000002
TUS,RNO,3.0,1110.0,3,370.0
TUS,ROC,12.0,3460.0,11,288.3333333333333
TUS,RST,4.0,580.5,4,145.125
TUS,RSW,1.0,1060.35,1,1060.35
TUS,SAF,3.0,582.95,3,194.3166666666667
TUS,SAN,11.0,2399.5,10,218.13636363636363
TUS,SAT,5.0,1229.0,5,245.8
TUS,SBA,6.0,1218.83,6,203.13833333333332
TUS,SBP,25.0,6404.5,22,256.18
TUS,SDF,3.0,1076.5,3,358.8333333333333
TUS,SFO,1.0,5.0,1,5.0
TUS,SGF,30.0,7975.26,27,265.842
TUS,SHV,4.0,1392.5,4,348.125
TUS,SJC,2.0,218.5,2,109.25
TUS,SJT,2.0,823.0,2,411.5
TUS,SLC,4.0,1204.63,4,301.1575
TUS,SMF,8.0,1982.0,8,247.75
TUS,SNA,8.0,1777.0,7,222.125
TUS,STL,3.0,597.26,3,199.08666666666667
TUS,STS,16.0,4374.5,15,273.40625
TUS,STT,2.0,452.99,2,226.495
TUS,SYR,6.0,1622.59,6,270.4316666666667
TUS,TLH,3.0,1272.5,3,424.1666666666667
TUS,TRI,1.0,333.0,1,333.0
TUS,TUL,3.0,676.74,3,225.58
TUS,TVC,5.0,2618.0,5,523.6
TUS,TYS,4.0,1780.51,4,445.1275
TUS,XNA,10.0,2568.46,10,256.846
TVC,ABE,2.0,506.26,2,253.13
TVC,ABQ,5.0,1654.5,5,330.9
TVC,ALB,2.0,425.0,2,212.5
TVC,AMA,1.0,299.0,1,299.0
TVC,ANC,7.0,2624.0,5,374.85714285714283
TVC,ASE,1.0,443.32,1,443.32
TVC,ATL,7.0,2066.0,7,295.14285714285717
TVC,AUS,9.0,3427.05,9,380.78333333333336
TVC,AZO,1.0,317.0,1,317.0
TVC,BFL,2.0,1415.35,2,707.675
TVC,BHM,2.0,816.5,2,408.25
TVC,BMI,1.0,369.0,1,369.0
TVC,BNA,7.0,2403.0,7,343.2857142857143
TVC,BOI,1.0,340.16,1,340.16
TVC,BOS,7.0,2678.4700000000003,7,382.6385714285715
TVC,BTR,1.0,573.88,1,573.88
TVC,BWI,6.0,943.0,6,157.16666666666666
TVC,BZN,4.0,1469.0,4,367.25
TVC,CHS,2.0,471.0,2,235.5
TVC,CLE,2.0,526.0,2,263.0
TVC,CLT,6.0,2112.49,6,352.08166666666665
TVC,CRP,1.0,378.5,1,378.5
TVC,CVG,2.0,378.5,2,189.25
TVC,DCA,11.0,2986.33,11,271.48454545454547
TVC,DEN,16.0,3846.83,16,240.426875
TVC,DFW,31.0,11205.44,29,361.46580645161293
TVC,DSM,1.0,183.0,1,183.0
TVC,EGE,4.0,910.0,3,227.5
TVC,ELP,1.0,843.0,1,843.0
TVC,EWN,1.0,537.0,1,537.0
TVC,EWR,5.0,952.5,4,190.5
TVC,EYW,12.0,5061.5,12,421.7916666666667
TVC,FAI,3.0,1198.6399999999999,3,399.5466666666666
TVC,FAR,1.0,299.0,1,299.0
TVC,FAT,1.0,324.73,1,324.73
TVC,FLG,1.0,303.0,1,303.0
TVC,FLL,15.0,4462.45,15,297.49666666666667
TVC,GGG,1.0,11.0,1,11.0
TVC,GNV,1.0,374.0,1,374.0
TVC,GSO,2.0,638.0,2,319.0
TVC,HNL,3.0,2532.0,3,844.0
TVC,HOU,1.0,349.0,1,349.0
TVC,HPN,1.0,157.5,1,157.5
TVC,HRL,2.0,1069.5,2,534.75
TVC,IAH,7.0,2706.5,7,386.64285714285717
TVC,ICT,1.0,289.0,1,289.0
TVC,ILM,2.0,849.0,2,424.5
TVC,IND,4.0,1253.5,4,313.375
TVC,JAC,1.0,207.96,1,207.96
TVC,JAX,4.0,1591.15,4,397.7875
TVC,JNU,2.0,1548.0,2,774.0
TVC,KOA,2.0,1006.4300000000001,2,503.21500000000003
TVC,LAS,18.0,7413.41,18,411.8561111111111
TVC,LAX,22.0,7515.39,22,341.6086363636364
TVC,LBB,1.0,810.0,1,810.0
TVC,LEX,1.0,272.53,1,272.53
TVC,LGA,20.0,6365.0599999999995,17,318.253
TVC,LIH,1.0,851.28,1,851.28
TVC,LIT,1.0,339.0,1,339.0
TVC,LSE,2.0,661.0,2,330.5
TVC,MCI,3.0,1165.5,3,388.5
TVC,MCO,24.0,6733.41,21,280.55875
TVC,MEM,2.0,329.5,2,164.75
TVC,MFE,1.0,5.5,1,5.5
TVC,MHK,1.0,284.0,1,284.0
TVC,MIA,24.0,9127.24,23,380.3016666666667
TVC,MKE,1.0,439.0,1,439.0
TVC,MLB,1.0,712.0,1,712.0
TVC,MRY,1.0,303.0,1,303.0
TVC,MSN,1.0,408.0,1,408.0
TVC,MSP,3.0,811.5,3,270.5
TVC,MSY,3.0,985.99,3,328.66333333333336
TVC,MYR,2.0,728.3299999999999,2,364.16499999999996
TVC,OGG,4.0,2018.3,4,504.575
TVC,OKC,2.0,772.0,2,386.0
TVC,ORD,76.0,11898.12,62,156.5542105263158
TVC,ORF,1.0,373.38,1,373.38
TVC,PBI,11.0,3847.9700000000003,11,349.81545454545454
TVC,PDX,4.0,1532.68,4,383.17
TVC,PHL,5.0,1830.85,5,366.16999999999996
TVC,PHX,34.0,12560.19,34,369.4173529411765
TVC,PIA,1.0,204.0,1,204.0
TVC,PIT,4.0,928.0,4,232.0
TVC,PSP,5.0,2224.23,5,444.846
TVC,PVD,1.0,248.0,1,248.0
TVC,RDU,3.0,69.0,3,23.0
TVC,RIC,1.0,274.0,1,274.0
TVC,ROC,1.0,459.0,1,459.0
TVC,RST,4.0,1314.0,4,328.5
TVC,RSW,17.0,5283.3099999999995,15,310.78294117647056
TVC,SAF,1.0,414.0,1,414.0
TVC,SAN,9.0,3674.02,9,408.22444444444443
TVC,SAT,6.0,2917.96,6,486.32666666666665
TVC,SAV,1.0,232.0,1,232.0
TVC,SBP,1.0,5.24,1,5.24
TVC,SBY,1.0,5.0,1,5.0
TVC,SDF,2.0,518.0,2,259.0
TVC,SEA,5.0,1448.66,5,289.732
TVC,SFO,12.0,3939.52,12,328.29333333333335
TVC,SGF,2.0,674.0,2,337.0
TVC,SJC,2.0,300.78,2,150.39
TVC,SJU,2.0,967.0,2,483.5
TVC,SLC,8.0,3539.5,8,442.4375
TVC,SMF,2.0,1031.5,2,515.75
TVC,SNA,10.0,2826.5,8,282.65
TVC,SRQ,6.0,1651.0,6,275.1666666666667
TVC,STL,3.0,870.04,3,290.0133333333333
TVC,STS,1.0,559.41,1,559.41
TVC,STT,7.0,5125.9400000000005,7,732.277142857143
TVC,TLH,2.0,987.33,2,493.665
TVC,TPA,14.0,5120.9,13,365.7785714285714
TVC,TUL,2.0,455.9,2,227.95
TVC,TUS,8.0,3795.0,8,474.375
TVC,TYS,4.0,1334.5,4,333.625
TVC,VPS,2.0,1007.14,2,503.57
TVC,XNA,2.0,1024.0,2,512.0
TVF,FWA,1.0,576.0,1,576.0
TXK,BIS,1.0,273.5,1,273.5
TXK,IAH,1.0,238.0,1,238.0
TXK,MAF,1.0,285.0,1,285.0
TXK,MYR,1.0,393.5,1,393.5
TXK,SGF,1.0,218.5,1,218.5
TYR,BRO,2.0,771.0,2,385.5
TYR,BTR,2.0,567.5,2,283.75
TYR,BUF,1.0,270.06,1,270.06
TYR,COS,1.0,234.5,1,234.5
TYR,CRP,1.0,298.5,1,298.5
TYR,EVV,1.0,274.0,1,274.0
TYR,GJT,1.0,5.5,1,5.5
TYR,GRR,1.0,282.59,1,282.59
TYR,JAN,1.0,374.0,1,374.0
TYR,LBB,2.0,562.04,2,281.02
TYR,LEX,2.0,534.0,2,267.0
TYR,MAF,11.0,2702.3,11,245.66363636363639
TYR,MHK,2.0,603.5,2,301.75
TYR,MSN,2.0,900.5,2,450.25
TYR,PNS,1.0,244.5,1,244.5
TYR,RAP,2.0,981.5,2,490.75
TYR,SAF,1.0,262.0,1,262.0
TYR,SBP,1.0,373.83,1,373.83
TYR,SGF,1.0,5.5,1,5.5
TYS,ABI,2.0,508.5,2,254.25
TYS,ABQ,1.0,258.0,1,258.0
TYS,ALO,1.0,516.0,1,516.0
TYS,AMA,10.0,4124.08,9,412.408
TYS,ATW,4.0,933.5,4,233.375
TYS,AUS,4.0,1542.76,4,385.69
TYS,AZO,2.0,998.0,2,499.0
TYS,BIS,1.0,339.0,1,339.0
TYS,BMI,1.0,613.5,1,613.5
TYS,BOI,2.0,1496.0,2,748.0
TYS,BOS,1.0,179.52,1,179.52
TYS,BRO,2.0,612.5,2,306.25
TYS,BTR,1.0,128.2,1,128.2
TYS,BUR,3.0,1496.0,3,498.6666666666667
TYS,CLE,1.0,585.0,1,585.0
TYS,CMI,2.0,604.0,2,302.0
TYS,COS,2.0,759.0,2,379.5
TYS,COU,6.0,2119.88,4,353.31333333333333
TYS,CRP,2.0,848.0,2,424.0
TYS,CWA,6.0,2651.92,6,441.9866666666667
TYS,DAY,1.0,384.0,1,384.0
TYS,DEN,12.0,2085.75,11,173.8125
TYS,DFW,52.0,17170.84,50,330.20846153846156
TYS,DRO,2.0,591.0,2,295.5
TYS,DSM,1.0,5.5,1,5.5
TYS,DTW,1.0,4.5,1,4.5
TYS,EGE,3.0,554.94,3,184.98000000000002
TYS,ELP,3.0,1018.53,3,339.51
TYS,EYW,7.0,2007.13,6,286.73285714285714
TYS,FAR,2.0,798.4300000000001,2,399.21500000000003
TYS,FAT,1.0,246.5,1,246.5
TYS,FLG,2.0,1110.5,2,555.25
TYS,FLL,4.0,410.29999999999995,4,102.57499999999999
TYS,FNT,2.0,531.5,2,265.75
TYS,FSD,2.0,191.68,2,95.84
TYS,FSM,1.0,268.0,1,268.0
TYS,FWA,1.0,231.09,1,231.09
TYS,GCK,1.0,534.0,1,534.0
TYS,GJT,3.0,846.5,2,282.1666666666667
TYS,GRB,6.0,1829.0,6,304.8333333333333
TYS,GRK,3.0,1163.0,3,387.6666666666667
TYS,GRR,8.0,2558.59,8,319.82375
TYS,HNL,1.0,759.41,1,759.41
TYS,HOU,4.0,973.5,4,243.375
TYS,HRL,3.0,1101.0,3,367.0
TYS,IAH,4.0,1006.34,4,251.585
TYS,ICT,3.0,1126.5,3,375.5
TYS,IDA,2.0,1424.0,2,712.0
TYS,IND,4.0,1426.97,4,356.7425
TYS,JAC,1.0,392.2,1,392.2
TYS,LAN,3.0,855.37,3,285.12333333333333
TYS,LAS,14.0,4858.86,14,347.06142857142856
TYS,LAX,15.0,7942.76,15,529.5173333333333
TYS,LBB,2.0,778.0,2,389.0
TYS,LFT,4.0,1192.42,4,298.105
TYS,LIT,4.0,1157.0900000000001,4,289.27250000000004
TYS,LSE,3.0,1403.5,3,467.8333333333333
TYS,MAF,4.0,1812.52,4,453.13
TYS,MCI,3.0,1033.4,3,344.4666666666667
TYS,MCO,2.0,887.49,2,443.745
TYS,MEM,1.0,252.5,1,252.5
TYS,MHK,3.0,1314.81,3,438.27
TYS,MIA,210.0,53766.23,165,256.0296666666667
TYS,MKE,5.0,1163.51,5,232.702
TYS,MSN,7.0,1420.88,7,202.98285714285717
TYS,MSP,12.0,3388.06,11,282.3383333333333
TYS,OKC,2.0,563.0,2,281.5
TYS,OMA,1.0,4.95,1,4.95
TYS,ORD,195.0,42259.7,156,216.71641025641023
TYS,PHX,15.0,5996.36,15,399.7573333333333
TYS,PIA,6.0,1095.27,6,182.545
TYS,RNO,1.0,544.0,1,544.0
TYS,RST,8.0,3141.25,8,392.65625
TYS,RSW,1.0,275.9,1,275.9
TYS,SAF,1.0,246.0,1,246.0
TYS,SAN,5.0,2233.97,5,446.794
TYS,SAT,2.0,785.13,2,392.565
TYS,SBA,2.0,284.0,2,142.0
TYS,SBP,1.0,5.5,1,5.5
TYS,SEA,5.0,2464.59,5,492.918
TYS,SFO,2.0,1372.0,2,686.0
TYS,SGF,10.0,3442.55,10,344.255
TYS,SHV,2.0,458.65,2,229.325
TYS,SJC,2.0,410.0,2,205.0
TYS,SJU,12.0,5669.01,12,472.4175
TYS,SLC,7.0,2645.56,7,377.9371428571429
TYS,SNA,12.0,7254.38,12,604.5316666666666
TYS,STL,7.0,2217.12,7,316.7314285714286
TYS,STS,1.0,400.0,1,400.0
TYS,STT,15.0,5820.3099999999995,14,388.0206666666666
TYS,STX,3.0,670.0,3,223.33333333333334
TYS,SYR,2.0,717.7,2,358.85
TYS,TPA,3.0,1676.0,3,558.6666666666666
TYS,TUL,6.0,2232.58,6,372.09666666666664
TYS,TUS,6.0,2855.49,6,475.91499999999996
TYS,TVC,6.0,2311.5,6,385.25
TYS,XNA,9.0,2580.04,9,286.6711111111111
UIN,BOS,1.0,243.79,1,243.79
UIN,BTR,1.0,427.5,1,427.5
UIN,DTW,1.0,268.06,1,268.06
UIN,EYW,1.0,344.06,1,344.06
UIN,HHH,1.0,344.0,1,344.0
UIN,HRL,1.0,275.0,1,275.0
VPS,ABI,9.0,2611.34,9,290.1488888888889
VPS,ABQ,13.0,4113.08,10,316.39076923076925
VPS,AGS,1.0,155.5,1,155.5
VPS,AMA,4.0,887.94,4,221.985
VPS,ANC,1.0,747.0,1,747.0
VPS,ATW,8.0,2039.46,8,254.9325
VPS,AUS,25.0,6311.72,23,252.46880000000002
VPS,BIL,1.0,323.0,1,323.0
VPS,BIS,2.0,212.5,2,106.25
VPS,BOS,1.0,221.0,1,221.0
VPS,BUF,1.0,171.0,1,171.0
VPS,BUR,1.0,683.0,1,683.0
VPS,CID,1.0,554.42,1,554.42
VPS,CLT,2.0,210.55,2,105.275
VPS,CMH,4.0,930.3299999999999,4,232.58249999999998
VPS,CMI,2.0,556.0,2,278.0
VPS,COS,14.0,3985.5,14,284.67857142857144
VPS,COU,3.0,972.98,3,324.32666666666665
VPS,CRP,3.0,670.0,3,223.33333333333334
VPS,DAY,1.0,487.0,1,487.0
VPS,DCA,21.0,5106.26,21,243.1552380952381
VPS,DEN,15.0,5506.0,15,367.06666666666666
VPS,DFW,219.0,55223.2,168,252.1607305936073
VPS,DRO,3.0,1031.29,3,343.7633333333333
VPS,DSM,2.0,273.06,2,136.53
VPS,EGE,1.0,307.0,1,307.0
VPS,ELP,4.0,1524.5,4,381.125
VPS,FAR,15.0,5310.21,15,354.014
VPS,FAT,1.0,11.0,1,11.0
VPS,FNT,1.0,180.91,1,180.91
VPS,FSD,2.0,885.0,2,442.5
VPS,FSM,6.0,2618.5,5,436.4166666666667
VPS,GEG,2.0,959.5,2,479.75
VPS,GJT,5.0,1655.0,5,331.0
VPS,GRB,3.0,686.72,3,228.90666666666667
VPS,GRK,4.0,1682.0,4,420.5
VPS,GRR,2.0,807.0,2,403.5
VPS,HDN,1.0,726.72,1,726.72
VPS,HNL,2.0,1434.0,2,717.0
VPS,HOU,6.0,1769.94,6,294.99
VPS,IAH,6.0,1341.5,6,223.58333333333334
VPS,ICT,4.0,1599.0,4,399.75
VPS,IDA,1.0,437.0,1,437.0
VPS,IND,4.0,1001.95,4,250.4875
VPS,LAN,1.0,238.51,1,238.51
VPS,LAS,12.0,6293.34,12,524.445
VPS,LAW,2.0,349.5,2,174.75
VPS,LAX,8.0,2625.33,8,328.16625
VPS,LBB,9.0,3319.0,8,368.77777777777777
VPS,LCH,1.0,276.0,1,276.0
VPS,LIT,3.0,837.5,3,279.1666666666667
VPS,LSE,2.0,1073.54,2,536.77
VPS,MAF,2.0,739.5,2,369.75
VPS,MFE,2.0,586.0,2,293.0
VPS,MHK,9.0,1465.5,8,162.83333333333334
VPS,MKE,1.0,331.0,1,331.0
VPS,MRY,1.0,221.5,1,221.5
VPS,MSN,1.0,565.0,1,565.0
VPS,MSO,2.0,897.0,2,448.5
VPS,OKC,14.0,6161.49,13,440.1064285714286
VPS,OMA,1.0,282.32,1,282.32
VPS,ONT,7.0,2944.5,7,420.64285714285717
VPS,ORD,11.0,4051.29,11,368.2990909090909
VPS,PDX,2.0,810.0,2,405.0
VPS,PHL,1.0,219.38,1,219.38
VPS,PHX,7.0,2507.48,7,358.2114285714286
VPS,RAP,6.0,2080.37,6,346.7283333333333
VPS,RIC,1.0,298.5,1,298.5
VPS,SAF,1.0,506.5,1,506.5
VPS,SAN,5.0,1643.0,5,328.6
VPS,SAT,7.0,2210.0,7,315.7142857142857
VPS,SBP,1.0,265.87,1,265.87
VPS,SEA,2.0,865.5,2,432.75
VPS,SFO,3.0,695.5,3,231.83333333333334
VPS,SGF,13.0,3481.38,13,267.79846153846154
VPS,SHV,2.0,450.5,2,225.25
VPS,SLC,6.0,1725.5,6,287.5833333333333
VPS,SMF,5.0,2493.5,5,498.7
VPS,SNA,3.0,2004.0,3,668.0
VPS,SPS,4.0,1997.0,4,499.25
VPS,STL,4.0,930.71,4,232.6775
VPS,STS,1.0,288.71,1,288.71
VPS,TUL,6.0,1535.55,6,255.92499999999998
VPS,TUS,3.0,1145.0,3,381.6666666666667
VPS,TVC,1.0,548.86,1,548.86
VPS,XNA,11.0,3204.6800000000003,10,291.3345454545455
VPS,YUM,1.0,611.0,1,611.0
XNA,ABE,7.0,2736.15,7,390.87857142857143
XNA,ABI,2.0,654.5,2,327.25
XNA,ABQ,10.0,2942.44,9,294.244
XNA,ACT,1.0,394.0,1,394.0
XNA,ACY,1.0,216.73,1,216.73
XNA,AEX,1.0,239.0,1,239.0
XNA,AGS,9.0,3129.77,9,347.7522222222222
XNA,ALB,5.0,2024.02,5,404.804
XNA,ALO,2.0,679.0,2,339.5
XNA,AMA,5.0,1584.5,5,316.9
XNA,ANC,5.0,1643.5,5,328.7
XNA,ASE,3.0,990.02,3,330.00666666666666
XNA,ATL,24.0,7820.25,24,325.84375
XNA,ATW,5.0,1880.0,5,376.0
XNA,AUS,51.0,14947.0,44,293.078431372549
XNA,AVL,1.0,272.5,1,272.5
XNA,AVP,7.0,2073.13,7,296.1614285714286
XNA,AZO,1.0,343.5,1,343.5
XNA,BDL,12.0,2938.92,12,244.91
XNA,BFL,5.0,1971.37,5,394.274
XNA,BHM,15.0,5269.02,15,351.26800000000003
XNA,BIL,1.0,477.0,1,477.0
XNA,BIS,3.0,1390.0,3,463.3333333333333
XNA,BNA,70.0,20764.36,70,296.6337142857143
XNA,BOI,4.0,1312.0,4,328.0
XNA,BOS,65.0,22224.15,64,341.91
XNA,BRO,2.0,662.0,2,331.0
XNA,BTR,9.0,2746.0,9,305.1111111111111
XNA,BTV,4.0,1909.0,4,477.25
XNA,BUF,14.0,5038.56,14,359.8971428571429
XNA,BUR,9.0,2569.39,9,285.48777777777775
XNA,BWI,12.0,4059.8,12,338.31666666666666
XNA,BZN,3.0,826.0,3,275.3333333333333
XNA,CAE,8.0,2724.17,6,340.52125
XNA,CAK,2.0,937.5,2,468.75
XNA,CHA,16.0,5772.16,16,360.76
XNA,CHO,8.0,2637.0,8,329.625
XNA,CHS,28.0,7033.66,26,251.20214285714286
XNA,CID,4.0,1243.88,4,310.97
XNA,CLE,8.0,2689.85,8,336.23125
XNA,CLL,2.0,337.5,2,168.75
XNA,CLT,223.0,69692.24,191,312.5212556053812
XNA,CMH,35.0,12293.17,34,351.2334285714286
XNA,COS,4.0,1279.0,4,319.75
XNA,CRP,9.0,2397.27,9,266.36333333333334
XNA,CRW,1.0,282.0,1,282.0
XNA,CSG,4.0,1395.89,4,348.9725
XNA,CVG,43.0,15298.75,43,355.7848837209302
XNA,CWA,3.0,855.0,3,285.0
XNA,DAB,13.0,2969.5099999999998,11,228.42384615384614
XNA,DAY,13.0,4743.8,13,364.90769230769234
XNA,DCA,245.0,70241.48,194,286.6999183673469
XNA,DEN,17.0,3533.63,16,207.86058823529413
XNA,DFW,448.0,116763.36,297,260.6325
XNA,DRO,3.0,1246.0,3,415.3333333333333
XNA,DSM,1.0,404.0,1,404.0
XNA,DTW,14.0,6306.98,14,450.4985714285714
XNA,ECP,13.0,5605.0599999999995,13,431.1584615384615
XNA,EGE,8.0,1507.5,7,188.4375
XNA,ELP,10.0,3330.64,10,333.06399999999996
XNA,ERI,1.0,423.0,1,423.0
XNA,EUG,1.0,334.0,1,334.0
XNA,EWN,3.0,2005.0,3,668.3333333333334
XNA,EWR,67.0,20498.22,62,305.94358208955225
XNA,EYW,27.0,9310.86,27,344.8466666666667
XNA,FAI,1.0,599.0,1,599.0
XNA,FAR,4.0,889.37,4,222.3425
XNA,FAT,8.0,2684.36,8,335.545
XNA,FAY,3.0,1228.55,3,409.51666666666665
XNA,FLG,3.0,390.5,2,130.16666666666666
XNA,FLL,29.0,10541.39,28,363.4962068965517
XNA,FLO,2.0,501.73,2,250.865
XNA,FNT,4.0,1131.5,4,282.875
XNA,FSD,5.0,1986.57,5,397.31399999999996
XNA,FWA,8.0,3462.0,8,432.75
XNA,GCK,2.0,529.5,2,264.75
XNA,GEG,3.0,1172.72,3,390.9066666666667
XNA,GGG,2.0,414.52,2,207.26
XNA,GJT,3.0,1015.0,3,338.3333333333333
XNA,GNV,3.0,1229.4299999999998,3,409.80999999999995
XNA,GPT,2.0,689.36,2,344.68
XNA,GRB,10.0,2706.0,9,270.6
XNA,GRI,1.0,350.5,1,350.5
XNA,GRK,1.0,5.0,1,5.0
XNA,GRR,29.0,10084.65,29,347.74655172413793
XNA,GSO,8.0,1852.03,8,231.50375
XNA,GSP,10.0,2501.2200000000003,9,250.122
XNA,GUC,2.0,510.5,2,255.25
XNA,HDN,4.0,1148.5,4,287.125
XNA,HHH,3.0,555.0,3,185.0
XNA,HNL,19.0,11936.52,19,628.2378947368421
XNA,HOU,9.0,2644.4,9,293.82222222222225
XNA,HPN,3.0,1149.23,3,383.07666666666665
XNA,HRL,1.0,244.0,1,244.0
XNA,HSV,10.0,2335.99,10,233.599
XNA,IAD,10.0,3567.04,10,356.704
XNA,IAH,19.0,4609.0,19,242.57894736842104
XNA,IDA,1.0,530.0,1,530.0
XNA,ILM,2.0,881.5,2,440.75
XNA,IND,23.0,6750.76,23,293.51130434782607
XNA,JAC,4.0,2315.0699999999997,4,578.7674999999999
XNA,JAN,8.0,3734.5,8,466.8125
XNA,JAX,19.0,6181.28,17,325.3305263157895
XNA,JFK,8.0,2625.21,7,328.15125
XNA,KOA,7.0,4522.75,7,646.1071428571429
XNA,LAN,4.0,1334.5,4,333.625
XNA,LAS,149.0,62388.18,143,418.71261744966444
XNA,LAX,40.0,14821.83,36,370.54575
XNA,LBB,6.0,1574.5,6,262.4166666666667
XNA,LCH,1.0,5.5,1,5.5
XNA,LEX,22.0,7977.08,22,362.5945454545454
XNA,LGA,41.0,12781.63,40,311.7470731707317
XNA,LGB,2.0,707.0,2,353.5
XNA,LIH,4.0,4326.3099999999995,4,1081.5774999999999
XNA,LRD,1.0,210.81,1,210.81
XNA,LSE,4.0,1264.5,4,316.125
XNA,LYH,2.0,742.5,2,371.25
XNA,MAF,5.0,2106.0,5,421.2
XNA,MCO,181.0,59386.49,163,328.1021546961326
XNA,MDT,7.0,1982.6100000000001,7,283.23
XNA,MFE,3.0,513.0,3,171.0
XNA,MFR,2.0,253.5,2,126.75
XNA,MGM,3.0,945.37,3,315.12333333333333
XNA,MHT,11.0,4917.42,11,447.03818181818184
XNA,MIA,229.0,69710.53,183,304.4127947598253
XNA,MKE,10.0,3860.58,10,386.058
XNA,MLB,4.0,1175.0,4,293.75
XNA,MLI,2.0,618.0600000000001,2,309.03000000000003
XNA,MOB,3.0,681.21,3,227.07000000000002
XNA,MRY,6.0,2870.76,6,478.46000000000004
XNA,MSN,10.0,3317.78,10,331.778
XNA,MSO,1.0,353.0,1,353.0
XNA,MSP,25.0,10443.869999999999,23,417.75479999999993
XNA,MSY,34.0,9400.0,32,276.47058823529414
XNA,MTJ,8.0,2259.5,8,282.4375
XNA,MYR,10.0,4110.58,10,411.058
XNA,OAJ,3.0,1485.46,3,495.15333333333336
XNA,OGG,16.0,9925.57,15,620.348125
XNA,OKC,1.0,602.5,1,602.5
XNA,ONT,14.0,3784.16,13,270.29714285714283
XNA,ORD,424.0,102339.68,276,241.36716981132074
XNA,ORF,7.0,3282.07,7,468.8671428571429
XNA,PBI,38.0,13274.82,37,349.33736842105264
XNA,PDX,16.0,7303.16,15,456.4475
XNA,PHL,58.0,22661.87,57,390.7218965517241
XNA,PHX,180.0,59433.97,154,330.1887222222222
XNA,PIA,2.0,397.5,2,198.75
XNA,PIT,15.0,5713.36,15,380.8906666666666
XNA,PNS,11.0,3309.38,11,300.8527272727273
XNA,PSP,30.0,12474.11,29,415.8036666666667
XNA,PVD,7.0,2305.14,7,329.30571428571426
XNA,PWM,7.0,2629.41,7,375.63
XNA,RAP,5.0,1709.0,5,341.8
XNA,RDU,24.0,8327.3,24,346.9708333333333
XNA,RIC,13.0,5027.69,13,386.7453846153846
XNA,RNO,7.0,1866.0,7,266.57142857142856
XNA,ROA,4.0,1101.0,4,275.25
XNA,ROC,3.0,1218.8899999999999,3,406.2966666666666
XNA,ROW,1.0,5.0,1,5.0
XNA,RST,12.0,4197.0,12,349.75
XNA,RSW,33.0,12414.5,33,376.1969696969697
XNA,SAF,2.0,752.5,2,376.25
XNA,SAN,54.0,18410.27,53,340.9309259259259
XNA,SAT,63.0,22569.13,61,358.2401587301587
XNA,SAV,17.0,5652.96,17,332.5270588235294
XNA,SBA,7.0,1684.97,7,240.71
XNA,SBN,4.0,1187.1,4,296.775
XNA,SBP,9.0,2820.44,9,313.38222222222225
XNA,SBY,6.0,2870.5,6,478.4166666666667
XNA,SDF,16.0,4909.19,16,306.824375
XNA,SEA,33.0,11164.27,31,338.3112121212121
XNA,SFO,54.0,20361.05,52,377.05648148148146
XNA,SGU,5.0,1713.0,5,342.6
XNA,SHD,1.0,294.5,1,294.5
XNA,SHV,1.0,330.5,1,330.5
XNA,SJC,21.0,6951.74,21,331.03523809523807
XNA,SJU,46.0,18388.28,46,399.7452173913043
XNA,SLC,43.0,16561.94,42,385.1613953488372
XNA,SMF,23.0,11656.41,23,506.8004347826087
XNA,SNA,56.0,20107.32,55,359.0592857142857
XNA,SRQ,14.0,4317.02,14,308.35857142857145
XNA,STL,1.0,433.0,1,433.0
XNA,STS,6.0,2260.63,6,376.7716666666667
XNA,STT,17.0,8934.68,17,525.5694117647059
XNA,STX,8.0,3204.0,7,400.5
XNA,SYR,10.0,3584.92,10,358.492
XNA,TLH,8.0,2489.8199999999997,8,311.22749999999996
XNA,TPA,62.0,17793.01,60,286.9840322580645
XNA,TRI,5.0,2221.0,5,444.2
XNA,TUS,15.0,5350.54,14,356.7026666666667
XNA,TVC,3.0,1029.0,3,343.0
XNA,TYS,13.0,3865.96,13,297.38153846153847
XNA,VPS,10.0,2420.3199999999997,9,242.03199999999998
XNA,YUM,7.0,2252.24,7,321.7485714285714
YKM,CRP,1.0,539.0,1,539.0
YKM,MAF,1.0,1319.5,1,1319.5
YUM,ABI,1.0,412.0,1,412.0
YUM,ABQ,3.0,1389.0,3,463.0
YUM,AGS,2.0,695.5,2,347.75
YUM,ANC,1.0,475.0,1,475.0
YUM,ATL,1.0,624.0,1,624.0
YUM,ATW,1.0,236.52,1,236.52
YUM,AUS,5.0,1157.48,5,231.496
YUM,BIL,2.0,1027.5,2,513.75
YUM,BNA,1.0,196.43,1,196.43
YUM,BOI,2.0,568.0,1,284.0
YUM,BOS,2.0,1293.0,2,646.5
YUM,CMH,3.0,773.96,3,257.9866666666667
YUM,COU,2.0,1024.55,2,512.275
YUM,CRP,1.0,292.0,1,292.0
YUM,CVG,2.0,780.31,2,390.155
YUM,DAY,1.0,809.0,1,809.0
YUM,DCA,2.0,1509.9,2,754.95
YUM,DEN,9.0,3291.0,8,365.6666666666667
YUM,DFW,1.0,531.0,1,531.0
YUM,DTW,1.0,639.0,1,639.0
YUM,ELP,16.0,5815.5,6,363.46875
YUM,EWR,3.0,2011.0,3,670.3333333333334
YUM,FAR,11.0,4315.25,11,392.29545454545456
YUM,FAT,4.0,1204.5,4,301.125
YUM,GJT,3.0,349.0,3,116.33333333333333
YUM,HNL,1.0,764.0,1,764.0
YUM,HPN,1.0,613.19,1,613.19
YUM,HSV,3.0,1830.87,3,610.29
YUM,IAD,1.0,1450.0,1,1450.0
YUM,IDA,2.0,548.5,2,274.25
YUM,JAN,1.0,281.59,1,281.59
YUM,JFK,4.0,2031.0,4,507.75
YUM,LAS,7.0,3074.5,7,439.2142857142857
YUM,LAX,3.0,918.0,3,306.0
YUM,LBB,1.0,543.97,1,543.97
YUM,LIT,2.0,612.6700000000001,2,306.33500000000004
YUM,LRD,1.0,829.0,1,829.0
YUM,LSE,1.0,419.0,1,419.0
YUM,MAF,1.0,439.38,1,439.38
YUM,MCI,6.0,3790.0,6,631.6666666666666
YUM,MCO,1.0,334.0,1,334.0
YUM,MFE,1.0,582.0,1,582.0
YUM,MRY,15.0,6309.0,13,420.6
YUM,MSO,1.0,556.0,1,556.0
YUM,MSP,1.0,456.0,1,456.0
YUM,OAJ,1.0,463.0,1,463.0
YUM,ORD,1.0,284.0,1,284.0
YUM,PDX,1.0,5.0,1,5.0
YUM,PGA,1.0,128.63,1,128.63
YUM,PHL,1.0,508.0,1,508.0
YUM,PHX,20.0,5054.17,19,252.70850000000002
YUM,PIA,1.0,287.0,1,287.0
YUM,PNS,1.0,6.57,1,6.57
YUM,RAP,2.0,758.0,1,379.0
YUM,RNO,2.0,769.5,2,384.75
YUM,ROC,1.0,462.37,1,462.37
YUM,SAT,7.0,2688.5,7,384.07142857142856
YUM,SAV,2.0,1155.43,2,577.715
YUM,SBP,2.0,237.5,2,118.75
YUM,SEA,4.0,2044.0,4,511.0
YUM,SGF,1.0,619.66,1,619.66
YUM,SJC,3.0,1291.0,3,430.3333333333333
YUM,SLC,8.0,3132.5,8,391.5625
YUM,SMF,9.0,3566.63,9,396.2922222222222
YUM,STL,4.0,1039.5,4,259.875
YUM,TPA,3.0,599.27,3,199.75666666666666
YUM,TUL,4.0,2121.75,4,530.4375
YUM,VPS,1.0,611.0,1,611.0
YUM,XNA,5.0,1663.76,5,332.752
