PILOT_FLY_OPS,OTH_FLT_FLY_OPS,TRAIN_FLY_OPS,PERS_EXP_FLY_OPS,PRO_FLY_OPS,INTERCHG_FLY_OPS,FUEL_FLY_OPS,OIL_FLY_OPS,RENTAL_FLY_OPS,OTHER_FLY_OPS,INS_FLY_OPS,BENEFITS_FLY_OPS,INCIDENT_FLY_OPS,PAY_TAX_FLY_OPS,OTH_TAX_FLY_OPS,OTHER_EXP_FLY_OPS,TOT_FLY_OPS,AIRFRAME_LABOR,ENGINE_LABOR,AIRFRAME_REPAIR,ENGINE_REPAIRS,INTERCHG_CHARG,AIRFRAME_MATERIALS,ENGINE_MATERIALS,AIRFRAME_ALLOW,AIRFRAME_OVERHAULS,ENGINE_ALLOW,ENGINE_OVERHAULS,TOT_DIR_MAINT,AP_MT_BURDEN,TOT_FLT_MAINT_MEMO,NET_OBSOL_PARTS,AIRFRAME_DEP,ENGINE_DEP,PARTS_DEP,ENG_PARTS_DEP,OTH_FLT_EQUIP_DEP,OTH_FLT_EQUIP_DEP_GRP_I,FLT_EQUIP_A_EXP,FLY_OPS_EXP_I_A,TOT_AIR_OP_EXPENSES,DEV_N_PREOP_EXP,OTH_INTANGIBLES,EQUIP_N_HANGAR_DEP,G_PROP_DEP,CAP_LEASES_DEP,TOTAL_AIR_HOURS,AIR_DAYS_ASSIGN,AIR_FUELS_ISSUED,AIRCRAFT_CONFIG,AIRCRAFT_GROUP,AIRCRAFT_TYPE,AIRLINE_ID,UNIQUE_CARRIER,UNIQUE_CARRIER_NAME,CARRIER,CARRIER_NAME,UNIQUE_CARRIER_ENTITY,REGION,CARRIER_GROUP_NEW,CARRIER_GROUP,YEAR,QUARTER
,,,,,,,,,,,,,,,,,,,,,,,,,,,,,,,,,,,,,,,,,,,,9.28,,,,,9,9,999,20100,PO,Polar Air Cargo Airways,PO,Polar Air Cargo Airways,16757,A,3,3,2023,1
,,,,,,,,,,,,,,,,,,,,,,,,,,,,,,,,,,,,,,,,,,,,84.64,,,,,9,9,999,20100,PO,Polar Air Cargo Airways,PO,Polar Air Cargo Airways,06758,D,3,3,2023,1
,,,,,,,,,,,,,,,,,,,,,,,,,,,,,,,,,,,,,,,,,,,,137.40,,,,,9,9,999,20195,WI,Sky Lease Cargo,WI,Sky Lease Cargo,16884,I,2,2,2023,1
,,,,,,,,,,,,,,,,,,,,,,,,,,,,,,,,,,,,,,,,,,,,375.29,,,,,9,9,999,20100,PO,Polar Air Cargo Airways,PO,Polar Air Cargo Airways,16758,P,3,3,2023,1
,,,,,,,,,,,,,,,,,,,,,,,,,,,,,,,,,,,,,,,,,,,0.00,515.64,0.00,,,,9,9,999,19917,5X,United Parcel Service,5X,United Parcel Service,16912,L,3,3,2023,1
,,,,,,,,,,,,,,,,,,,,,,,,,,,,,,,,,,,,,,,,,,,0.00,1456.76,0.00,,,,9,9,999,19917,5X,United Parcel Service,5X,United Parcel Service,16911,A,3,3,2023,1
,,,,,,,,,,,,,,,,,,,,,,,,,,,,,,,,,,,,,,,,,,,0.00,1565.05,0.00,,,,9,9,999,19917,5X,United Parcel Service,5X,United Parcel Service,16913,P,3,3,2023,1
,,,,,,,,,,,,,,,,,,,,,,,,,,,,,,,,,,,,,,,,,,,0.00,6788.45,0.00,,,,9,9,999,19917,5X,United Parcel Service,5X,United Parcel Service,06910,D,3,3,2023,1
,,,,,,,,,,,,,,,,,,,,,,,,,,,,,,,,,,,,,,,,,,,213.60,27.13,,,,,9,9,999,20370,KAQ,Kalitta Air LLC,KAQ,Kalitta Air LLC,06683,D,3,3,2023,1
,,,,,,,,,,,,,,,,,,,,,,,,,,,,,,,,,,,,,,,,,,,2159.69,274.26,,,,,9,9,999,20370,KAQ,Kalitta Air LLC,KAQ,Kalitta Air LLC,16683,I,3,3,2023,1
,,,,,,,,,,,,,,,,,,,,,,,,,,,,,,,,,,,,,,,,,,0.00,2.65,88.44,,,,,9,9,999,20447,U7,USA Jet Airlines Inc.,U7,USA Jet Airlines Inc.,16917,I,3,3,2023,1
,,,,,,,,,,,,,,,,,,,,,,,,,,,,,,,,,,,,,,,,,,0.00,8.03,4.16,0.00,,,,9,9,999,20453,ABX,ABX Air Inc,ABX,ABX Air Inc,11009,A,2,2,2023,1
,,,,,,,,,,,,,,,,,,,,,,,,,,,,,,,,,,,,,,,,,,0.00,19.41,648.59,,,,,9,9,999,20447,U7,USA Jet Airlines Inc.,U7,USA Jet Airlines Inc.,06912,D,3,3,2023,1
,,,,,,,,,,,,,,,,,,,,,,,,,,,,,,,,,,,,,,,,,,0.00,46.80,24.24,0.00,,,,9,9,999,20453,ABX,ABX Air Inc,ABX,ABX Air Inc,80006,D,2,2,2023,1
,,,,,,,,,,,,,,,,,,,,,,,,,,,,,,,,,,,,,,,,,,0.00,2376.00,7435.00,0.00,,,,9,9,999,20107,FX,Federal Express Corporation,FX,Federal Express Corporation,16195,L,3,3,2023,1
,,,,,,,,,,,,,,,,,,,,,,,,,,,,,,,,,,,,,,,,,,0.00,8772.00,19859.00,0.00,,,,9,9,999,20107,FX,Federal Express Corporation,FX,Federal Express Corporation,16196,A,3,3,2023,1
,,,,,,,,,,,,,,,,,,,,,,,,,,,,,,,,,,,,,,,,,,0.00,14294.00,10218.00,0.00,,,,9,9,999,20107,FX,Federal Express Corporation,FX,Federal Express Corporation,16197,P,3,3,2023,1
,,,,,,,,,,,,,,,,,,,,,,,,,,,,,,,,,,,,,,,,,,9077.36,0.00,2032.57,,,,,9,9,999,20007,5Y,Atlas Air Inc.,5Y,Atlas Air Inc.,16087,I,3,3,2023,1
,,,,,,,,,,,,,,,,,,,,,,,,,,,,,,,,,,,,,,,,,,12203.95,0.00,1072.05,,,,,9,9,999,20007,5Y,Atlas Air Inc.,5Y,Atlas Air Inc.,06087,D,3,3,2023,1
,,,,,,,,,,,,,,,,,,,,,,,,,,,,,,,,,,,,,,,,,0.00,,34660.00,24099.00,0.00,,,,9,9,999,20107,FX,Federal Express Corporation,FX,Federal Express Corporation,06200,D,3,3,2023,1
,,,,,,,,,,,,,,,,,,,,,,,,,,,,,,,,,,,,,,,,,0.00,0.00,0.00,0.00,0.00,,,,9,9,999,19687,QX,Horizon Air,QX,Horizon Air,11023,L,2,2,2023,1
,,,,,,,,,,,,,,,,,,,,,,,,,,,,,,,,,,,,,,,,,0.00,0.00,0.00,0.00,0.00,,,,9,9,999,20169,L2,Lynden Air Cargo Airlines,L2,Lynden Air Cargo Airlines,11040,I,2,2,2023,1
,,,,,,,,,,,,,,,,,,,,,,,,,,,,,,,,,,,,,,,,,0.00,0.00,0.00,0.00,0.00,,,,9,9,999,20405,N8,National Air Cargo Group Inc d/ba National Airlines,N8,National Air Cargo Group Inc d/ba National Airlines,07029,D,2,2,2023,1
,,,,,,,,,,,,,,,,,,,,,,,,,,,,,,,,,,,,,,,,,0.00,0.00,0.00,0.00,0.00,,,,9,9,999,20405,N8,National Air Cargo Group Inc d/ba National Airlines,N8,National Air Cargo Group Inc d/ba National Airlines,11049,I,2,2,2023,1
,,,,,,,,,,,,,,,,,,,,,,,,,,,,,,,,,,,,,,,,,0.00,0.00,0.00,0.00,0.00,,,,9,9,999,20445,C5,CommuteAir LLC dba CommuteAir,C5,CommuteAir LLC dba CommuteAir,11059,L,2,2,2023,1
,,,,,,,,,,,,,,,,,,,,,,,,,,,,,,,,,,,,,,,,,0.00,0.00,0.00,26.90,0.00,,,,9,9,999,20500,G7,GoJet Airlines LLC d/b/a United Express,G7,GoJet Airlines LLC d/b/a United Express,07041,D,2,2,2023,1
,,,,,,,,,,,,,,,,,,,,,,,,,,,,,,,,,,,,,,,,,0.00,0.00,0.00,79.49,0.00,,,,9,9,999,20398,MQ,Envoy Air,MQ,Envoy Air,16820,L,3,3,2023,1
,,,,,,,,,,,,,,,,,,,,,,,,,,,,,,,,,,,,,,,,,0.00,0.00,0.00,183.99,0.00,,,,9,9,999,21979,3FQ,"Western Air Charter, Inc.  d/b/a  Jet Edge",3FQ,"Western Air Charter, Inc.  d/b/a  Jet Edge",01235,D,2,2,2023,1
,,,,,,,,,,,,,,,,,,,,,,,,,,,,,,,,,,,,,,,,,0.00,0.00,0.00,2635.81,0.00,,,,9,9,999,20398,MQ,Envoy Air,MQ,Envoy Air,06820,D,3,3,2023,1
,,,,,,,,,,,,,,,,,,,,,,,,,,,,,,,,,,,,,,,,,0.00,0.00,0.09,5.93,0.00,,,,9,9,999,20452,YX,Republic Airline,YX,Republic Airline,11029,L,3,3,2023,1
,,,,,,,,,,,,,,,,,,,,,,,,,,,,,,,,,,,,,,,,,0.00,0.00,2.13,4.45,0.00,,,,9,9,999,20378,YV,Mesa Airlines Inc.,YV,Mesa Airlines Inc.,11022,L,2,2,2023,1
,,,,,,,,,,,,,,,,,,,,,,,,,,,,,,,,,,,,,,,,,0.00,0.00,2.21,0.00,0.00,,,,9,9,999,20397,OH,PSA Airlines Inc.,OH,PSA Airlines Inc.,11030,L,2,2,2023,1
,,,,,,,,,,,,,,,,,,,,,,,,,,,,,,,,,,,,,,,,,0.00,0.00,16.85,333.70,0.00,,,,9,9,999,20445,C5,CommuteAir LLC dba CommuteAir,C5,CommuteAir LLC dba CommuteAir,06944,D,2,2,2023,1
,,,,,,,,,,,,,,,,,,,,,,,,,,,,,,,,,,,,,,,,,0.00,0.00,18.44,808.08,0.00,,,,9,9,999,20377,X9,Omni Air International LLC,X9,Omni Air International LLC,06738,D,2,2,2023,1
,,,,,,,,,,,,,,,,,,,,,,,,,,,,,,,,,,,,,,,,,0.00,0.00,33.28,2146.73,0.00,,,,9,9,999,20452,YX,Republic Airline,YX,Republic Airline,06003,D,3,3,2023,1
,,,,,,,,,,,,,,,,,,,,,,,,,,,,,,,,,,,,,,,,,0.00,0.00,33.76,62.97,0.00,,,,9,9,999,20378,YV,Mesa Airlines Inc.,YV,Mesa Airlines Inc.,06689,D,2,2,2023,1
,,,,,,,,,,,,,,,,,,,,,,,,,,,,,,,,,,,,,,,,,0.00,0.00,62.96,1402.24,187.23,,,,9,9,999,19690,HA,Hawaiian Airlines Inc.,HA,Hawaiian Airlines Inc.,15375,P,3,3,2023,1
,,,,,,,,,,,,,,,,,,,,,,,,,,,,,,,,,,,,,,,,,0.00,0.00,105.00,236.00,0.00,,,,9,9,999,19687,QX,Horizon Air,QX,Horizon Air,06580,D,2,2,2023,1
,,,,,,,,,,,,,,,,,,,,,,,,,,,,,,,,,,,,,,,,,0.00,0.00,146.40,10.18,0.00,,,,9,9,999,20169,L2,Lynden Air Cargo Airlines,L2,Lynden Air Cargo Airlines,06699,D,2,2,2023,1
,,,,,,,,,,,,,,,,,,,,,,,,,,,,,,,,,,,,,,,,,0.00,0.00,155.29,6803.91,0.00,,,,9,9,999,20377,X9,Omni Air International LLC,X9,Omni Air International LLC,16736,I,2,2,2023,1
,,,,,,,,,,,,,,,,,,,,,,,,,,,,,,,,,,,,,,,,,0.00,0.00,232.57,207.29,0.00,,,,9,9,999,21634,KH,Aloha Air Cargo,KH,Aloha Air Cargo,01146,D,2,2,2023,1
,,,,,,,,,,,,,,,,,,,,,,,,,,,,,,,,,,,,,,,,,0.00,0.00,254.96,2044.31,0.00,,,,9,9,999,20427,PT,Piedmont Airlines,PT,Piedmont Airlines,06918,D,2,2,2023,1
,,,,,,,,,,,,,,,,,,,,,,,,,,,,,,,,,,,,,,,,,0.00,0.00,364.62,4846.65,647.15,,,,9,9,999,19690,HA,Hawaiian Airlines Inc.,HA,Hawaiian Airlines Inc.,05375,D,3,3,2023,1
,,,,,,,,,,,,,,,,,,,,,,,,,,,,,,,,,,,,,,,,,0.00,0.00,437.68,1239.46,0.00,,,,9,9,999,20416,NK,Spirit Air Lines,NK,Spirit Air Lines,16831,L,3,3,2023,1
,,,,,,,,,,,,,,,,,,,,,,,,,,,,,,,,,,,,,,,,,0.00,0.00,1233.04,0.00,0.00,,,,9,9,999,20397,OH,PSA Airlines Inc.,OH,PSA Airlines Inc.,07028,D,2,2,2023,1
,,,,,,,,,,,,,,,,,,,,,,,,,,,,,,,,,,,,,,,,,0.00,0.00,1813.05,0.00,0.00,,,,9,9,999,20151,M6,Amerijet International,M6,Amerijet International,16052,L,2,2,2023,1
,,,,,,,,,,,,,,,,,,,,,,,,,,,,,,,,,,,,,,,,,0.00,0.00,1982.58,0.00,0.00,,,,9,9,999,20151,M6,Amerijet International,M6,Amerijet International,06052,D,2,2,2023,1
,,,,,,,,,,,,,,,,,,,,,,,,,,,,,,,,,,,,,,,,,0.00,0.00,2955.15,8368.72,0.00,,,,9,9,999,20416,NK,Spirit Air Lines,NK,Spirit Air Lines,06830,D,3,3,2023,1
,,,,,,,,,,,,,,,,,,,,,,,,,,,,,,,,,,,,,,,,,0.00,0.21,0.00,2.05,0.23,,,,9,9,999,20363,9E,Endeavor Air Inc.,9E,Endeavor Air Inc.,11027,L,2,2,2023,1
,,,,,,,,,,,,,,,,,,,,,,,,,,,,,,,,,,,,,,,,,0.00,5.62,8.90,196.69,0.00,,,,9,9,999,20436,F9,Frontier Airlines Inc.,F9,Frontier Airlines Inc.,16461,L,3,3,2023,1
,,,,,,,,,,,,,,,,,,,,,,,,,,,,,,,,,,,,,,,,,0.00,5.67,0.00,27.64,0.00,,,,9,9,999,20304,OO,SkyWest Airlines Inc.,OO,SkyWest Airlines Inc.,11025,L,3,3,2023,1
,,,,,,,,,,,,,,,,,,,,,,,,,,,,,,,,,,,,,,,,,0.00,14.09,42.85,63.96,0.00,,,,9,9,999,20108,NC,Northern Air Cargo Inc.,NC,Northern Air Cargo Inc.,06721,D,2,2,2023,1
,,,,,,,,,,,,,,,,,,,,,,,,,,,,,,,,,,,,,,,,,0.00,17.30,0.00,168.52,18.63,,,,9,9,999,20363,9E,Endeavor Air Inc.,9E,Endeavor Air Inc.,07024,D,2,2,2023,1
,,,,,,,,,,,,,,,,,,,,,,,,,,,,,,,,,,,,,,,,,0.00,19.86,60.41,90.17,0.00,,,,9,9,999,20108,NC,Northern Air Cargo Inc.,NC,Northern Air Cargo Inc.,11041,I,2,2,2023,1
,,,,,,,,,,,,,,,,,,,,,,,,,,,,,,,,,,,,,,,,,0.00,45.87,3039.47,0.00,0.00,,,,9,9,999,21629,KD,Western Global,KD,Western Global,11042,I,2,2,2023,1
,,,,,,,,,,,,,,,,,,,,,,,,,,,,,,,,,,,,,,,,,0.00,53.84,0.00,3500.96,20.25,,,,9,9,999,19805,AA,American Airlines Inc.,AA,American Airlines Inc.,10052,P,3,3,2023,1
,,,,,,,,,,,,,,,,,,,,,,,,,,,,,,,,,,,,,,,,,0.00,67.29,4.17,8.60,0.00,,,,9,9,999,19874,8C,Air Transport International,8C,Air Transport International,16028,A,2,2,2023,1
,,,,,,,,,,,,,,,,,,,,,,,,,,,,,,,,,,,,,,,,,0.00,101.21,0.00,137.79,0.00,,,,9,9,999,20046,ZW,Air Wisconsin Airlines Corp,ZW,Air Wisconsin Airlines Corp,06024,D,2,2,2023,1
,,,,,,,,,,,,,,,,,,,,,,,,,,,,,,,,,,,,,,,,,0.00,101.23,135.27,2611.87,0.00,,,,9,9,999,20436,F9,Frontier Airlines Inc.,F9,Frontier Airlines Inc.,06460,D,3,3,2023,1
,,,,,,,,,,,,,,,,,,,,,,,,,,,,,,,,,,,,,,,,,0.00,127.00,31.00,3665.00,0.00,,,,9,9,999,19393,WN,Southwest Airlines Co.,WN,Southwest Airlines Co.,11033,L,3,3,2023,1
,,,,,,,,,,,,,,,,,,,,,,,,,,,,,,,,,,,,,,,,,0.00,211.78,0.00,269.71,54.46,,,,9,9,999,20422,SY,Sun Country Airlines d/b/a MN Airlines,SY,Sun Country Airlines d/b/a MN Airlines,16795,L,2,2,2023,1
,,,,,,,,,,,,,,,,,,,,,,,,,,,,,,,,,,,,,,,,,0.00,260.87,0.00,16963.42,98.08,,,,9,9,999,19805,AA,American Airlines Inc.,AA,American Airlines Inc.,10049,A,3,3,2023,1
,,,,,,,,,,,,,,,,,,,,,,,,,,,,,,,,,,,,,,,,,0.00,326.97,0.00,21266.96,123.01,,,,9,9,999,19805,AA,American Airlines Inc.,AA,American Airlines Inc.,10050,L,3,3,2023,1
,,,,,,,,,,,,,,,,,,,,,,,,,,,,,,,,,,,,,,,,,0.00,347.28,28.98,451.37,0.00,,,,9,9,999,20409,B6,JetBlue Airways,B6,JetBlue Airways,10875,A,3,3,2023,1
,,,,,,,,,,,,,,,,,,,,,,,,,,,,,,,,,,,,,,,,,0.00,534.57,0.00,22.12,0.00,,,,9,9,999,21161,09Q,"Swift Air, LLC d/b/a Eastern Air Lines d/b/a Eastern",09Q,"Swift Air, LLC d/b/a Eastern Air Lines d/b/a Eastern",11054,I,2,2,2023,1
,,,,,,,,,,,,,,,,,,,,,,,,,,,,,,,,,,,,,,,,,0.00,657.88,209.33,182.92,0.00,,,,9,9,999,19874,8C,Air Transport International,8C,Air Transport International,06029,D,2,2,2023,1
,,,,,,,,,,,,,,,,,,,,,,,,,,,,,,,,,,,,,,,,,0.00,788.22,0.00,1003.81,202.69,,,,9,9,999,20422,SY,Sun Country Airlines d/b/a MN Airlines,SY,Sun Country Airlines d/b/a MN Airlines,06795,D,2,2,2023,1
,,,,,,,,,,,,,,,,,,,,,,,,,,,,,,,,,,,,,,,,,0.00,950.39,0.00,3763.19,0.00,,,,9,9,999,20304,OO,SkyWest Airlines Inc.,OO,SkyWest Airlines Inc.,06700,D,3,3,2023,1
,,,,,,,,,,,,,,,,,,,,,,,,,,,,,,,,,,,,,,,,,0.00,1206.09,0.00,78456.09,453.62,,,,9,9,999,19805,AA,American Airlines Inc.,AA,American Airlines Inc.,0A050,D,3,3,2023,1
,,,,,,,,,,,,,,,,,,,,,,,,,,,,,,,,,,,,,,,,,0.00,2398.85,0.00,99.28,0.00,,,,9,9,999,21161,09Q,"Swift Air, LLC d/b/a Eastern Air Lines d/b/a Eastern",09Q,"Swift Air, LLC d/b/a Eastern Air Lines d/b/a Eastern",01130,D,2,2,2023,1
,,,,,,,,,,,,,,,,,,,,,,,,,,,,,,,,,,,,,,,,,0.00,2882.28,240.55,3524.65,0.00,,,,9,9,999,20409,B6,JetBlue Airways,B6,JetBlue Airways,16673,L,3,3,2023,1
,,,,,,,,,,,,,,,,,,,,,,,,,,,,,,,,,,,,,,,,,0.00,3473.00,842.00,100255.00,0.00,,,,9,9,999,19393,WN,Southwest Airlines Co.,WN,Southwest Airlines Co.,06725,D,3,3,2023,1
,,,,,,,,,,,,,,,,,,,,,,,,,,,,,,,,,,,,,,,,,0.00,10490.13,875.50,13783.26,0.00,,,,9,9,999,20409,B6,JetBlue Airways,B6,JetBlue Airways,06673,D,3,3,2023,1
,,,,,,,,,,,,,,,,,,,,,,,,,,,,,,,,,,,,,,,,,10.19,907.29,,15447.32,190.39,,,,9,9,999,19977,UA,United Air Lines Inc.,UA,United Air Lines Inc.,10876,L,3,3,2023,1
,,,,,,,,,,,,,,,,,,,,,,,,,,,,,,,,,,,,,,,,,10.72,954.28,,12829.23,200.25,,,,9,9,999,19977,UA,United Air Lines Inc.,UA,United Air Lines Inc.,10877,P,3,3,2023,1
,,,,,,,,,,,,,,,,,,,,,,,,,,,,,,,,,,,,,,,,,13.16,0.00,0.00,164.32,112.09,,,,9,9,999,21974,3EQ,"Scott Aviation, LLC  d/b/a  Silver Air",3EQ,"Scott Aviation, LLC  d/b/a  Silver Air",01234,D,2,2,2023,1
,,,,,,,,,,,,,,,,,,,,,,,,,,,,,,,,,,,,,,,,,20.78,1850.16,3.20,26088.77,388.25,,,,9,9,999,19977,UA,United Air Lines Inc.,UA,United Air Lines Inc.,10874,A,3,3,2023,1
,,,,,,,,,,,,,,,,,,,,,,,,,,,,,,,,,,,,,,,,,56.93,5069.14,,90528.03,1063.75,,,,9,9,999,19977,UA,United Air Lines Inc.,UA,United Air Lines Inc.,0A875,D,3,3,2023,1
,,,,,,,,,,,,,,,,,,,,,,,,,,,,,,,,,,,,,,,,,99.00,0.00,42.00,1497.00,0.00,,,,9,9,999,19930,AS,Alaska Airlines Inc.,AS,Alaska Airlines Inc.,16031,L,3,3,2023,1
,,,,,,,,,,,,,,,,,,,,,,,,,,,,,,,,,,,,,,,,,1222.00,0.00,525.00,18544.00,0.00,,,,9,9,999,19930,AS,Alaska Airlines Inc.,AS,Alaska Airlines Inc.,06031,D,3,3,2023,1
,,,,,,,,,,,,,,,,,,,,,,,,,,,,,,,,,,,,,,,,,3004.00,0.00,71.00,3313.00,0.00,,,,9,9,999,19790,DL,Delta Air Lines Inc.,DL,Delta Air Lines Inc.,10262,P,3,3,2023,1
,,,,,,,,,,,,,,,,,,,,,,,,,,,,,,,,,,,,,,,,,3730.49,0.00,1991.07,953.36,0.00,,,,9,9,999,20368,G4,Allegiant Air,G4,Allegiant Air,06035,D,3,3,2023,1
,,,,,,,,,,,,,,,,,,,,,,,,,,,,,,,,,,,,,,,,,8420.00,0.00,198.00,9286.00,0.00,,,,9,9,999,19790,DL,Delta Air Lines Inc.,DL,Delta Air Lines Inc.,10260,L,3,3,2023,1
,,,,,,,,,,,,,,,,,,,,,,,,,,,,,,,,,,,,,,,,,10359.00,0.00,244.00,11424.00,0.00,,,,9,9,999,19790,DL,Delta Air Lines Inc.,DL,Delta Air Lines Inc.,10261,A,3,3,2023,1
,,,,,,,,,,,,,,,,,,,,,,,,,,,,,,,,,,,,,,,,,61991.00,0.00,1460.00,68368.00,0.00,,,,9,9,999,19790,DL,Delta Air Lines Inc.,DL,Delta Air Lines Inc.,01260,D,3,3,2023,1
,,,,,,,,0.00,,,,,,,,0.00,,,,,,,,,,,,,,,,,,,,,,,,0.00,,,,,,0.00,0.00,,2,1,110,20107,FX,Federal Express Corporation,FX,Federal Express Corporation,16197,P,3,3,2023,1
,,,,,,,,0.00,,0.00,,,,0.00,,0.00,,,,,,,,,,,,,,,,0.00,0.00,,,,,,,0.00,,,,,,0.00,0.00,,2,4,416,20107,FX,Federal Express Corporation,FX,Federal Express Corporation,16197,P,3,3,2023,1
,,,,,,,,0.00,,0.00,,,,0.00,,0.00,,,,,,,,,,0.00,,0.00,0.00,0.00,,0.00,0.00,,,,,,,0.00,,,,,,0.00,,,2,4,416,20107,FX,Federal Express Corporation,FX,Federal Express Corporation,16196,A,3,3,2023,1
,,,,,,,,12998.00,,,,,,,,12998.00,,,,,,,,,,,,,,,,,,,,,,,,12998.00,,,,,,1.30,3.87,,2,1,110,20107,FX,Federal Express Corporation,FX,Federal Express Corporation,16196,A,3,3,2023,1
,,,,,,,,28424.00,,,,,,,,28424.00,,,,,,,,,,,,,,,,,,,,,,,,28424.00,,,,,,3.14,1.44,,2,1,110,20107,FX,Federal Express Corporation,FX,Federal Express Corporation,16195,L,3,3,2023,1
,,,,,,0.00,,,,,,,,0.00,0.00,0.00,,,,,,,,,,,,,,,,,,,,,,,,0.00,,,,,,,,0.00,2,7,715,20107,FX,Federal Express Corporation,FX,Federal Express Corporation,16196,A,3,3,2023,1
,,,,,,0.00,,,,,,,,0.00,0.00,0.00,0.00,0.00,0.00,0.00,,0.00,0.00,0.00,,0.00,,0.00,0.00,0.00,,0.00,0.00,0.00,0.00,,,,,0.00,,,,,,0.00,0.00,0.00,2,7,730,20107,FX,Federal Express Corporation,FX,Federal Express Corporation,16196,A,3,3,2023,1
,,,0.00,,,,,2058.00,,0.00,,,0.00,0.00,,2058.00,,,,,,0.00,0.00,,,24.00,,24.00,54.00,78.00,,10.00,34.00,,,,,,,2180.00,,,,,,0.77,1.17,,2,4,416,20107,FX,Federal Express Corporation,FX,Federal Express Corporation,16195,L,3,3,2023,1
,,,0.00,,,,,25282.00,0.00,6522.00,,,,-2325.00,,29479.00,,,,,,,,,,,,,,,,1489.00,1638.00,109.00,,,,,,32715.00,,,,,,3.75,4.86,,2,1,110,20107,FX,Federal Express Corporation,FX,Federal Express Corporation,06200,D,3,3,2023,1
,,,0.00,,,,,25316.00,,0.00,,,0.00,0.00,,25316.00,,,,,,0.00,0.00,,,520.00,,520.00,378.00,898.00,,212.00,739.00,,,,,,,27165.00,,,,,,16.61,20.46,,2,4,416,20107,FX,Federal Express Corporation,FX,Federal Express Corporation,06200,D,3,3,2023,1
,,0.00,,,,0.00,,0.00,,,,,,0.00,0.00,0.00,0.00,0.00,0.00,0.00,,0.00,0.00,0.00,,0.00,,0.00,0.00,0.00,,0.00,0.00,0.00,,,,,,0.00,,,,,,0.00,0.00,0.00,2,7,732,20107,FX,Federal Express Corporation,FX,Federal Express Corporation,16197,P,3,3,2023,1
-220.00,0.00,3.00,-7.00,0.00,0.00,3239.00,2.00,645.00,0.00,148.00,173.00,0.00,-12.00,96.00,1.00,4069.00,209.00,9.00,754.00,-55.00,0.00,42.00,41.00,0.00,0.00,0.00,0.00,1001.00,235.00,1236.00,0.00,-22.00,-8.00,-2.00,0.00,-1.00,,0.00,,5271.00,,,,,,0.67,0.09,588.00,1,6,694,19930,AS,Alaska Airlines Inc.,AS,Alaska Airlines Inc.,06031,D,3,3,2023,1
-3.59,-2.20,0.00,0.00,0.00,,273.78,0.00,0.00,-0.63,0.00,0.00,0.00,9.80,0.00,44.39,321.55,0.00,0.00,1.80,0.00,,0.00,0.00,0.00,0.00,0.00,0.00,1.80,0.00,1.80,0.00,0.00,0.00,0.00,0.00,0.00,,0.00,,323.35,,,,,,0.06,0.09,48.84,1,6,648,21979,3FQ,"Western Air Charter, Inc.  d/b/a  Jet Edge",3FQ,"Western Air Charter, Inc.  d/b/a  Jet Edge",01235,D,2,2,2023,1
-3.18,-1.95,0.00,0.00,0.00,,68.78,0.00,0.00,-0.56,0.00,0.00,0.00,8.68,0.00,39.27,111.04,0.00,0.00,1.08,0.00,,0.00,0.00,0.00,0.00,0.00,0.00,1.08,0.00,1.08,0.00,0.00,0.00,0.00,0.00,0.00,,0.00,,112.46,,,,,,0.05,0.09,21.83,1,6,750,21979,3FQ,"Western Air Charter, Inc.  d/b/a  Jet Edge",3FQ,"Western Air Charter, Inc.  d/b/a  Jet Edge",01235,D,2,2,2023,1
0.00,,,,,,0.00,,0.00,,,0.00,,,0.00,0.00,0.00,0.00,0.00,0.00,0.00,,0.00,0.00,0.00,,0.00,,0.00,0.00,0.00,,0.00,0.00,0.00,,,,,,0.00,,,,,,0.00,0.00,0.00,2,7,732,20107,FX,Federal Express Corporation,FX,Federal Express Corporation,16196,A,3,3,2023,1
0.00,,0.00,0.00,,,0.00,,,,0.00,0.00,,0.00,0.00,0.00,0.00,0.00,0.00,0.00,0.00,,0.00,0.00,0.00,,0.00,,0.00,0.00,0.00,,0.00,0.00,0.00,0.00,,,,,0.00,,,,,,0.00,0.00,0.00,2,7,730,20107,FX,Federal Express Corporation,FX,Federal Express Corporation,16197,P,3,3,2023,1
0.00,,0.00,0.00,,,0.00,,0.00,,0.00,0.00,,0.00,,,0.00,0.00,0.00,0.00,0.00,,0.00,0.00,,,,,0.00,0.00,0.00,,0.00,0.00,0.00,0.00,0.00,0.00,,,0.00,,,,,,0.00,0.00,0.00,2,6,626,20370,KAQ,Kalitta Air LLC,KAQ,Kalitta Air LLC,16683,I,3,3,2023,1
0.00,,0.00,0.00,,,0.00,,0.00,,0.00,0.00,,0.00,,,0.00,0.00,0.00,0.00,0.00,,0.00,0.00,,,,,0.00,0.00,0.00,,0.00,0.00,0.00,0.00,0.00,0.00,,,0.00,,,,,,0.00,0.00,0.00,2,6,683,20370,KAQ,Kalitta Air LLC,KAQ,Kalitta Air LLC,06683,D,3,3,2023,1
0.00,,0.00,0.00,0.00,,549.97,,1789.97,,0.00,0.00,,0.00,,0.00,2339.94,0.63,,0.00,,,4.79,0.00,0.00,,,,5.42,2.17,7.59,,0.00,0.00,0.00,0.00,0.00,,0.00,0.00,2347.53,,,,,,0.23,0.02,139.19,2,6,625,20100,PO,Polar Air Cargo Airways,PO,Polar Air Cargo Airways,06758,D,3,3,2023,1
0.00,,0.00,0.00,0.00,,1230.01,,4005.03,,0.00,0.00,,0.00,,0.00,5235.03,1.41,,0.00,,,10.71,0.00,0.00,,,,12.13,4.86,16.98,,0.00,0.00,0.00,0.00,0.00,,0.00,0.00,5252.02,,,,,,1.07,0.03,1305.29,2,8,821,20100,PO,Polar Air Cargo Airways,PO,Polar Air Cargo Airways,16757,A,3,3,2023,1
0.00,,0.00,0.00,0.00,,2395.81,,7797.27,,0.00,0.00,,0.00,,0.00,10193.07,2.75,,0.00,,,20.86,0.00,0.00,,,,23.61,9.46,33.07,,0.00,0.00,0.00,0.00,0.00,,0.00,0.00,10226.14,,,,,,1.44,0.16,950.30,2,6,625,20100,PO,Polar Air Cargo Airways,PO,Polar Air Cargo Airways,16758,P,3,3,2023,1
0.00,,0.00,0.00,0.00,,10673.88,,34740.01,,0.00,0.00,,0.00,,0.00,45413.90,12.25,,0.00,,,92.96,0.00,0.00,,,,105.21,42.13,147.34,,0.00,0.00,0.00,0.00,0.00,,0.00,0.00,45561.23,,,,,,1.95,0.07,2654.14,2,8,821,20100,PO,Polar Air Cargo Airways,PO,Polar Air Cargo Airways,06758,D,3,3,2023,1
0.00,,0.00,0.00,0.00,,46498.21,,151330.62,,0.00,0.00,,0.00,,0.00,197828.83,53.37,,0.00,,,404.94,0.00,0.00,,,,458.30,183.53,641.83,,0.00,0.00,0.00,0.00,0.00,,0.00,0.00,198470.65,,,,,,12.35,0.47,16815.18,2,8,821,20100,PO,Polar Air Cargo Airways,PO,Polar Air Cargo Airways,16758,P,3,3,2023,1
0.00,,0.44,0.92,0.00,,0.23,,0.00,,0.00,0.05,,0.04,,0.34,2.01,1.50,,0.56,,,5.34,0.80,0.14,,,,8.33,11.56,19.90,,0.12,0.00,0.07,0.00,0.00,,0.00,0.00,22.11,,,,,,3.43,0.45,2521.24,2,6,625,20007,5Y,Atlas Air Inc.,5Y,Atlas Air Inc.,16087,I,3,3,2023,1
0.00,,5.54,11.74,0.00,,1660.55,,0.00,,0.00,0.61,,0.49,,4.79,1683.72,19.07,,212.25,,,67.85,10.11,1.84,,,,311.11,147.01,458.12,,1.56,47.37,0.93,0.00,0.00,,0.00,0.00,2191.71,,,,,,0.64,0.17,2030.09,1,8,819,20007,5Y,Atlas Air Inc.,5Y,Atlas Air Inc.,06087,D,3,3,2023,1
0.00,,15.19,32.19,0.00,,4552.93,,0.00,,0.00,1.67,,1.33,,13.15,4616.46,52.27,,581.96,,,186.03,27.72,5.04,,,,853.02,403.07,1256.09,,4.28,129.88,2.54,0.00,0.00,,0.00,0.00,6009.25,,,,,,1.04,0.27,3312.25,1,8,819,20007,5Y,Atlas Air Inc.,5Y,Atlas Air Inc.,16087,I,3,3,2023,1
0.00,,37.29,79.01,0.00,,1145.23,,0.00,,0.00,4.10,,3.27,,29.10,1298.00,128.31,,47.69,,,456.63,68.05,12.36,,,,713.03,989.38,1702.42,,10.51,0.00,46.13,0.00,0.00,,0.00,0.00,3057.05,,,,,,4.67,0.56,10926.71,2,6,627,20007,5Y,Atlas Air Inc.,5Y,Atlas Air Inc.,06087,D,3,3,2023,1
0.00,,70.72,149.83,0.00,,19417.97,,353.04,,0.00,7.77,,6.20,,61.19,20066.71,243.32,,2708.84,,,865.92,129.04,23.44,,,,3970.56,1876.19,5846.75,,1097.76,1208.24,374.50,0.00,0.00,,0.00,0.00,28593.96,,,,,,2.96,0.42,8884.87,2,8,821,20007,5Y,Atlas Air Inc.,5Y,Atlas Air Inc.,06087,D,3,3,2023,1
0.00,,156.22,330.95,0.00,,82.02,,0.00,,0.00,17.16,,13.70,,121.88,721.91,537.46,,199.75,,,1912.71,285.02,51.77,,,,2986.72,4144.27,7130.98,,44.03,0.00,26.14,0.00,0.00,,0.00,0.00,7923.05,,,,,,2.11,0.27,1545.28,2,6,625,20007,5Y,Atlas Air Inc.,5Y,Atlas Air Inc.,06087,D,3,3,2023,1
0.00,,247.62,524.59,0.00,,45550.40,,8290.57,,0.00,27.20,,21.71,,214.24,54876.32,851.93,,9484.49,,,3031.86,451.79,82.06,,,,13902.14,6569.13,20471.26,,69.79,2695.96,41.43,0.00,0.00,,0.00,0.00,78154.77,,,,,,11.47,1.21,35881.86,2,8,819,20007,5Y,Atlas Air Inc.,5Y,Atlas Air Inc.,06087,D,3,3,2023,1
0.00,,276.45,585.66,0.00,,75903.54,,1380.00,,0.00,30.36,,24.24,,8742.56,86942.81,951.11,,10588.68,,,3384.84,504.39,91.62,,,,15520.64,18486.68,34007.32,,4291.09,4722.93,1463.88,0.00,0.00,,0.00,0.00,131428.01,,,,,,4.83,0.68,14496.37,2,8,821,20007,5Y,Atlas Air Inc.,5Y,Atlas Air Inc.,16087,I,3,3,2023,1
0.00,,735.86,1558.91,0.00,,135362.09,,24637.08,,0.00,80.82,,64.52,,636.66,163075.94,2531.68,,28185.05,,,9009.79,1342.59,243.87,,,,41312.98,19521.47,60834.45,,207.39,8011.60,123.11,0.00,0.00,,0.00,0.00,232252.48,,,,,,18.72,1.98,58544.08,2,8,819,20007,5Y,Atlas Air Inc.,5Y,Atlas Air Inc.,16087,I,3,3,2023,1
0.00,0.00,0.00,-4.16,4.65,,0.00,0.00,31.25,0.25,0.00,0.00,0.00,0.00,0.00,0.00,31.98,0.00,0.00,155.84,15.82,,-140.28,-35.07,0.00,0.00,0.00,0.00,-3.69,0.00,-3.69,0.00,420.05,93.17,15.70,0.00,37.76,,0.00,,594.97,,,,,,0.00,0.00,0.00,1,6,631,20378,YV,Mesa Airlines Inc.,YV,Mesa Airlines Inc.,06689,D,2,2,2023,1
0.00,0.00,0.00,0.00,,,0.00,,0.00,,0.00,0.00,,0.00,0.00,0.00,0.00,0.00,,,,,0.00,,,,,,0.00,,0.00,,,0.00,,,,,,,0.00,,,,,,0.00,0.00,0.00,2,7,740,20195,WI,Sky Lease Cargo,WI,Sky Lease Cargo,16884,I,2,2,2023,1
0.00,0.00,0.00,0.00,0.00,,0.00,,0.00,,0.00,0.00,,0.00,0.00,0.00,0.00,0.00,0.00,0.00,0.00,,0.00,0.00,0.00,,0.00,,0.00,0.00,0.00,,0.00,0.00,0.00,0.00,,,,,0.00,,,,,,0.00,0.00,0.00,2,7,730,20107,FX,Federal Express Corporation,FX,Federal Express Corporation,16195,L,3,3,2023,1
0.00,0.00,0.00,0.00,0.00,,0.00,,0.00,0.00,0.00,0.00,,0.00,0.00,-592.00,-592.00,41.00,5.00,10.00,27.00,,583.00,778.00,234.00,,135.00,,1813.00,1560.00,3373.00,,127.00,137.00,11.00,4.00,,,,,3060.00,,,,,,0.15,0.05,242.76,2,6,691,20107,FX,Federal Express Corporation,FX,Federal Express Corporation,16197,P,3,3,2023,1
0.00,0.00,0.00,0.00,0.00,,0.00,,0.00,0.00,0.00,0.00,,0.00,0.00,0.00,0.00,,,0.00,,,0.00,0.00,0.00,,0.00,,0.00,0.00,0.00,,0.00,0.00,0.00,0.00,,,,,0.00,,,,,,0.00,0.00,0.00,2,6,622,20107,FX,Federal Express Corporation,FX,Federal Express Corporation,16195,L,3,3,2023,1
0.00,0.00,0.00,0.00,0.00,,0.00,,0.00,0.00,0.00,0.00,,0.00,0.00,0.00,0.00,,,0.00,,,1.00,0.00,-1.00,,0.00,,0.00,0.00,0.00,,0.00,0.00,0.00,0.00,,,,,0.00,,,,,,0.00,0.00,0.00,2,6,622,20107,FX,Federal Express Corporation,FX,Federal Express Corporation,16197,P,3,3,2023,1
0.00,0.00,0.00,0.00,0.00,,0.00,,0.00,0.00,0.00,0.00,,0.00,0.00,0.00,0.00,0.00,0.00,0.00,0.00,,0.00,0.00,0.00,,0.00,,0.00,0.00,0.00,,0.00,0.00,0.00,0.00,,,,,0.00,,,,,,0.00,0.00,0.00,2,6,691,20107,FX,Federal Express Corporation,FX,Federal Express Corporation,16195,L,3,3,2023,1
0.00,0.00,0.00,0.00,0.00,,0.00,,0.00,0.00,0.00,0.00,,0.00,0.00,0.00,0.00,0.00,0.00,0.00,0.00,,0.00,0.00,0.00,,0.00,,0.00,0.00,0.00,,0.00,0.00,0.00,0.00,,,,,0.00,,,,,,0.00,0.00,0.00,2,6,691,20107,FX,Federal Express Corporation,FX,Federal Express Corporation,16196,A,3,3,2023,1
0.00,0.00,0.00,0.00,0.00,,0.00,,0.00,0.00,0.00,0.00,,0.00,0.00,0.00,0.00,0.00,0.00,0.00,0.00,,0.00,0.00,0.00,,0.00,,0.00,0.00,0.00,,0.00,0.00,0.00,0.00,,,,,0.00,,,,,,0.00,0.00,0.00,2,6,692,20107,FX,Federal Express Corporation,FX,Federal Express Corporation,06200,D,3,3,2023,1
0.00,0.00,0.00,0.00,0.00,,0.00,,0.00,0.00,0.00,0.00,,0.00,0.00,0.00,0.00,0.00,0.00,0.00,0.00,,0.00,0.00,0.00,,0.00,,0.00,0.00,0.00,,0.00,0.00,0.00,0.00,,,,,0.00,,,,,,0.00,0.00,0.00,2,6,692,20107,FX,Federal Express Corporation,FX,Federal Express Corporation,16195,L,3,3,2023,1
0.00,0.00,0.00,0.00,0.00,,0.00,,0.00,0.00,0.00,0.00,,0.00,0.00,0.00,0.00,0.00,0.00,0.00,0.00,,0.00,0.00,0.00,,0.00,,0.00,0.00,0.00,,0.00,0.00,0.00,0.00,,,,,0.00,,,,,,0.00,0.00,0.00,2,6,692,20107,FX,Federal Express Corporation,FX,Federal Express Corporation,16196,A,3,3,2023,1
0.00,0.00,0.00,0.00,0.00,,0.00,,0.00,0.00,0.00,0.00,,0.00,0.00,0.00,0.00,0.00,0.00,0.00,0.00,,0.00,0.00,0.00,,0.00,,0.00,0.00,0.00,,0.00,0.00,0.00,0.00,,,,,0.00,,,,,,0.00,0.00,0.00,2,6,692,20107,FX,Federal Express Corporation,FX,Federal Express Corporation,16197,P,3,3,2023,1
0.00,0.00,0.00,0.00,0.00,,0.00,,0.00,0.00,0.00,0.00,,0.00,0.00,0.00,0.00,0.00,0.00,0.00,0.00,,0.00,0.00,0.00,,0.00,,0.00,0.00,0.00,,0.00,0.00,0.00,0.00,,,,,0.00,,,,,,0.00,0.00,0.00,2,7,715,20107,FX,Federal Express Corporation,FX,Federal Express Corporation,06200,D,3,3,2023,1
0.00,0.00,0.00,0.00,0.00,,0.00,,0.00,0.00,0.00,0.00,,0.00,0.00,0.00,0.00,0.00,0.00,0.00,0.00,,0.00,0.00,0.00,,0.00,,0.00,0.00,0.00,,0.00,0.00,0.00,0.00,,,,,0.00,,,,,,0.00,0.00,0.00,2,7,715,20107,FX,Federal Express Corporation,FX,Federal Express Corporation,16195,L,3,3,2023,1
0.00,0.00,0.00,0.00,0.00,,0.00,,0.00,0.00,0.00,0.00,,0.00,0.00,0.00,0.00,0.00,0.00,0.00,0.00,,0.00,0.00,0.00,,0.00,,0.00,0.00,0.00,,0.00,0.00,0.00,0.00,,,,,0.00,,,,,,0.00,0.00,0.00,2,7,730,20107,FX,Federal Express Corporation,FX,Federal Express Corporation,06200,D,3,3,2023,1
0.00,0.00,0.00,0.00,0.00,,0.00,,0.00,0.00,0.00,0.00,,0.00,0.00,0.00,0.00,0.00,0.00,0.00,0.00,,0.00,0.00,0.00,,0.00,,0.00,0.00,0.00,,0.00,0.00,0.00,0.00,,,,,0.00,,,,,,0.00,0.00,0.00,2,7,732,20107,FX,Federal Express Corporation,FX,Federal Express Corporation,16195,L,3,3,2023,1
0.00,0.00,0.00,0.00,0.00,,0.00,0.00,0.00,0.00,0.00,0.00,0.00,0.00,0.00,-6.96,-6.96,0.00,0.00,0.00,0.00,,0.00,0.00,0.00,0.00,0.00,0.00,0.00,0.00,0.00,0.00,0.00,0.00,0.00,0.00,0.00,,0.00,,-6.96,,,,,,0.00,0.09,0.00,1,6,774,21979,3FQ,"Western Air Charter, Inc.  d/b/a  Jet Edge",3FQ,"Western Air Charter, Inc.  d/b/a  Jet Edge",01235,D,2,2,2023,1
0.00,0.00,0.00,0.00,0.00,,0.00,0.00,0.00,0.00,0.00,0.00,0.00,0.00,0.00,0.00,0.00,0.00,0.00,0.00,0.00,,0.00,0.00,0.00,,0.00,,0.00,0.00,0.00,,0.00,0.00,0.00,,,,0.00,,0.00,,,,,,0.00,0.00,0.00,2,6,622,19917,5X,United Parcel Service,5X,United Parcel Service,16913,P,3,3,2023,1
0.00,0.00,0.00,0.00,0.00,,0.00,0.00,0.00,0.00,0.00,0.00,0.00,0.00,0.00,0.00,0.00,0.00,0.00,0.00,0.00,,0.00,0.00,0.00,,0.00,,0.00,0.00,0.00,,0.00,0.00,0.00,,,,0.00,,0.00,,,,,,0.00,0.00,0.00,2,6,691,19917,5X,United Parcel Service,5X,United Parcel Service,16911,A,3,3,2023,1
0.00,0.00,0.00,0.00,0.00,,0.00,0.00,0.00,0.00,0.00,0.00,0.00,0.00,0.00,0.00,0.00,0.00,0.00,0.00,0.00,,0.00,0.00,0.00,,0.00,,0.00,0.00,0.00,,0.00,0.00,0.00,,,,0.00,,0.00,,,,,,0.00,0.00,0.00,2,6,691,19917,5X,United Parcel Service,5X,United Parcel Service,16913,P,3,3,2023,1
0.00,0.00,0.00,0.00,0.00,,0.00,0.00,0.00,0.00,0.00,0.00,0.00,0.00,0.00,0.00,0.00,0.00,0.00,0.00,0.00,,0.00,0.00,0.00,,0.00,,0.00,0.00,0.00,,0.00,0.00,0.00,,,,0.00,,0.00,,,,,,0.00,0.00,0.00,2,7,740,19917,5X,United Parcel Service,5X,United Parcel Service,16912,L,3,3,2023,1
0.00,0.00,0.00,0.00,0.00,,0.00,0.00,0.00,0.00,0.00,0.00,0.00,0.00,0.00,0.00,0.00,0.00,0.00,0.00,0.00,,0.00,0.00,0.00,,0.00,,0.00,0.00,0.00,,0.00,0.00,0.00,,,,0.00,,0.00,,,,,,0.00,0.00,0.00,2,7,740,19917,5X,United Parcel Service,5X,United Parcel Service,16913,P,3,3,2023,1
0.00,0.00,0.00,0.00,0.00,,0.00,0.00,0.00,0.00,0.00,0.00,0.00,0.00,0.00,0.00,0.00,0.00,0.00,0.00,0.00,,0.00,0.00,0.00,,0.00,,0.00,0.00,0.00,,0.00,0.00,0.00,,,,0.00,,0.00,,,,,,0.00,0.00,0.00,2,8,821,19917,5X,United Parcel Service,5X,United Parcel Service,16912,L,3,3,2023,1
0.00,0.00,0.00,0.00,0.00,,0.00,0.00,0.00,0.00,0.00,0.00,0.00,0.00,0.00,0.00,0.00,0.00,0.00,0.00,0.00,,0.00,0.00,0.00,0.00,0.00,0.00,0.00,0.00,0.00,0.00,0.00,0.00,0.00,0.00,0.00,,0.00,,0.00,,,,,,0.00,0.00,0.00,1,4,451,20378,YV,Mesa Airlines Inc.,YV,Mesa Airlines Inc.,11022,L,2,2,2023,1
0.00,0.00,0.00,0.00,0.00,,0.00,0.00,0.00,0.00,0.00,0.00,0.00,0.00,0.00,0.00,0.00,0.00,0.00,0.00,0.00,,0.00,0.00,0.00,0.00,0.00,0.00,0.00,0.00,0.00,0.00,0.00,0.00,0.00,0.00,0.00,,0.00,,0.00,,,,,,0.00,0.00,0.00,1,6,675,20445,C5,CommuteAir LLC dba CommuteAir,C5,CommuteAir LLC dba CommuteAir,11059,L,2,2,2023,1
0.00,0.00,0.00,0.00,0.00,,0.00,0.00,0.00,0.00,0.00,0.00,0.00,0.00,0.00,0.00,0.00,0.00,0.00,0.00,0.00,,0.00,0.00,0.00,0.00,0.00,0.00,0.00,0.00,0.00,0.00,0.00,0.00,0.00,0.00,0.00,,0.00,,0.00,,,,,,0.00,0.00,0.00,2,6,614,21161,09Q,"Swift Air, LLC d/b/a Eastern Air Lines d/b/a Eastern",09Q,"Swift Air, LLC d/b/a Eastern Air Lines d/b/a Eastern",11054,I,2,2,2023,1
0.00,0.00,0.00,0.00,0.00,,0.00,0.00,0.00,0.00,0.00,0.00,0.00,0.00,0.00,0.00,0.00,0.00,0.00,0.00,0.00,,0.00,0.00,0.00,0.00,0.00,0.00,0.00,0.00,0.00,0.00,0.00,0.00,0.00,0.00,0.00,,0.00,,0.00,,,,,,0.00,0.00,0.00,2,6,617,21161,09Q,"Swift Air, LLC d/b/a Eastern Air Lines d/b/a Eastern",09Q,"Swift Air, LLC d/b/a Eastern Air Lines d/b/a Eastern",11054,I,2,2,2023,1
0.00,0.00,0.00,0.00,0.00,,0.00,0.00,0.00,0.00,0.00,0.00,0.00,0.00,0.00,0.00,0.00,0.00,0.00,0.00,0.00,,0.00,0.00,0.00,0.00,0.00,0.00,0.00,0.00,0.00,0.00,0.00,0.00,0.00,0.00,0.00,,0.00,,0.00,,,,,,0.00,0.00,0.00,2,6,619,21161,09Q,"Swift Air, LLC d/b/a Eastern Air Lines d/b/a Eastern",09Q,"Swift Air, LLC d/b/a Eastern Air Lines d/b/a Eastern",11054,I,2,2,2023,1
0.00,0.00,0.00,0.00,0.00,,0.00,0.00,0.00,0.00,0.00,0.00,0.00,0.00,0.00,0.00,0.00,0.00,0.00,0.00,0.00,,0.00,0.00,0.00,0.00,0.00,0.00,0.00,0.00,0.00,0.00,0.00,0.00,0.00,0.00,0.00,,0.00,,0.00,,,,,,0.00,0.00,0.00,2,6,626,21161,09Q,"Swift Air, LLC d/b/a Eastern Air Lines d/b/a Eastern",09Q,"Swift Air, LLC d/b/a Eastern Air Lines d/b/a Eastern",01130,D,2,2,2023,1
0.00,0.00,0.00,0.00,0.00,,0.00,0.00,0.00,0.00,0.00,0.00,0.00,0.00,0.00,0.00,0.00,0.00,0.00,0.00,0.00,,0.00,0.00,0.00,0.00,0.00,0.00,0.00,0.00,0.00,0.00,0.00,0.00,0.00,0.00,0.00,,0.00,,0.00,,,,,,0.00,0.00,0.00,2,6,626,21161,09Q,"Swift Air, LLC d/b/a Eastern Air Lines d/b/a Eastern",09Q,"Swift Air, LLC d/b/a Eastern Air Lines d/b/a Eastern",11054,I,2,2,2023,1
0.00,0.00,0.00,0.00,0.00,,0.00,0.00,0.00,0.00,0.00,0.00,0.00,0.00,0.00,0.00,0.00,0.00,0.00,0.00,0.00,,0.00,0.00,0.00,0.00,0.00,0.00,0.00,0.00,0.00,0.00,0.00,0.00,0.00,0.00,0.00,,0.00,,0.00,,,,,,0.00,0.09,0.00,1,6,665,21979,3FQ,"Western Air Charter, Inc.  d/b/a  Jet Edge",3FQ,"Western Air Charter, Inc.  d/b/a  Jet Edge",01235,D,2,2,2023,1
0.00,0.00,0.00,0.00,0.00,,0.00,0.00,0.00,0.00,0.00,0.00,0.00,0.00,0.00,0.00,0.00,102.78,25.69,0.00,0.00,,0.00,0.00,0.00,0.00,0.00,0.00,128.47,0.00,128.47,0.00,0.00,0.00,0.00,0.00,0.00,,0.00,,128.47,,,,,,0.00,0.00,0.00,1,4,451,20378,YV,Mesa Airlines Inc.,YV,Mesa Airlines Inc.,06689,D,2,2,2023,1
0.00,0.00,0.00,0.00,0.00,,17.99,0.00,0.00,0.00,0.00,0.00,0.00,0.00,0.00,0.00,17.99,0.00,0.00,0.05,0.00,,0.00,0.00,0.00,0.00,0.00,0.00,0.05,0.00,0.05,0.00,0.00,0.00,0.00,0.00,0.00,,0.00,,18.04,,,,,,0.03,0.01,6.44,1,6,685,21974,3EQ,"Scott Aviation, LLC  d/b/a  Silver Air",3EQ,"Scott Aviation, LLC  d/b/a  Silver Air",01234,D,2,2,2023,1
0.00,0.00,0.00,0.00,0.00,,45.22,0.00,0.00,0.00,0.00,0.00,0.00,0.00,0.00,7.28,52.50,0.00,0.00,0.86,0.00,,0.00,0.00,0.00,0.00,0.00,0.00,0.86,0.00,0.86,0.00,0.00,0.00,0.00,0.00,0.00,,0.00,,53.36,,,,,,0.00,0.09,0.00,1,6,609,21979,3FQ,"Western Air Charter, Inc.  d/b/a  Jet Edge",3FQ,"Western Air Charter, Inc.  d/b/a  Jet Edge",01235,D,2,2,2023,1
0.00,0.00,0.00,0.00,0.00,0.00,0.00,0.00,0.00,0.00,0.00,0.00,0.00,0.00,0.00,0.00,0.00,0.00,0.00,0.00,0.00,0.00,0.00,0.00,0.00,0.00,0.00,0.00,0.00,0.00,0.00,0.00,0.00,0.00,0.00,0.00,0.00,,0.00,,0.00,,,,,,0.00,0.00,0.00,1,4,461,20304,OO,SkyWest Airlines Inc.,OO,SkyWest Airlines Inc.,06700,D,3,3,2023,1
0.00,0.00,0.00,0.00,0.00,0.00,0.00,0.00,0.00,0.00,0.00,0.00,0.00,0.00,0.00,0.00,0.00,0.00,0.00,0.00,0.00,0.00,0.00,0.00,0.00,0.00,0.00,0.00,0.00,0.00,0.00,0.00,0.00,0.00,0.00,0.00,0.00,,0.00,,0.00,,,,,,0.00,0.00,0.00,1,4,482,19687,QX,Horizon Air,QX,Horizon Air,11023,L,2,2,2023,1
0.00,0.00,0.00,0.00,0.00,0.00,0.00,0.00,0.00,0.00,0.00,0.00,0.00,0.00,0.00,0.00,0.00,0.00,0.00,0.00,0.00,0.00,0.00,0.00,0.00,0.00,0.00,0.00,0.00,0.00,0.00,0.00,0.00,0.00,0.00,0.00,0.00,,0.00,,0.00,,,,,,0.00,0.00,0.00,1,6,612,19930,AS,Alaska Airlines Inc.,AS,Alaska Airlines Inc.,16031,L,3,3,2023,1
0.00,0.00,0.00,0.00,0.00,0.00,0.00,0.00,0.00,0.00,0.00,0.00,0.00,0.00,0.00,0.00,0.00,0.00,0.00,0.00,0.00,0.00,0.00,0.00,0.00,0.00,0.00,0.00,0.00,0.00,0.00,0.00,0.00,0.00,0.00,0.00,0.00,,0.00,,0.00,,,,,,0.00,0.00,0.00,1,6,614,19805,AA,American Airlines Inc.,AA,American Airlines Inc.,10049,A,3,3,2023,1
0.00,0.00,0.00,0.00,0.00,0.00,0.00,0.00,0.00,0.00,0.00,0.00,0.00,0.00,0.00,0.00,0.00,0.00,0.00,0.00,0.00,0.00,0.00,0.00,0.00,0.00,0.00,0.00,0.00,0.00,0.00,0.00,0.00,0.00,0.00,0.00,0.00,,0.00,,0.00,,,,,,0.00,0.00,0.00,1,6,622,19805,AA,American Airlines Inc.,AA,American Airlines Inc.,0A050,D,3,3,2023,1
0.00,0.00,0.00,0.00,0.00,0.00,0.00,0.00,0.00,0.00,0.00,0.00,0.00,0.00,0.00,0.00,0.00,0.00,0.00,0.00,0.00,0.00,0.00,0.00,0.00,0.00,0.00,0.00,0.00,0.00,0.00,0.00,0.00,0.00,0.00,0.00,0.00,,0.00,,0.00,,,,,,0.00,0.00,0.00,1,6,622,19805,AA,American Airlines Inc.,AA,American Airlines Inc.,10049,A,3,3,2023,1
0.00,0.00,0.00,0.00,0.00,0.00,0.00,0.00,0.00,0.00,0.00,0.00,0.00,0.00,0.00,0.00,0.00,0.00,0.00,0.00,0.00,0.00,0.00,0.00,0.00,0.00,0.00,0.00,0.00,0.00,0.00,0.00,0.00,0.00,0.00,0.00,0.00,,0.00,,0.00,,,,,,0.00,0.00,0.00,1,6,622,19805,AA,American Airlines Inc.,AA,American Airlines Inc.,10050,L,3,3,2023,1
0.00,0.00,0.00,0.00,0.00,0.00,0.00,0.00,0.00,0.00,0.00,0.00,0.00,0.00,0.00,0.00,0.00,0.00,0.00,0.00,0.00,0.00,0.00,0.00,0.00,0.00,0.00,0.00,0.00,0.00,0.00,0.00,0.00,0.00,0.00,0.00,0.00,,0.00,,0.00,,,,,,0.00,0.00,0.00,1,6,622,19874,8C,Air Transport International,8C,Air Transport International,06029,D,2,2,2023,1
0.00,0.00,0.00,0.00,0.00,0.00,0.00,0.00,0.00,0.00,0.00,0.00,0.00,0.00,0.00,0.00,0.00,0.00,0.00,0.00,0.00,0.00,0.00,0.00,0.00,0.00,0.00,0.00,0.00,0.00,0.00,0.00,0.00,0.00,0.00,0.00,0.00,,0.00,,0.00,,,,,,0.00,0.00,0.00,1,6,622,20368,G4,Allegiant Air,G4,Allegiant Air,06035,D,3,3,2023,1
0.00,0.00,0.00,0.00,0.00,0.00,0.00,0.00,0.00,0.00,0.00,0.00,0.00,0.00,0.00,0.00,0.00,0.00,0.00,0.00,0.00,0.00,0.00,0.00,0.00,0.00,0.00,0.00,0.00,0.00,0.00,0.00,0.00,0.00,0.00,0.00,0.00,,0.00,,0.00,,,,,,0.00,0.00,0.00,1,6,622,20377,X9,Omni Air International LLC,X9,Omni Air International LLC,06738,D,2,2,2023,1
0.00,0.00,0.00,0.00,0.00,0.00,0.00,0.00,0.00,0.00,0.00,0.00,0.00,0.00,0.00,0.00,0.00,0.00,0.00,0.00,0.00,0.00,0.00,0.00,0.00,0.00,0.00,0.00,0.00,0.00,0.00,0.00,0.00,0.00,0.00,0.00,0.00,,0.00,,0.00,,,,,,0.00,0.00,0.00,1,6,622,20377,X9,Omni Air International LLC,X9,Omni Air International LLC,16736,I,2,2,2023,1
0.00,0.00,0.00,0.00,0.00,0.00,0.00,0.00,0.00,0.00,0.00,0.00,0.00,0.00,0.00,0.00,0.00,0.00,0.00,0.00,0.00,0.00,0.00,0.00,0.00,0.00,0.00,0.00,0.00,0.00,0.00,0.00,0.00,0.00,0.00,0.00,0.00,,0.00,,0.00,,,,,,0.00,0.00,0.00,1,6,626,19805,AA,American Airlines Inc.,AA,American Airlines Inc.,0A050,D,3,3,2023,1
0.00,0.00,0.00,0.00,0.00,0.00,0.00,0.00,0.00,0.00,0.00,0.00,0.00,0.00,0.00,0.00,0.00,0.00,0.00,0.00,0.00,0.00,0.00,0.00,0.00,0.00,0.00,0.00,0.00,0.00,0.00,0.00,0.00,0.00,0.00,0.00,0.00,,0.00,,0.00,,,,,,0.00,0.00,0.00,1,6,626,19805,AA,American Airlines Inc.,AA,American Airlines Inc.,10049,A,3,3,2023,1
0.00,0.00,0.00,0.00,0.00,0.00,0.00,0.00,0.00,0.00,0.00,0.00,0.00,0.00,0.00,0.00,0.00,0.00,0.00,0.00,0.00,0.00,0.00,0.00,0.00,0.00,0.00,0.00,0.00,0.00,0.00,0.00,0.00,0.00,0.00,0.00,0.00,,0.00,,0.00,,,,,,0.00,0.00,0.00,1,6,626,19805,AA,American Airlines Inc.,AA,American Airlines Inc.,10050,L,3,3,2023,1
0.00,0.00,0.00,0.00,0.00,0.00,0.00,0.00,0.00,0.00,0.00,0.00,0.00,0.00,0.00,0.00,0.00,0.00,0.00,0.00,0.00,0.00,0.00,0.00,0.00,0.00,0.00,0.00,0.00,0.00,0.00,0.00,0.00,0.00,0.00,0.00,0.00,,0.00,,0.00,,,,,,0.00,0.00,0.00,1,6,629,20304,OO,SkyWest Airlines Inc.,OO,SkyWest Airlines Inc.,11025,L,3,3,2023,1
0.00,0.00,0.00,0.00,0.00,0.00,0.00,0.00,0.00,0.00,0.00,0.00,0.00,0.00,0.00,0.00,0.00,0.00,0.00,0.00,0.00,0.00,0.00,0.00,0.00,0.00,0.00,0.00,0.00,0.00,0.00,0.00,0.00,0.00,0.00,0.00,0.00,,0.00,,0.00,,,,,,0.00,0.00,0.00,1,6,629,20397,OH,PSA Airlines Inc.,OH,PSA Airlines Inc.,07028,D,2,2,2023,1
0.00,0.00,0.00,0.00,0.00,0.00,0.00,0.00,0.00,0.00,0.00,0.00,0.00,0.00,0.00,0.00,0.00,0.00,0.00,0.00,0.00,0.00,0.00,0.00,0.00,0.00,0.00,0.00,0.00,0.00,0.00,0.00,0.00,0.00,0.00,0.00,0.00,,0.00,,0.00,,,,,,0.00,0.00,0.00,1,6,629,20397,OH,PSA Airlines Inc.,OH,PSA Airlines Inc.,11030,L,2,2,2023,1
0.00,0.00,0.00,0.00,0.00,0.00,0.00,0.00,0.00,0.00,0.00,0.00,0.00,0.00,0.00,0.00,0.00,0.00,0.00,0.00,0.00,0.00,0.00,0.00,0.00,0.00,0.00,0.00,0.00,0.00,0.00,0.00,0.00,0.00,0.00,0.00,0.00,,0.00,,0.00,,,,,,0.00,0.00,0.00,1,6,638,20304,OO,SkyWest Airlines Inc.,OO,SkyWest Airlines Inc.,11025,L,3,3,2023,1
0.00,0.00,0.00,0.00,0.00,0.00,0.00,0.00,0.00,0.00,0.00,0.00,0.00,0.00,0.00,0.00,0.00,0.00,0.00,0.00,0.00,0.00,0.00,0.00,0.00,0.00,0.00,0.00,0.00,0.00,0.00,0.00,0.00,0.00,0.00,0.00,0.00,,0.00,,0.00,,,,,,0.00,0.00,0.00,1,6,655,19805,AA,American Airlines Inc.,AA,American Airlines Inc.,0A050,D,3,3,2023,1
0.00,0.00,0.00,0.00,0.00,0.00,0.00,0.00,0.00,0.00,0.00,0.00,0.00,0.00,0.00,0.00,0.00,0.00,0.00,0.00,0.00,0.00,0.00,0.00,0.00,0.00,0.00,0.00,0.00,0.00,0.00,0.00,0.00,0.00,0.00,0.00,0.00,,0.00,,0.00,,,,,,0.00,0.00,0.00,1,6,655,19805,AA,American Airlines Inc.,AA,American Airlines Inc.,10050,L,3,3,2023,1
0.00,0.00,0.00,0.00,0.00,0.00,0.00,0.00,0.00,0.00,0.00,0.00,0.00,0.00,0.00,0.00,0.00,0.00,0.00,0.00,0.00,0.00,0.00,0.00,0.00,0.00,0.00,0.00,0.00,0.00,0.00,0.00,0.00,0.00,0.00,0.00,0.00,,0.00,,0.00,,,,,,0.00,0.00,0.00,1,6,655,20368,G4,Allegiant Air,G4,Allegiant Air,06035,D,3,3,2023,1
0.00,0.00,0.00,0.00,0.00,0.00,0.00,0.00,0.00,0.00,0.00,0.00,0.00,0.00,0.00,0.00,0.00,0.00,0.00,0.00,0.00,0.00,0.00,0.00,0.00,0.00,0.00,0.00,0.00,0.00,0.00,0.00,0.00,0.00,0.00,0.00,0.00,,0.00,,0.00,,,,,,0.00,0.00,0.00,1,6,673,19687,QX,Horizon Air,QX,Horizon Air,11023,L,2,2,2023,1
0.00,0.00,0.00,0.00,0.00,0.00,0.00,0.00,0.00,0.00,0.00,0.00,0.00,0.00,0.00,0.00,0.00,0.00,0.00,0.00,0.00,0.00,0.00,0.00,0.00,0.00,0.00,0.00,0.00,0.00,0.00,0.00,0.00,0.00,0.00,0.00,0.00,,0.00,,0.00,,,,,,0.00,0.00,0.00,1,6,675,20398,MQ,Envoy Air,MQ,Envoy Air,16820,L,3,3,2023,1
0.00,0.00,0.00,0.00,0.00,0.00,0.00,0.00,0.00,0.00,0.00,0.00,0.00,0.00,0.00,0.00,0.00,0.00,0.00,0.00,0.00,0.00,0.00,0.00,0.00,0.00,0.00,0.00,0.00,0.00,0.00,0.00,0.00,0.00,0.00,0.00,0.00,,0.00,,0.00,,,,,,0.00,0.00,0.00,1,6,676,20398,MQ,Envoy Air,MQ,Envoy Air,06820,D,3,3,2023,1
0.00,0.00,0.00,0.00,0.00,0.00,0.00,0.00,0.00,0.00,0.00,0.00,0.00,0.00,0.00,0.00,0.00,0.00,0.00,0.00,0.00,0.00,0.00,0.00,0.00,0.00,0.00,0.00,0.00,0.00,0.00,0.00,0.00,0.00,0.00,0.00,0.00,,0.00,,0.00,,,,,,0.00,0.00,0.00,1,6,676,20398,MQ,Envoy Air,MQ,Envoy Air,16820,L,3,3,2023,1
0.00,0.00,0.00,0.00,0.00,0.00,0.00,0.00,0.00,0.00,0.00,0.00,0.00,0.00,0.00,0.00,0.00,0.00,0.00,0.00,0.00,0.00,0.00,0.00,0.00,0.00,0.00,0.00,0.00,0.00,0.00,0.00,0.00,0.00,0.00,0.00,0.00,,0.00,,0.00,,,,,,0.00,0.00,0.00,1,6,678,19805,AA,American Airlines Inc.,AA,American Airlines Inc.,0A050,D,3,3,2023,1
0.00,0.00,0.00,0.00,0.00,0.00,0.00,0.00,0.00,0.00,0.00,0.00,0.00,0.00,0.00,0.00,0.00,0.00,0.00,0.00,0.00,0.00,0.00,0.00,0.00,0.00,0.00,0.00,0.00,0.00,0.00,0.00,0.00,0.00,0.00,0.00,0.00,,0.00,,0.00,,,,,,0.00,0.00,0.00,1,6,678,19805,AA,American Airlines Inc.,AA,American Airlines Inc.,10050,L,3,3,2023,1
0.00,0.00,0.00,0.00,0.00,0.00,0.00,0.00,0.00,0.00,0.00,0.00,0.00,0.00,0.00,0.00,0.00,0.00,0.00,0.00,0.00,0.00,0.00,0.00,0.00,0.00,0.00,0.00,0.00,0.00,0.00,0.00,0.00,0.00,0.00,0.00,0.00,,0.00,,0.00,,,,,,0.00,0.00,0.00,1,6,678,20409,B6,JetBlue Airways,B6,JetBlue Airways,10875,A,3,3,2023,1
0.00,0.00,0.00,0.00,0.00,0.00,0.00,0.00,0.00,0.00,0.00,0.00,0.00,0.00,0.00,0.00,0.00,0.00,0.00,0.00,0.00,0.00,0.00,0.00,0.00,0.00,0.00,0.00,0.00,0.00,0.00,0.00,0.00,0.00,0.00,0.00,0.00,,0.00,,0.00,,,,,,0.00,0.00,0.00,1,6,687,19805,AA,American Airlines Inc.,AA,American Airlines Inc.,0A050,D,3,3,2023,1
0.00,0.00,0.00,0.00,0.00,0.00,0.00,0.00,0.00,0.00,0.00,0.00,0.00,0.00,0.00,0.00,0.00,0.00,0.00,0.00,0.00,0.00,0.00,0.00,0.00,0.00,0.00,0.00,0.00,0.00,0.00,0.00,0.00,0.00,0.00,0.00,0.00,,0.00,,0.00,,,,,,0.00,0.00,0.00,1,6,687,19805,AA,American Airlines Inc.,AA,American Airlines Inc.,10049,A,3,3,2023,1
0.00,0.00,0.00,0.00,0.00,0.00,0.00,0.00,0.00,0.00,0.00,0.00,0.00,0.00,0.00,0.00,0.00,0.00,0.00,0.00,0.00,0.00,0.00,0.00,0.00,0.00,0.00,0.00,0.00,0.00,0.00,0.00,0.00,0.00,0.00,0.00,0.00,,0.00,,0.00,,,,,,0.00,0.00,0.00,1,6,687,19805,AA,American Airlines Inc.,AA,American Airlines Inc.,10050,L,3,3,2023,1
0.00,0.00,0.00,0.00,0.00,0.00,0.00,0.00,0.00,0.00,0.00,0.00,0.00,0.00,0.00,0.00,0.00,0.00,0.00,0.00,0.00,0.00,0.00,0.00,0.00,0.00,0.00,0.00,0.00,0.00,0.00,0.00,0.00,0.00,0.00,0.00,0.00,,0.00,,0.00,,,,,,0.00,0.00,0.00,1,6,694,20409,B6,JetBlue Airways,B6,JetBlue Airways,10875,A,3,3,2023,1
0.00,0.00,0.00,0.00,0.00,0.00,0.00,0.00,0.00,0.00,0.00,0.00,0.00,0.00,0.00,0.00,0.00,0.00,0.00,0.00,0.00,0.00,0.00,0.00,0.00,0.00,0.00,0.00,0.00,0.00,0.00,0.00,0.00,0.00,0.00,0.00,0.00,,0.00,,0.00,,,,,,0.00,0.00,0.00,1,6,696,19805,AA,American Airlines Inc.,AA,American Airlines Inc.,0A050,D,3,3,2023,1
0.00,0.00,0.00,0.00,0.00,0.00,0.00,0.00,0.00,0.00,0.00,0.00,0.00,0.00,0.00,0.00,0.00,0.00,0.00,0.00,0.00,0.00,0.00,0.00,0.00,0.00,0.00,0.00,0.00,0.00,0.00,0.00,0.00,0.00,0.00,0.00,0.00,,0.00,,0.00,,,,,,0.00,0.00,0.00,1,6,696,19805,AA,American Airlines Inc.,AA,American Airlines Inc.,10049,A,3,3,2023,1
0.00,0.00,0.00,0.00,0.00,0.00,0.00,0.00,0.00,0.00,0.00,0.00,0.00,0.00,0.00,0.00,0.00,0.00,0.00,0.00,0.00,0.00,0.00,0.00,0.00,0.00,0.00,0.00,0.00,0.00,0.00,0.00,0.00,0.00,0.00,0.00,0.00,,0.00,,0.00,,,,,,0.00,0.00,0.00,1,6,696,19805,AA,American Airlines Inc.,AA,American Airlines Inc.,10050,L,3,3,2023,1
0.00,0.00,0.00,0.00,0.00,0.00,0.00,0.00,0.00,0.00,0.00,0.00,0.00,0.00,0.00,0.00,0.00,0.00,0.00,0.00,0.00,0.00,0.00,0.00,0.00,0.00,0.00,0.00,0.00,0.00,0.00,0.00,0.00,0.00,0.00,0.00,0.00,,0.00,,0.00,,,,,,0.00,0.00,0.00,1,6,698,19805,AA,American Airlines Inc.,AA,American Airlines Inc.,10049,A,3,3,2023,1
0.00,0.00,0.00,0.00,0.00,0.00,0.00,0.00,0.00,0.00,0.00,0.00,0.00,0.00,0.00,0.00,0.00,0.00,0.00,0.00,0.00,0.00,0.00,0.00,0.00,0.00,0.00,0.00,0.00,0.00,0.00,0.00,0.00,0.00,0.00,0.00,0.00,,0.00,,0.00,,,,,,0.00,0.00,0.00,1,6,698,20436,F9,Frontier Airlines Inc.,F9,Frontier Airlines Inc.,06460,D,3,3,2023,1
0.00,0.00,0.00,0.00,0.00,0.00,0.00,0.00,0.00,0.00,0.00,0.00,0.00,0.00,0.00,0.00,0.00,0.00,0.00,0.00,0.00,0.00,0.00,0.00,0.00,0.00,0.00,0.00,0.00,0.00,0.00,0.00,0.00,0.00,0.00,0.00,0.00,,0.00,,0.00,,,,,,0.00,0.00,0.00,1,6,698,20436,F9,Frontier Airlines Inc.,F9,Frontier Airlines Inc.,16461,L,3,3,2023,1
0.00,0.00,0.00,0.00,0.00,0.00,0.00,0.00,0.00,0.00,0.00,0.00,0.00,0.00,0.00,0.00,0.00,0.00,0.00,0.00,0.00,0.00,0.00,0.00,0.00,0.00,0.00,0.00,0.00,0.00,0.00,0.00,0.00,0.00,0.00,0.00,0.00,,0.00,,0.00,,,,,,0.00,0.00,0.00,1,6,699,20409,B6,JetBlue Airways,B6,JetBlue Airways,10875,A,3,3,2023,1
0.00,0.00,0.00,0.00,0.00,0.00,0.00,0.00,0.00,0.00,0.00,0.00,0.00,0.00,0.00,0.00,0.00,0.00,0.00,0.00,0.00,0.00,0.00,0.00,0.00,0.00,0.00,0.00,0.00,0.00,0.00,0.00,0.00,0.00,0.00,0.00,0.00,,0.00,,0.00,,,,,,0.00,0.00,0.00,1,6,721,19805,AA,American Airlines Inc.,AA,American Airlines Inc.,10049,A,3,3,2023,1
0.00,0.00,0.00,0.00,0.00,0.00,0.00,0.00,0.00,0.00,0.00,0.00,0.00,0.00,0.00,0.00,0.00,0.00,0.00,0.00,0.00,0.00,0.00,0.00,0.00,0.00,0.00,0.00,0.00,0.00,0.00,0.00,0.00,0.00,0.00,0.00,0.00,,0.00,,0.00,,,,,,0.00,0.00,0.00,1,6,724,20409,B6,JetBlue Airways,B6,JetBlue Airways,10875,A,3,3,2023,1
0.00,0.00,0.00,0.00,0.00,0.00,0.00,0.00,0.00,0.00,0.00,0.00,0.00,0.00,0.00,0.00,0.00,0.00,0.00,0.00,0.00,0.00,0.00,0.00,0.00,0.00,0.00,0.00,0.00,0.00,0.00,0.00,0.00,0.00,0.00,0.00,0.00,,0.00,,0.00,,,,,,0.00,0.00,0.00,1,6,838,19805,AA,American Airlines Inc.,AA,American Airlines Inc.,10052,P,3,3,2023,1
0.00,0.00,0.00,0.00,0.00,0.00,0.00,0.00,0.00,0.00,0.00,0.00,0.00,0.00,0.00,0.00,0.00,0.00,0.00,0.00,0.00,0.00,0.00,0.00,0.00,0.00,0.00,0.00,0.00,0.00,0.00,0.00,0.00,0.00,0.00,0.00,0.00,,0.00,,0.00,,,,,,0.00,0.00,0.00,1,7,732,20377,X9,Omni Air International LLC,X9,Omni Air International LLC,06738,D,2,2,2023,1
0.00,0.00,0.00,0.00,0.00,0.00,0.00,0.00,0.00,0.00,0.00,0.00,0.00,0.00,0.00,0.00,0.00,0.00,0.00,0.00,0.00,0.00,0.00,0.00,0.00,0.00,0.00,0.00,0.00,0.00,0.00,0.00,0.00,0.00,0.00,0.00,0.00,,0.00,,0.00,,,,,,0.00,0.00,0.00,1,7,732,20377,X9,Omni Air International LLC,X9,Omni Air International LLC,16736,I,2,2,2023,1
0.00,0.00,0.00,0.00,0.00,0.00,0.00,0.00,0.00,0.00,0.00,0.00,0.00,0.00,0.00,0.00,0.00,0.00,0.00,0.00,0.00,0.00,0.00,0.00,0.00,0.00,0.00,0.00,0.00,0.00,0.00,0.00,0.00,0.00,0.00,0.00,0.00,,0.00,,0.00,,,,,,0.00,0.00,0.00,2,4,459,21634,KH,Aloha Air Cargo,KH,Aloha Air Cargo,01146,D,2,2,2023,1
0.00,0.00,0.00,0.00,0.00,0.00,0.00,0.00,0.00,0.00,0.00,0.00,0.00,0.00,0.00,0.00,0.00,0.00,0.00,0.00,0.00,0.00,0.00,0.00,0.00,0.00,0.00,0.00,0.00,0.00,0.00,0.00,0.00,0.00,0.00,0.00,0.00,,0.00,,0.00,,,,,,0.00,0.00,0.00,2,6,614,20108,NC,Northern Air Cargo Inc.,NC,Northern Air Cargo Inc.,11041,I,2,2,2023,1
0.00,0.00,0.00,0.00,0.00,0.00,0.00,0.00,0.00,0.00,0.00,0.00,0.00,0.00,0.00,0.00,0.00,0.00,0.00,0.00,0.00,0.00,0.00,0.00,0.00,0.00,0.00,0.00,0.00,0.00,0.00,0.00,0.00,0.00,0.00,0.00,0.00,,0.00,,0.00,,,,,,0.00,0.00,0.00,2,6,614,20422,SY,Sun Country Airlines d/b/a MN Airlines,SY,Sun Country Airlines d/b/a MN Airlines,16795,L,2,2,2023,1
0.00,0.00,0.00,0.00,0.00,0.00,0.00,0.00,0.00,0.00,0.00,0.00,0.00,0.00,0.00,0.00,0.00,0.00,0.00,0.00,0.00,0.00,0.00,0.00,0.00,0.00,0.00,0.00,0.00,0.00,0.00,0.00,0.00,0.00,0.00,0.00,0.00,,0.00,,0.00,,,,,,0.00,0.00,0.00,2,6,617,20108,NC,Northern Air Cargo Inc.,NC,Northern Air Cargo Inc.,11041,I,2,2,2023,1
0.00,0.00,0.00,0.00,0.00,0.00,0.00,0.00,0.00,0.00,0.00,0.00,0.00,0.00,0.00,0.00,0.00,0.00,0.00,0.00,0.00,0.00,0.00,0.00,0.00,0.00,0.00,0.00,0.00,0.00,0.00,0.00,0.00,0.00,0.00,0.00,0.00,,0.00,,0.00,,,,,,0.00,0.00,0.00,2,6,619,20108,NC,Northern Air Cargo Inc.,NC,Northern Air Cargo Inc.,11041,I,2,2,2023,1
0.00,0.00,0.00,0.00,0.00,0.00,0.00,0.00,0.00,0.00,0.00,0.00,0.00,0.00,0.00,0.00,0.00,0.00,0.00,0.00,0.00,0.00,0.00,0.00,0.00,0.00,0.00,0.00,0.00,0.00,0.00,0.00,0.00,0.00,0.00,0.00,0.00,,0.00,,0.00,,,,,,0.00,0.00,0.00,2,6,622,19874,8C,Air Transport International,8C,Air Transport International,06029,D,2,2,2023,1
0.00,0.00,0.00,0.00,0.00,0.00,0.00,0.00,0.00,0.00,0.00,0.00,0.00,0.00,0.00,0.00,0.00,0.00,0.00,0.00,0.00,0.00,0.00,0.00,0.00,0.00,0.00,0.00,0.00,0.00,0.00,0.00,0.00,0.00,0.00,0.00,0.00,,0.00,,0.00,,,,,,0.00,0.00,0.00,2,6,622,19874,8C,Air Transport International,8C,Air Transport International,16028,A,2,2,2023,1
0.00,0.00,0.00,0.00,0.00,0.00,0.00,0.00,0.00,0.00,0.00,0.00,0.00,0.00,0.00,0.00,0.00,0.00,0.00,0.00,0.00,0.00,0.00,0.00,0.00,0.00,0.00,0.00,0.00,0.00,0.00,0.00,0.00,0.00,0.00,0.00,0.00,,0.00,,0.00,,,,,,0.00,0.00,0.00,2,6,625,19874,8C,Air Transport International,8C,Air Transport International,16028,A,2,2,2023,1
0.00,0.00,0.00,0.00,0.00,0.00,0.00,0.00,0.00,0.00,0.00,0.00,0.00,0.00,0.00,0.00,0.00,0.00,0.00,0.00,0.00,0.00,0.00,0.00,0.00,0.00,0.00,0.00,0.00,0.00,0.00,0.00,0.00,0.00,0.00,0.00,0.00,,0.00,0.00,0.00,,,,,,0.00,0.00,0.00,1,6,339,19790,DL,Delta Air Lines Inc.,DL,Delta Air Lines Inc.,10260,L,3,3,2023,1
0.00,0.00,0.00,0.00,0.00,0.00,0.00,0.00,0.00,0.00,0.00,0.00,0.00,0.00,0.00,0.00,0.00,0.00,0.00,0.00,0.00,0.00,0.00,0.00,0.00,0.00,0.00,0.00,0.00,0.00,0.00,0.00,0.00,0.00,0.00,0.00,0.00,,0.00,0.00,0.00,,,,,,0.00,0.00,0.00,1,6,608,19790,DL,Delta Air Lines Inc.,DL,Delta Air Lines Inc.,10260,L,3,3,2023,1
0.00,0.00,0.00,0.00,0.00,0.00,0.00,0.00,0.00,0.00,0.00,0.00,0.00,0.00,0.00,0.00,0.00,0.00,0.00,0.00,0.00,0.00,0.00,0.00,0.00,0.00,0.00,0.00,0.00,0.00,0.00,0.00,0.00,0.00,0.00,0.00,0.00,,0.00,0.00,0.00,,,,,,0.00,0.00,0.00,1,6,608,19790,DL,Delta Air Lines Inc.,DL,Delta Air Lines Inc.,10261,A,3,3,2023,1
0.00,0.00,0.00,0.00,0.00,0.00,0.00,0.00,0.00,0.00,0.00,0.00,0.00,0.00,0.00,0.00,0.00,0.00,0.00,0.00,0.00,0.00,0.00,0.00,0.00,0.00,0.00,0.00,0.00,0.00,0.00,0.00,0.00,0.00,0.00,0.00,0.00,,0.00,0.00,0.00,,,,,,0.00,0.00,0.00,1,6,608,19790,DL,Delta Air Lines Inc.,DL,Delta Air Lines Inc.,10262,P,3,3,2023,1
0.00,0.00,0.00,0.00,0.00,0.00,0.00,0.00,0.00,0.00,0.00,0.00,0.00,0.00,0.00,0.00,0.00,0.00,0.00,0.00,0.00,0.00,0.00,0.00,0.00,0.00,0.00,0.00,0.00,0.00,0.00,0.00,0.00,0.00,0.00,0.00,0.00,,0.00,0.00,0.00,,,,,,0.00,0.00,0.00,1,6,612,19790,DL,Delta Air Lines Inc.,DL,Delta Air Lines Inc.,01260,D,3,3,2023,1
0.00,0.00,0.00,0.00,0.00,0.00,0.00,0.00,0.00,0.00,0.00,0.00,0.00,0.00,0.00,0.00,0.00,0.00,0.00,0.00,0.00,0.00,0.00,0.00,0.00,0.00,0.00,0.00,0.00,0.00,0.00,0.00,0.00,0.00,0.00,0.00,0.00,,0.00,0.00,0.00,,,,,,0.00,0.00,0.00,1,6,612,19790,DL,Delta Air Lines Inc.,DL,Delta Air Lines Inc.,10260,L,3,3,2023,1
0.00,0.00,0.00,0.00,0.00,0.00,0.00,0.00,0.00,0.00,0.00,0.00,0.00,0.00,0.00,0.00,0.00,0.00,0.00,0.00,0.00,0.00,0.00,0.00,0.00,0.00,0.00,0.00,0.00,0.00,0.00,0.00,0.00,0.00,0.00,0.00,0.00,,0.00,0.00,0.00,,,,,,0.00,0.00,0.00,1,6,612,19790,DL,Delta Air Lines Inc.,DL,Delta Air Lines Inc.,10261,A,3,3,2023,1
0.00,0.00,0.00,0.00,0.00,0.00,0.00,0.00,0.00,0.00,0.00,0.00,0.00,0.00,0.00,0.00,0.00,0.00,0.00,0.00,0.00,0.00,0.00,0.00,0.00,0.00,0.00,0.00,0.00,0.00,0.00,0.00,0.00,0.00,0.00,0.00,0.00,,0.00,0.00,0.00,,,,,,0.00,0.00,0.00,1,6,612,19790,DL,Delta Air Lines Inc.,DL,Delta Air Lines Inc.,10262,P,3,3,2023,1
0.00,0.00,0.00,0.00,0.00,0.00,0.00,0.00,0.00,0.00,0.00,0.00,0.00,0.00,0.00,0.00,0.00,0.00,0.00,0.00,0.00,0.00,0.00,0.00,0.00,0.00,0.00,0.00,0.00,0.00,0.00,0.00,0.00,0.00,0.00,0.00,0.00,,0.00,0.00,0.00,,,,,,0.00,0.00,0.00,1,6,614,19790,DL,Delta Air Lines Inc.,DL,Delta Air Lines Inc.,10261,A,3,3,2023,1
0.00,0.00,0.00,0.00,0.00,0.00,0.00,0.00,0.00,0.00,0.00,0.00,0.00,0.00,0.00,0.00,0.00,0.00,0.00,0.00,0.00,0.00,0.00,0.00,0.00,0.00,0.00,0.00,0.00,0.00,0.00,0.00,0.00,0.00,0.00,0.00,0.00,,0.00,0.00,0.00,,,,,,0.00,0.00,0.00,1,6,614,19790,DL,Delta Air Lines Inc.,DL,Delta Air Lines Inc.,10262,P,3,3,2023,1
0.00,0.00,0.00,0.00,0.00,0.00,0.00,0.00,0.00,0.00,0.00,0.00,0.00,0.00,0.00,0.00,0.00,0.00,0.00,0.00,0.00,0.00,0.00,0.00,0.00,0.00,0.00,0.00,0.00,0.00,0.00,0.00,0.00,0.00,0.00,0.00,0.00,,0.00,0.00,0.00,,,,,,0.00,0.00,0.00,1,6,622,19790,DL,Delta Air Lines Inc.,DL,Delta Air Lines Inc.,10262,P,3,3,2023,1
0.00,0.00,0.00,0.00,0.00,0.00,0.00,0.00,0.00,0.00,0.00,0.00,0.00,0.00,0.00,0.00,0.00,0.00,0.00,0.00,0.00,0.00,0.00,0.00,0.00,0.00,0.00,0.00,0.00,0.00,0.00,0.00,0.00,0.00,0.00,0.00,0.00,,0.00,0.00,0.00,,,,,,0.00,0.00,0.00,1,6,623,19790,DL,Delta Air Lines Inc.,DL,Delta Air Lines Inc.,10261,A,3,3,2023,1
0.00,0.00,0.00,0.00,0.00,0.00,0.00,0.00,0.00,0.00,0.00,0.00,0.00,0.00,0.00,0.00,0.00,0.00,0.00,0.00,0.00,0.00,0.00,0.00,0.00,0.00,0.00,0.00,0.00,0.00,0.00,0.00,0.00,0.00,0.00,0.00,0.00,,0.00,0.00,0.00,,,,,,0.00,0.00,0.00,1,6,623,19790,DL,Delta Air Lines Inc.,DL,Delta Air Lines Inc.,10262,P,3,3,2023,1
0.00,0.00,0.00,0.00,0.00,0.00,0.00,0.00,0.00,0.00,0.00,0.00,0.00,0.00,0.00,0.00,0.00,0.00,0.00,0.00,0.00,0.00,0.00,0.00,0.00,0.00,0.00,0.00,0.00,0.00,0.00,0.00,0.00,0.00,0.00,0.00,0.00,,0.00,0.00,0.00,,,,,,0.00,0.00,0.00,1,6,626,19690,HA,Hawaiian Airlines Inc.,HA,Hawaiian Airlines Inc.,15375,P,3,3,2023,1
0.00,0.00,0.00,0.00,0.00,0.00,0.00,0.00,0.00,0.00,0.00,0.00,0.00,0.00,0.00,0.00,0.00,0.00,0.00,0.00,0.00,0.00,0.00,0.00,0.00,0.00,0.00,0.00,0.00,0.00,0.00,0.00,0.00,0.00,0.00,0.00,0.00,,0.00,0.00,0.00,,,,,,0.00,0.00,0.00,1,6,629,20363,9E,Endeavor Air Inc.,9E,Endeavor Air Inc.,11027,L,2,2,2023,1
0.00,0.00,0.00,0.00,0.00,0.00,0.00,0.00,0.00,0.00,0.00,0.00,0.00,0.00,0.00,0.00,0.00,0.00,0.00,0.00,0.00,0.00,0.00,0.00,0.00,0.00,0.00,0.00,0.00,0.00,0.00,0.00,0.00,0.00,0.00,0.00,0.00,,0.00,0.00,0.00,,,,,,0.00,0.00,0.00,1,6,655,19790,DL,Delta Air Lines Inc.,DL,Delta Air Lines Inc.,01260,D,3,3,2023,1
0.00,0.00,0.00,0.00,0.00,0.00,0.00,0.00,0.00,0.00,0.00,0.00,0.00,0.00,0.00,0.00,0.00,0.00,0.00,0.00,0.00,0.00,0.00,0.00,0.00,0.00,0.00,0.00,0.00,0.00,0.00,0.00,0.00,0.00,0.00,0.00,0.00,,0.00,0.00,0.00,,,,,,0.00,0.00,0.00,1,6,655,19790,DL,Delta Air Lines Inc.,DL,Delta Air Lines Inc.,10260,L,3,3,2023,1
0.00,0.00,0.00,0.00,0.00,0.00,0.00,0.00,0.00,0.00,0.00,0.00,0.00,0.00,0.00,0.00,0.00,0.00,0.00,0.00,0.00,0.00,0.00,0.00,0.00,0.00,0.00,0.00,0.00,0.00,0.00,0.00,0.00,0.00,0.00,0.00,0.00,,0.00,0.00,0.00,,,,,,0.00,0.00,0.00,1,6,655,19790,DL,Delta Air Lines Inc.,DL,Delta Air Lines Inc.,10261,A,3,3,2023,1
0.00,0.00,0.00,0.00,0.00,0.00,0.00,0.00,0.00,0.00,0.00,0.00,0.00,0.00,0.00,0.00,0.00,0.00,0.00,0.00,0.00,0.00,0.00,0.00,0.00,0.00,0.00,0.00,0.00,0.00,0.00,0.00,0.00,0.00,0.00,0.00,0.00,,0.00,0.00,0.00,,,,,,0.00,0.00,0.00,1,6,655,19790,DL,Delta Air Lines Inc.,DL,Delta Air Lines Inc.,10262,P,3,3,2023,1
0.00,0.00,0.00,0.00,0.00,0.00,0.00,0.00,0.00,0.00,0.00,0.00,0.00,0.00,0.00,0.00,0.00,0.00,0.00,0.00,0.00,0.00,0.00,0.00,0.00,0.00,0.00,0.00,0.00,0.00,0.00,0.00,0.00,0.00,0.00,0.00,0.00,,0.00,0.00,0.00,,,,,,0.00,0.00,0.00,1,6,656,19790,DL,Delta Air Lines Inc.,DL,Delta Air Lines Inc.,01260,D,3,3,2023,1
0.00,0.00,0.00,0.00,0.00,0.00,0.00,0.00,0.00,0.00,0.00,0.00,0.00,0.00,0.00,0.00,0.00,0.00,0.00,0.00,0.00,0.00,0.00,0.00,0.00,0.00,0.00,0.00,0.00,0.00,0.00,0.00,0.00,0.00,0.00,0.00,0.00,,0.00,0.00,0.00,,,,,,0.00,0.00,0.00,1,6,656,19790,DL,Delta Air Lines Inc.,DL,Delta Air Lines Inc.,10260,L,3,3,2023,1
0.00,0.00,0.00,0.00,0.00,0.00,0.00,0.00,0.00,0.00,0.00,0.00,0.00,0.00,0.00,0.00,0.00,0.00,0.00,0.00,0.00,0.00,0.00,0.00,0.00,0.00,0.00,0.00,0.00,0.00,0.00,0.00,0.00,0.00,0.00,0.00,0.00,,0.00,0.00,0.00,,,,,,0.00,0.00,0.00,1,6,656,19790,DL,Delta Air Lines Inc.,DL,Delta Air Lines Inc.,10261,A,3,3,2023,1
0.00,0.00,0.00,0.00,0.00,0.00,0.00,0.00,0.00,0.00,0.00,0.00,0.00,0.00,0.00,0.00,0.00,0.00,0.00,0.00,0.00,0.00,0.00,0.00,0.00,0.00,0.00,0.00,0.00,0.00,0.00,0.00,0.00,0.00,0.00,0.00,0.00,,0.00,0.00,0.00,,,,,,0.00,0.00,0.00,1,6,656,19790,DL,Delta Air Lines Inc.,DL,Delta Air Lines Inc.,10262,P,3,3,2023,1
0.00,0.00,0.00,0.00,0.00,0.00,0.00,0.00,0.00,0.00,0.00,0.00,0.00,0.00,0.00,0.00,0.00,0.00,0.00,0.00,0.00,0.00,0.00,0.00,0.00,0.00,0.00,0.00,0.00,0.00,0.00,0.00,0.00,0.00,0.00,0.00,0.00,,0.00,0.00,0.00,,,,,,0.00,0.00,0.00,1,6,687,19790,DL,Delta Air Lines Inc.,DL,Delta Air Lines Inc.,10262,P,3,3,2023,1
0.00,0.00,0.00,0.00,0.00,0.00,0.00,0.00,0.00,0.00,0.00,0.00,0.00,0.00,0.00,0.00,0.00,0.00,0.00,0.00,0.00,0.00,0.00,0.00,0.00,0.00,0.00,0.00,0.00,0.00,0.00,0.00,0.00,0.00,0.00,0.00,0.00,,0.00,0.00,0.00,,,,,,0.00,0.00,0.00,1,6,694,19790,DL,Delta Air Lines Inc.,DL,Delta Air Lines Inc.,10261,A,3,3,2023,1
0.00,0.00,0.00,0.00,0.00,0.00,0.00,0.00,0.00,0.00,0.00,0.00,0.00,0.00,0.00,0.00,0.00,0.00,0.00,0.00,0.00,0.00,0.00,0.00,0.00,0.00,0.00,0.00,0.00,0.00,0.00,0.00,0.00,0.00,0.00,0.00,0.00,,0.00,0.00,0.00,,,,,,0.00,0.00,0.00,1,6,694,19790,DL,Delta Air Lines Inc.,DL,Delta Air Lines Inc.,10262,P,3,3,2023,1
0.00,0.00,0.00,0.00,0.00,0.00,0.00,0.00,0.00,0.00,0.00,0.00,0.00,0.00,0.00,0.00,0.00,0.00,0.00,0.00,0.00,0.00,0.00,0.00,0.00,0.00,0.00,0.00,0.00,0.00,0.00,0.00,0.00,0.00,0.00,0.00,0.00,,0.00,0.00,0.00,,,,,,0.00,0.00,0.00,1,6,696,19790,DL,Delta Air Lines Inc.,DL,Delta Air Lines Inc.,10260,L,3,3,2023,1
0.00,0.00,0.00,0.00,0.00,0.00,0.00,0.00,0.00,0.00,0.00,0.00,0.00,0.00,0.00,0.00,0.00,0.00,0.00,0.00,0.00,0.00,0.00,0.00,0.00,0.00,0.00,0.00,0.00,0.00,0.00,0.00,0.00,0.00,0.00,0.00,0.00,,0.00,0.00,0.00,,,,,,0.00,0.00,0.00,1,6,698,19790,DL,Delta Air Lines Inc.,DL,Delta Air Lines Inc.,10261,A,3,3,2023,1
0.00,0.00,0.00,0.00,0.00,0.00,0.00,0.00,0.00,0.00,0.00,0.00,0.00,0.00,0.00,0.00,0.00,0.00,0.00,0.00,0.00,0.00,0.00,0.00,0.00,0.00,0.00,0.00,0.00,0.00,0.00,0.00,0.00,0.00,0.00,0.00,0.00,,0.00,0.00,0.00,,,,,,0.00,0.00,0.00,1,6,698,19790,DL,Delta Air Lines Inc.,DL,Delta Air Lines Inc.,10262,P,3,3,2023,1
0.00,0.00,0.00,0.00,0.00,0.00,0.00,0.00,0.00,0.00,0.00,0.00,0.00,0.00,0.00,0.00,0.00,0.00,0.00,0.00,0.00,0.00,0.00,0.00,0.00,0.00,0.00,0.00,0.00,0.00,0.00,0.00,0.00,0.00,0.00,0.00,0.00,,0.00,0.00,0.00,,,,,,0.00,0.00,0.00,1,6,699,19790,DL,Delta Air Lines Inc.,DL,Delta Air Lines Inc.,10261,A,3,3,2023,1
0.00,0.00,0.00,0.00,0.00,0.00,0.00,0.00,0.00,0.00,0.00,0.00,0.00,0.00,0.00,0.00,0.00,0.00,0.00,0.00,0.00,0.00,0.00,0.00,0.00,0.00,0.00,0.00,0.00,0.00,0.00,0.00,0.00,0.00,0.00,0.00,0.00,,0.00,0.00,0.00,,,,,,0.00,0.00,0.00,1,6,699,19790,DL,Delta Air Lines Inc.,DL,Delta Air Lines Inc.,10262,P,3,3,2023,1
0.00,0.00,0.00,0.00,0.00,0.00,0.00,0.00,0.00,0.00,0.00,0.00,0.00,0.00,0.00,0.00,0.00,0.00,0.00,0.00,0.00,0.00,0.00,0.00,0.00,0.00,0.00,0.00,0.00,0.00,0.00,0.00,0.00,0.00,0.00,0.00,0.00,,0.00,0.00,0.00,,,,,,0.00,0.00,0.00,1,6,721,19690,HA,Hawaiian Airlines Inc.,HA,Hawaiian Airlines Inc.,15375,P,3,3,2023,1
0.00,0.00,0.00,0.00,0.00,0.00,0.00,0.00,0.00,0.00,0.00,0.00,0.00,0.00,0.00,0.00,0.00,0.00,0.00,0.00,0.00,0.00,0.00,0.00,0.00,0.00,0.00,0.00,0.00,0.00,0.00,0.00,0.00,0.00,0.00,0.00,0.00,,0.00,0.00,0.00,,,,,,0.00,0.00,0.00,1,6,721,19790,DL,Delta Air Lines Inc.,DL,Delta Air Lines Inc.,10260,L,3,3,2023,1
0.00,0.00,0.00,0.00,0.00,0.00,0.00,0.00,0.00,0.00,0.00,0.00,0.00,0.00,0.00,0.00,0.00,0.00,0.00,0.00,0.00,0.00,0.00,0.00,0.00,0.00,0.00,0.00,0.00,0.00,0.00,0.00,0.00,0.00,0.00,0.00,0.00,,0.00,0.00,0.00,,,,,,0.00,0.00,0.00,1,6,721,19790,DL,Delta Air Lines Inc.,DL,Delta Air Lines Inc.,10261,A,3,3,2023,1
0.00,0.00,0.00,0.00,0.00,0.00,0.00,0.00,0.00,0.00,0.00,0.00,0.00,0.00,0.00,0.00,0.00,0.00,0.00,0.00,0.00,0.00,0.00,0.00,0.00,0.00,0.00,0.00,0.00,0.00,0.00,0.00,0.00,0.00,0.00,0.00,0.00,,0.00,0.00,0.00,,,,,,0.00,0.00,0.00,1,6,721,19790,DL,Delta Air Lines Inc.,DL,Delta Air Lines Inc.,10262,P,3,3,2023,1
0.00,0.00,0.00,0.00,0.00,0.00,0.00,0.00,0.00,0.00,0.00,0.00,0.00,0.00,0.00,0.00,0.00,0.00,0.00,0.00,0.00,0.00,0.00,0.00,0.00,0.00,0.00,0.00,0.00,0.00,0.00,0.00,0.00,0.00,0.00,0.00,0.00,,0.00,0.00,0.00,,,,,,0.00,0.00,0.00,1,6,723,19790,DL,Delta Air Lines Inc.,DL,Delta Air Lines Inc.,10260,L,3,3,2023,1
0.00,0.00,0.00,0.00,0.00,0.00,0.00,0.00,0.00,0.00,0.00,0.00,0.00,0.00,0.00,0.00,0.00,0.00,0.00,0.00,0.00,0.00,0.00,0.00,0.00,0.00,0.00,0.00,0.00,0.00,0.00,0.00,0.00,0.00,0.00,0.00,0.00,,0.00,0.00,0.00,,,,,,0.00,0.00,0.00,1,6,723,19790,DL,Delta Air Lines Inc.,DL,Delta Air Lines Inc.,10261,A,3,3,2023,1
0.00,0.00,0.00,0.00,0.00,0.00,0.00,0.00,0.00,0.00,0.00,0.00,0.00,0.00,0.00,0.00,0.00,0.00,0.00,0.00,0.00,0.00,0.00,0.00,0.00,0.00,0.00,0.00,0.00,0.00,0.00,0.00,0.00,0.00,0.00,0.00,0.00,,0.00,0.00,0.00,,,,,,0.00,0.00,0.00,1,6,723,19790,DL,Delta Air Lines Inc.,DL,Delta Air Lines Inc.,10262,P,3,3,2023,1
0.00,0.00,0.00,0.00,0.00,0.00,0.00,0.00,0.00,0.00,0.00,0.00,0.00,0.00,0.00,0.00,0.00,0.00,0.00,0.00,0.00,0.00,0.00,0.00,0.00,0.00,0.00,0.00,0.00,0.00,0.00,0.00,0.00,0.00,0.00,0.00,0.00,,0.00,0.00,0.00,,,,,,0.00,0.00,0.00,1,6,724,19790,DL,Delta Air Lines Inc.,DL,Delta Air Lines Inc.,10260,L,3,3,2023,1
0.00,0.00,0.00,0.00,0.00,0.00,0.00,0.00,0.00,0.00,0.00,0.00,0.00,0.00,0.00,0.00,0.00,0.00,0.00,0.00,0.00,0.00,0.00,0.00,0.00,0.00,0.00,0.00,0.00,0.00,0.00,0.00,0.00,0.00,0.00,0.00,0.00,,0.00,0.00,0.00,,,,,,0.00,0.00,0.00,1,6,724,19790,DL,Delta Air Lines Inc.,DL,Delta Air Lines Inc.,10261,A,3,3,2023,1
0.00,0.00,0.00,0.00,0.00,0.00,0.00,0.00,0.00,0.00,0.00,0.00,0.00,0.00,0.00,0.00,0.00,0.00,0.00,0.00,0.00,0.00,0.00,0.00,0.00,0.00,0.00,0.00,0.00,0.00,0.00,0.00,0.00,0.00,0.00,0.00,0.00,,0.00,0.00,0.00,,,,,,0.00,0.00,0.00,1,6,724,19790,DL,Delta Air Lines Inc.,DL,Delta Air Lines Inc.,10262,P,3,3,2023,1
0.00,0.00,0.00,0.00,0.00,0.00,0.00,0.00,0.00,0.00,0.00,0.00,0.00,0.00,0.00,0.00,0.00,0.00,0.00,0.00,0.00,0.00,0.00,0.00,0.00,0.00,0.00,0.00,0.00,0.00,0.00,0.00,0.00,0.00,0.00,0.00,0.00,,0.00,0.00,0.00,,,,,,0.00,0.00,0.00,1,6,837,19690,HA,Hawaiian Airlines Inc.,HA,Hawaiian Airlines Inc.,05375,D,3,3,2023,1
0.00,0.00,0.00,0.00,0.00,0.00,0.00,0.00,0.00,0.00,0.00,0.00,0.00,0.00,0.00,0.00,0.00,0.00,0.00,0.00,0.00,0.00,0.00,0.00,0.00,0.00,0.00,0.00,0.00,0.00,0.00,0.00,0.00,0.00,0.00,0.00,0.00,,0.00,0.00,0.00,,,,,,0.00,0.00,0.00,1,6,837,19690,HA,Hawaiian Airlines Inc.,HA,Hawaiian Airlines Inc.,15375,P,3,3,2023,1
0.00,0.00,0.00,0.00,0.00,0.00,0.00,0.00,0.00,0.00,0.00,0.00,0.00,0.00,0.00,0.00,0.00,0.00,0.00,0.00,0.00,0.00,0.00,0.00,0.00,0.00,0.00,0.00,0.00,0.00,0.00,0.00,0.00,0.00,0.00,0.00,0.00,,0.00,0.00,0.00,,,,,,0.00,0.00,0.00,1,6,888,19790,DL,Delta Air Lines Inc.,DL,Delta Air Lines Inc.,10261,A,3,3,2023,1
0.00,0.00,0.00,0.00,0.00,0.00,0.00,0.00,0.00,0.00,0.00,0.00,0.00,0.00,0.00,0.00,0.00,0.00,0.00,0.00,0.00,0.00,0.00,0.00,0.00,0.00,0.00,0.00,0.00,0.00,0.00,0.00,0.00,0.00,0.00,0.00,0.00,,0.00,0.00,0.00,,,,,,0.00,0.00,0.00,1,6,888,19790,DL,Delta Air Lines Inc.,DL,Delta Air Lines Inc.,10262,P,3,3,2023,1
0.00,0.00,0.00,0.00,0.00,0.00,0.00,0.00,0.00,0.00,0.00,0.00,0.00,0.00,0.00,0.00,0.00,0.00,0.00,0.00,0.00,0.00,0.00,0.00,0.00,0.00,0.00,0.00,0.00,0.00,0.00,0.00,0.00,0.00,0.00,0.00,0.00,,0.00,0.00,0.00,,,,,,0.00,0.00,0.00,1,8,819,19790,DL,Delta Air Lines Inc.,DL,Delta Air Lines Inc.,01260,D,3,3,2023,1
0.00,0.00,0.00,0.00,0.00,0.00,0.00,0.00,0.00,0.00,0.00,0.00,0.00,0.00,0.00,0.00,0.00,0.00,0.00,0.00,0.00,0.00,0.00,0.00,0.00,0.00,0.00,0.00,0.00,0.00,0.00,0.00,0.00,0.00,0.00,0.00,0.00,,0.00,0.00,0.00,,,,,,0.00,0.00,0.00,1,8,819,19790,DL,Delta Air Lines Inc.,DL,Delta Air Lines Inc.,10260,L,3,3,2023,1
0.00,0.00,0.00,0.00,0.00,0.00,0.00,0.00,0.00,0.00,0.00,0.00,0.00,0.00,0.00,0.00,0.00,0.00,0.00,0.00,0.00,0.00,0.00,0.00,0.00,0.00,0.00,0.00,0.00,0.00,0.00,0.00,0.00,0.00,0.00,0.00,0.00,,0.00,0.00,0.00,,,,,,0.00,0.00,0.00,1,8,819,19790,DL,Delta Air Lines Inc.,DL,Delta Air Lines Inc.,10261,A,3,3,2023,1
0.00,0.00,0.00,0.00,0.00,0.00,0.00,0.00,0.00,0.00,0.00,0.00,0.00,0.00,0.00,0.00,0.00,0.00,0.00,0.00,0.00,0.00,0.00,0.00,0.00,0.00,0.00,0.00,0.00,0.00,0.00,0.00,0.00,0.00,0.00,0.00,0.00,,0.00,0.00,0.00,,,,,,0.00,0.00,0.00,1,8,819,19790,DL,Delta Air Lines Inc.,DL,Delta Air Lines Inc.,10262,P,3,3,2023,1
0.00,0.00,84.59,5.17,0.00,0.00,0.00,0.00,0.00,0.00,0.00,3.60,0.00,6.71,0.00,0.00,100.07,0.00,0.00,0.00,0.00,0.00,0.00,0.00,0.00,0.00,0.00,0.00,0.00,0.00,0.00,0.00,0.00,0.00,0.00,0.00,0.00,,0.00,0.00,100.07,,,,,,0.00,0.00,0.00,1,6,626,19690,HA,Hawaiian Airlines Inc.,HA,Hawaiian Airlines Inc.,05375,D,3,3,2023,1
0.00,0.00,1588.00,-126.00,-43.00,,14.00,,0.00,-4.00,0.00,-232.00,,-325.00,18.00,-162.00,728.00,518.00,58.00,903.00,18.00,,2776.00,4417.00,0.00,,139.00,,8829.00,6413.00,15242.00,,0.00,0.00,0.00,0.00,,,,,15970.00,,,,,,0.02,0.00,44.12,2,7,732,20107,FX,Federal Express Corporation,FX,Federal Express Corporation,06200,D,3,3,2023,1
1.30,0.00,0.42,0.19,0.00,0.00,0.00,0.00,0.71,0.00,0.00,0.09,0.00,0.15,0.00,0.00,2.86,0.25,0.01,0.23,0.01,0.00,0.07,0.03,0.00,0.00,0.00,0.28,0.89,0.33,1.21,0.03,0.00,0.00,0.00,0.00,0.00,,0.00,,4.09,,,,,,0.00,0.00,0.87,1,6,677,20398,MQ,Envoy Air,MQ,Envoy Air,16820,L,3,3,2023,1
2.18,0.00,0.05,0.36,0.00,0.00,0.02,0.00,0.05,0.00,0.00,0.34,0.00,0.19,0.00,0.02,3.18,0.60,0.00,0.53,0.84,0.00,0.41,0.00,0.00,0.00,0.00,0.00,2.38,0.24,2.62,0.00,0.84,0.03,0.04,0.00,0.00,,0.08,,6.79,,,,,,0.00,0.02,1.85,1,6,677,20452,YX,Republic Airline,YX,Republic Airline,11029,L,3,3,2023,1
3.68,1.50,0.26,0.34,0.00,,6.26,0.00,1.74,0.00,0.45,0.00,0.00,0.42,0.00,6.53,21.18,1.60,0.00,0.00,0.00,,3.95,0.00,0.00,0.00,0.00,0.00,5.55,0.00,5.55,0.00,1.50,0.76,0.00,0.00,0.00,,0.00,,28.99,,,,,,0.00,0.00,7.19,1,6,626,21161,09Q,"Swift Air, LLC d/b/a Eastern Air Lines d/b/a Eastern",09Q,"Swift Air, LLC d/b/a Eastern Air Lines d/b/a Eastern",11054,I,2,2,2023,1
7.00,0.00,0.00,0.00,0.00,0.00,17.00,0.00,1.00,0.00,0.00,2.00,0.00,0.00,0.00,0.00,27.00,0.00,0.00,1.00,2.00,0.00,1.00,0.00,0.00,0.00,0.00,0.00,4.00,2.00,6.00,0.00,1.00,1.00,0.00,0.00,0.00,,0.00,0.00,35.00,,,,,,0.00,0.00,5.86,1,6,623,19790,DL,Delta Air Lines Inc.,DL,Delta Air Lines Inc.,10260,L,3,3,2023,1
7.53,0.00,0.48,0.16,3.63,0.00,0.00,0.06,4.08,0.26,0.90,0.46,0.00,0.64,1.14,0.07,17.90,19.50,0.00,5.33,0.00,0.00,6.08,0.06,0.00,0.00,0.00,0.00,30.66,0.00,30.66,0.00,0.00,0.00,0.00,0.59,0.00,,0.00,0.00,50.14,,,,,,0.03,0.01,23.76,1,6,631,20363,9E,Endeavor Air Inc.,9E,Endeavor Air Inc.,11027,L,2,2,2023,1
19.50,0.00,0.00,0.71,0.16,,95.23,0.06,3.48,0.02,0.58,6.03,0.00,2.01,0.45,0.05,128.29,3.91,0.00,6.74,0.00,,2.98,10.89,0.00,,0.00,,24.51,5.87,30.39,,9.70,2.26,0.56,,,,0.10,,171.29,,,,,,0.01,0.00,32.47,2,8,819,19917,5X,United Parcel Service,5X,United Parcel Service,16912,L,3,3,2023,1
19.54,,0.00,,,,13.58,,,,0.00,1.19,,1.31,,0.00,35.62,0.00,,1.06,0.00,,0.10,0.00,,,,,1.16,,1.16,,3.24,2.52,0.00,0.00,0.00,,,,42.54,,,,,,0.01,0.01,2.15,1,6,681,20447,U7,USA Jet Airlines Inc.,U7,USA Jet Airlines Inc.,16917,I,3,3,2023,1
20.69,,0.77,,,,19.35,,,,2.81,2.00,,2.38,,0.00,48.00,9.51,,3.64,0.00,,3.39,0.00,,,,,16.54,,16.54,,3.06,1.40,0.00,0.00,3.66,,,,72.67,,,,,,0.01,0.03,11.41,2,6,635,20447,U7,USA Jet Airlines Inc.,U7,USA Jet Airlines Inc.,16917,I,3,3,2023,1
22.42,,2.03,2.96,,,125.56,,0.03,,,4.58,,1.84,0.06,,159.47,1.60,0.10,7.84,9.78,,4.64,0.17,,,,,24.13,4.96,29.09,0.41,2.13,1.59,0.02,0.25,,,8.34,,201.30,,,,,,0.02,0.00,41.94,1,6,623,19977,UA,United Air Lines Inc.,UA,United Air Lines Inc.,10876,L,3,3,2023,1
30.66,12.46,0.88,0.00,0.00,0.00,366.49,18.33,167.86,0.00,0.00,10.25,0.00,4.37,0.00,53.31,664.61,8.41,2.10,0.00,0.00,0.00,0.60,0.15,0.00,0.00,0.00,0.00,11.25,0.00,11.25,0.00,0.00,0.00,10.03,0.00,0.00,,4.48,,690.38,,,,,,0.11,0.01,109.34,1,6,622,20405,N8,National Air Cargo Group Inc d/ba National Airlines,N8,National Air Cargo Group Inc d/ba National Airlines,11049,I,2,2,2023,1
31.00,0.00,5.00,11.00,1.00,,-4.00,,5.00,0.00,0.00,5.00,,4.00,0.00,-103.00,-45.00,0.00,0.00,0.00,2.00,,42.00,62.00,4.00,,0.00,,110.00,248.00,358.00,,15.00,7.00,1.00,0.00,,,,,336.00,,,,,,0.01,0.00,30.13,2,6,683,20107,FX,Federal Express Corporation,FX,Federal Express Corporation,16195,L,3,3,2023,1
36.18,1.71,0.00,2.50,0.00,0.00,12.05,0.02,0.94,0.23,0.06,5.17,0.00,3.18,0.00,0.19,62.20,5.12,0.00,6.22,0.03,0.00,3.65,0.42,0.00,0.00,0.00,-0.06,15.40,46.36,61.76,0.00,0.38,1.09,0.36,0.00,0.00,,0.70,,126.49,,,,,,0.04,0.01,29.11,1,6,612,20422,SY,Sun Country Airlines d/b/a MN Airlines,SY,Sun Country Airlines d/b/a MN Airlines,16795,L,2,2,2023,1
40.26,,-51.80,-0.88,,,0.00,,0.00,,0.73,5.29,,4.35,,,-2.05,0.00,0.00,2594.22,0.00,,53.67,0.00,,,,,2647.89,0.00,2647.89,,2442.43,1195.36,742.02,0.00,85.74,4465.55,,,7111.40,,,,,,0.00,0.00,0.00,2,6,626,20370,KAQ,Kalitta Air LLC,KAQ,Kalitta Air LLC,06683,D,3,3,2023,1
42.69,0.00,4.12,3.44,0.00,0.00,0.00,0.00,43.93,0.00,0.11,2.71,0.00,4.10,0.00,0.72,101.81,5.30,0.00,22.16,8.36,0.00,4.65,0.00,0.00,0.00,0.00,0.00,40.47,0.09,40.57,1.31,0.00,0.00,0.97,0.00,0.52,,0.00,,145.17,,,,,,0.03,0.01,27.71,1,6,638,20397,OH,PSA Airlines Inc.,OH,PSA Airlines Inc.,11030,L,2,2,2023,1
46.76,12.46,0.88,0.00,0.00,0.00,2188.90,109.45,225.67,0.00,0.00,10.04,0.00,7.76,0.00,99.96,2701.89,8.41,2.10,0.00,0.00,0.00,1.18,0.30,0.00,0.00,0.00,0.00,11.99,0.00,11.99,0.00,0.00,0.00,0.68,0.00,0.00,,0.00,,2714.55,,,,,,0.33,0.03,609.92,1,6,696,20405,N8,National Air Cargo Group Inc d/ba National Airlines,N8,National Air Cargo Group Inc d/ba National Airlines,11049,I,2,2,2023,1
49.52,,0.19,,,,50.23,,,,0.70,5.19,,6.19,,0.00,112.03,2.38,,0.53,0.00,,0.68,0.00,,,,,3.58,,3.58,,0.77,0.35,0.00,0.00,0.92,,,,117.65,,,,,,0.00,0.03,4.70,2,6,640,20447,U7,USA Jet Airlines Inc.,U7,USA Jet Airlines Inc.,16917,I,3,3,2023,1
49.88,20.27,3.53,4.64,0.00,,84.80,0.00,23.50,0.00,6.05,0.00,0.00,5.74,0.00,88.39,286.79,21.63,0.00,0.00,0.00,,53.52,0.00,0.00,0.00,0.00,0.00,75.15,0.00,75.15,0.00,20.26,10.29,0.00,0.00,0.00,,0.00,,392.49,,,,,,0.06,0.03,88.83,1,6,626,21161,09Q,"Swift Air, LLC d/b/a Eastern Air Lines d/b/a Eastern",09Q,"Swift Air, LLC d/b/a Eastern Air Lines d/b/a Eastern",01130,D,2,2,2023,1
58.13,0.00,0.00,0.00,0.00,,59.17,0.00,0.00,0.00,0.00,5.34,0.00,4.60,0.00,0.00,127.24,0.00,0.00,52.82,0.00,,0.00,0.00,0.00,0.00,0.00,0.00,52.82,0.00,52.82,0.00,0.00,0.00,0.00,0.00,0.00,,0.00,,180.05,,,,,,0.03,0.01,5.45,1,6,746,21974,3EQ,"Scott Aviation, LLC  d/b/a  Silver Air",3EQ,"Scott Aviation, LLC  d/b/a  Silver Air",01234,D,2,2,2023,1
58.16,-3.99,0.00,0.00,0.00,,268.11,0.00,0.00,-0.80,-6.08,0.00,0.00,59.59,0.00,103.72,478.70,0.00,0.00,104.09,101.38,,0.00,0.00,0.00,0.00,0.00,0.00,205.47,0.00,205.47,0.00,0.00,0.00,0.00,0.00,0.00,,0.00,,684.17,,,,,,0.11,0.09,24.85,1,6,788,21979,3FQ,"Western Air Charter, Inc.  d/b/a  Jet Edge",3FQ,"Western Air Charter, Inc.  d/b/a  Jet Edge",01235,D,2,2,2023,1
65.14,0.00,0.00,2.36,0.54,,230.98,0.20,0.00,0.06,1.29,20.14,0.00,6.70,6.63,0.17,334.20,13.04,0.00,50.69,0.00,,17.08,80.14,0.00,,0.00,,160.95,19.62,180.57,,97.61,37.60,10.66,,,,0.34,,660.98,,,,,,0.03,0.01,73.30,2,7,740,19917,5X,United Parcel Service,5X,United Parcel Service,16911,A,3,3,2023,1
70.48,0.00,0.00,0.00,0.00,,60.43,0.00,0.00,0.00,0.00,8.47,0.00,5.55,0.00,0.00,144.92,0.00,0.00,161.40,0.00,,0.00,37.41,0.00,0.00,0.00,0.00,198.81,0.00,198.81,0.00,0.00,0.00,0.00,0.00,0.00,,0.00,,343.73,,,,,,0.07,0.02,1.03,1,6,639,21974,3EQ,"Scott Aviation, LLC  d/b/a  Silver Air",3EQ,"Scott Aviation, LLC  d/b/a  Silver Air",01234,D,2,2,2023,1
82.27,0.00,19.88,54.91,18.82,0.00,285.67,0.66,0.88,0.19,7.24,3.75,0.00,5.90,0.00,518.41,998.57,37.97,0.00,0.00,0.00,0.00,237.48,271.82,0.00,0.00,0.00,0.00,547.27,0.00,547.27,,0.00,0.00,0.00,0.00,0.07,,0.00,,1545.91,,,,,,0.09,0.01,77.63,2,6,625,20151,M6,Amerijet International,M6,Amerijet International,16052,L,2,2,2023,1
87.00,0.00,3.00,4.00,0.00,0.00,213.00,0.00,8.00,0.00,0.00,15.00,0.00,3.00,0.00,0.00,333.00,4.00,1.00,7.00,13.00,0.00,10.00,4.00,0.00,0.00,0.00,0.00,39.00,16.00,55.00,0.00,13.00,7.00,0.00,1.00,0.00,,2.00,0.00,411.00,,,,,,0.04,0.00,72.03,1,6,624,19790,DL,Delta Air Lines Inc.,DL,Delta Air Lines Inc.,10262,P,3,3,2023,1
88.00,0.00,5.00,8.00,0.00,0.00,248.00,0.00,13.00,0.00,1.00,26.00,0.00,5.00,0.00,0.00,394.00,6.00,2.00,12.00,23.00,0.00,18.00,7.00,0.00,0.00,0.00,0.00,68.00,27.00,95.00,1.00,23.00,12.00,1.00,1.00,0.00,,3.00,0.00,530.00,,,,,,0.07,0.01,83.93,1,6,622,19790,DL,Delta Air Lines Inc.,DL,Delta Air Lines Inc.,10261,A,3,3,2023,1
96.00,0.00,0.00,7.00,0.00,0.00,246.00,0.00,15.00,0.00,1.00,26.00,0.00,5.00,9.00,0.00,406.00,14.00,1.00,21.00,25.00,0.00,3.00,3.00,0.00,0.00,0.00,0.00,67.00,16.00,82.00,0.00,22.00,8.00,2.00,0.00,1.00,,0.00,,521.00,,,,,,0.09,0.01,77.00,1,6,694,19930,AS,Alaska Airlines Inc.,AS,Alaska Airlines Inc.,16031,L,3,3,2023,1
97.15,0.00,9.36,7.83,0.00,0.00,0.00,0.00,16.54,0.00,0.25,6.16,0.00,9.32,0.00,1.63,148.25,12.06,0.00,20.33,9.51,0.00,3.24,0.00,0.00,0.00,0.00,0.00,45.15,0.21,45.36,3.03,0.00,0.00,3.40,0.00,1.18,,0.00,,201.21,,,,,,0.07,0.02,51.14,1,6,631,20397,OH,PSA Airlines Inc.,OH,PSA Airlines Inc.,11030,L,2,2,2023,1
100.64,,1.55,,,,68.00,,,,5.62,5.97,,6.62,,0.00,188.40,19.02,,12.76,0.00,,7.41,0.00,,,,,39.19,,39.19,,6.13,2.80,0.00,0.00,7.33,,,,243.84,,,,,,0.03,0.04,17.65,2,6,681,20447,U7,USA Jet Airlines Inc.,U7,USA Jet Airlines Inc.,16917,I,3,3,2023,1
100.71,3.93,0.00,5.81,0.00,0.00,28.32,0.05,2.13,0.41,0.15,14.38,0.00,8.62,0.00,0.43,164.95,11.89,0.00,22.86,0.09,0.00,10.14,0.97,0.00,0.00,0.00,-0.16,45.80,301.85,347.65,0.00,1.02,2.93,0.98,0.00,0.00,,1.89,,519.41,,,,,,0.10,0.08,82.24,1,6,612,20422,SY,Sun Country Airlines d/b/a MN Airlines,SY,Sun Country Airlines d/b/a MN Airlines,06795,D,2,2,2023,1
103.42,0.00,0.00,0.00,0.00,,55.12,0.00,0.00,0.00,17.84,15.77,0.00,8.09,0.00,0.00,200.24,0.00,0.00,3.01,0.00,,0.00,14.10,0.00,0.00,0.00,0.00,17.11,0.00,17.11,0.00,0.00,0.00,0.00,0.00,0.00,,0.00,,217.35,,,,,,0.04,0.01,2.79,1,4,479,21974,3EQ,"Scott Aviation, LLC  d/b/a  Silver Air",3EQ,"Scott Aviation, LLC  d/b/a  Silver Air",01234,D,2,2,2023,1
107.11,,2.52,,,,150.69,,,,9.13,8.20,,9.30,,0.00,286.95,30.91,,49.49,0.00,,13.09,0.00,,,,,93.49,,93.49,,9.96,4.55,0.00,0.00,11.91,,,,406.86,,,,,,0.02,0.02,37.09,2,7,715,20447,U7,USA Jet Airlines Inc.,U7,USA Jet Airlines Inc.,16917,I,3,3,2023,1
107.73,2.09,2.47,31.04,3.84,0.00,1.33,0.00,25.75,0.20,2.42,50.11,0.00,11.41,0.00,0.00,238.39,81.24,0.00,38.64,48.75,0.00,46.01,8.25,0.00,0.00,0.00,0.00,222.89,0.00,222.89,0.00,9.72,14.85,0.00,4.25,0.00,,0.00,0.00,490.10,,,,,,0.10,0.02,160.54,2,6,625,20453,ABX,ABX Air Inc,ABX,ABX Air Inc,11009,A,2,2,2023,1
109.66,35.16,0.00,119.65,13.82,,813.49,0.00,0.00,0.29,0.78,16.24,2.13,12.37,0.00,34.53,1158.10,66.34,0.00,0.00,0.00,,0.00,0.00,0.00,0.00,0.00,0.00,66.34,0.00,66.34,0.00,0.00,0.00,0.00,0.00,0.00,,0.00,,1224.45,,,,,,0.30,0.03,221.01,2,5,556,20169,L2,Lynden Air Cargo Airlines,L2,Lynden Air Cargo Airlines,11040,I,2,2,2023,1
112.03,0.00,0.00,0.00,-0.01,0.00,548.07,0.00,278.41,6.96,7.96,0.00,0.00,0.00,0.00,223.50,1176.92,52.16,0.00,47.66,0.01,0.00,20.38,0.00,0.00,0.00,0.00,0.00,120.20,0.00,120.20,0.00,45.28,7.00,6.63,0.66,0.00,,0.00,,1356.70,,,,,,0.08,0.03,63.83,2,6,619,20108,NC,Northern Air Cargo Inc.,NC,Northern Air Cargo Inc.,06721,D,2,2,2023,1
130.99,-2.26,0.00,0.00,0.00,,112.28,0.00,0.00,8.12,0.00,0.00,0.00,55.77,0.00,323.18,628.08,63.60,0.00,68.10,92.20,,0.00,0.00,0.00,0.00,0.00,0.00,223.90,0.00,223.90,0.00,0.00,0.00,0.00,0.00,0.00,,0.00,,851.98,,,,,,0.06,0.09,15.46,1,7,775,21979,3FQ,"Western Air Charter, Inc.  d/b/a  Jet Edge",3FQ,"Western Air Charter, Inc.  d/b/a  Jet Edge",01235,D,2,2,2023,1
132.83,0.00,0.00,0.00,0.00,,225.03,0.00,0.00,0.00,0.00,26.96,0.00,10.46,0.00,0.00,395.28,0.00,0.00,303.90,0.00,,0.00,48.86,0.00,0.00,0.00,0.00,352.76,0.00,352.76,0.00,0.00,0.00,0.00,0.00,0.00,,0.00,,748.04,,,,,,0.10,0.03,32.51,1,6,647,21974,3EQ,"Scott Aviation, LLC  d/b/a  Silver Air",3EQ,"Scott Aviation, LLC  d/b/a  Silver Air",01234,D,2,2,2023,1
143.31,,0.00,,,,99.59,,,,0.00,8.70,,9.63,,0.00,261.23,0.00,,7.77,0.00,,0.75,0.00,,,,,8.51,,8.51,,23.74,18.48,0.00,0.00,0.00,,,,311.97,,,,,,0.08,0.08,15.77,1,6,681,20447,U7,USA Jet Airlines Inc.,U7,USA Jet Airlines Inc.,06912,D,3,3,2023,1
144.29,0.00,0.00,0.00,0.00,,314.69,0.00,0.00,0.00,0.00,14.55,0.00,11.45,0.00,0.00,484.98,0.00,0.00,152.35,0.00,,0.00,223.31,0.00,0.00,0.00,0.00,375.66,0.00,375.66,0.00,0.00,0.00,0.00,0.00,0.00,,0.00,,860.64,,,,,,0.13,0.04,39.65,1,6,515,21974,3EQ,"Scott Aviation, LLC  d/b/a  Silver Air",3EQ,"Scott Aviation, LLC  d/b/a  Silver Air",01234,D,2,2,2023,1
144.43,0.00,0.00,5.23,1.21,,394.90,0.45,2.36,0.13,5.19,44.66,0.00,14.85,10.74,0.37,624.51,28.92,0.00,71.79,0.00,,24.37,270.23,0.00,,0.00,,395.31,43.50,438.81,,84.91,9.17,2.94,,,,0.75,,1161.10,,,,,,0.06,0.02,121.73,2,6,691,19917,5X,United Parcel Service,5X,United Parcel Service,16912,L,3,3,2023,1
151.71,,5.68,,,,141.88,,,,20.61,14.68,,17.46,,0.00,352.02,69.74,,26.69,0.00,,24.85,0.00,,,,,121.28,,121.28,,22.47,10.27,0.00,0.00,26.87,,,,532.91,,,,,,0.12,0.24,83.68,2,6,635,20447,U7,USA Jet Airlines Inc.,U7,USA Jet Airlines Inc.,06912,D,3,3,2023,1
153.72,0.00,15.04,0.01,0.26,0.00,689.22,0.00,348.84,0.00,0.59,24.79,0.00,26.43,17.67,0.22,1276.78,29.17,0.00,15.99,12.42,0.00,3.76,0.00,0.00,0.00,0.00,0.00,61.34,62.97,124.30,0.00,0.00,0.00,3.09,0.00,10.15,,0.00,,1414.32,,,,,,0.23,0.02,192.69,1,6,721,20436,F9,Frontier Airlines Inc.,F9,Frontier Airlines Inc.,16461,L,3,3,2023,1
169.77,74.78,5.29,0.00,0.00,0.00,6132.58,306.63,941.18,0.00,0.00,55.76,0.00,25.18,0.00,711.24,8422.41,50.44,12.61,0.00,0.00,0.00,19.83,4.96,0.00,0.00,0.00,0.00,87.83,0.00,87.83,0.00,0.00,0.00,16.34,0.00,0.00,,29.21,,8555.79,,,,,,0.57,0.07,1998.72,2,8,819,20405,N8,National Air Cargo Group Inc d/ba National Airlines,N8,National Air Cargo Group Inc d/ba National Airlines,07029,D,2,2,2023,1
171.84,0.00,0.00,0.00,0.00,,111.24,0.00,0.00,0.00,0.00,10.27,0.00,8.75,0.00,0.00,302.09,0.00,0.00,-10.74,0.00,,0.00,399.78,0.00,0.00,0.00,0.00,389.04,0.00,389.04,0.00,0.00,0.00,0.00,0.00,0.00,,0.00,,691.14,,,,,,0.02,0.00,9.29,1,6,658,21974,3EQ,"Scott Aviation, LLC  d/b/a  Silver Air",3EQ,"Scott Aviation, LLC  d/b/a  Silver Air",01234,D,2,2,2023,1
180.95,0.00,0.00,0.00,0.00,,172.63,0.00,0.00,0.00,0.00,10.44,0.00,13.50,0.00,0.00,377.51,0.00,0.00,24.81,0.00,,0.00,184.85,0.00,0.00,0.00,0.00,209.66,0.00,209.66,0.00,0.00,0.00,0.00,0.00,0.00,,0.00,,587.17,,,,,,0.11,0.02,54.04,1,6,751,21974,3EQ,"Scott Aviation, LLC  d/b/a  Silver Air",3EQ,"Scott Aviation, LLC  d/b/a  Silver Air",01234,D,2,2,2023,1
192.68,,14.33,,,,646.40,,,,51.99,11.71,,14.48,,0.00,931.58,175.93,,80.78,0.00,,28.51,0.00,,,,,285.22,,285.22,,56.68,25.91,0.00,0.00,67.79,,,,1367.16,,,,,,0.23,0.08,158.55,2,6,655,20447,U7,USA Jet Airlines Inc.,U7,USA Jet Airlines Inc.,16917,I,3,3,2023,1
196.28,10.82,0.00,0.00,0.00,,350.30,0.00,0.00,2.13,0.00,0.00,0.00,73.40,0.00,575.53,1208.45,0.00,0.00,153.29,115.89,,0.00,0.00,0.00,0.00,0.00,0.00,269.18,0.00,269.18,0.00,0.00,0.00,0.00,0.00,0.00,,0.00,,1477.63,,,,,,0.15,0.09,73.04,1,6,658,21979,3FQ,"Western Air Charter, Inc.  d/b/a  Jet Edge",3FQ,"Western Air Charter, Inc.  d/b/a  Jet Edge",01235,D,2,2,2023,1
200.70,0.00,0.00,0.00,0.00,,132.49,0.00,0.00,0.00,0.00,11.02,0.00,0.00,0.00,0.00,344.21,0.00,0.00,200.09,0.00,,0.00,51.21,0.00,0.00,0.00,0.00,251.30,0.00,251.30,0.00,0.00,0.00,0.00,0.00,0.00,,0.00,,595.51,,,,,,0.01,0.00,5.89,1,6,688,21974,3EQ,"Scott Aviation, LLC  d/b/a  Silver Air",3EQ,"Scott Aviation, LLC  d/b/a  Silver Air",01234,D,2,2,2023,1
212.42,50.76,0.00,0.00,0.00,,350.24,0.00,0.00,1.60,-12.61,0.00,0.00,85.67,0.00,259.11,947.18,0.00,0.00,63.52,95.88,,0.00,0.00,0.00,0.00,0.00,0.00,159.40,0.00,159.40,0.00,0.00,0.00,0.00,0.00,0.00,,0.00,,1106.58,,,,,,0.18,0.09,63.24,1,6,833,21979,3FQ,"Western Air Charter, Inc.  d/b/a  Jet Edge",3FQ,"Western Air Charter, Inc.  d/b/a  Jet Edge",01235,D,2,2,2023,1
215.84,0.00,4.59,35.18,0.00,0.00,1.59,0.00,4.45,0.00,0.00,33.46,0.00,18.53,0.00,1.47,315.11,59.38,0.00,52.36,83.47,0.00,40.49,0.00,0.00,0.00,0.00,0.00,235.69,23.28,258.98,0.00,83.19,3.26,3.58,0.00,0.07,,8.28,,672.47,,,,,,0.29,0.04,183.44,1,6,673,20452,YX,Republic Airline,YX,Republic Airline,11029,L,3,3,2023,1
217.95,0.00,0.00,0.00,0.00,,240.89,0.00,0.00,0.00,0.00,47.91,0.00,18.84,0.00,0.00,525.59,0.00,0.00,45.00,0.00,,0.00,161.69,0.00,0.00,0.00,0.00,206.69,0.00,206.69,0.00,0.00,0.00,0.00,0.00,0.00,,0.00,,732.28,,,,,,0.25,0.07,76.67,1,6,648,21974,3EQ,"Scott Aviation, LLC  d/b/a  Silver Air",3EQ,"Scott Aviation, LLC  d/b/a  Silver Air",01234,D,2,2,2023,1
235.34,0.00,0.00,23.42,67.86,,0.00,0.00,55.36,3.79,0.00,8.39,0.00,19.28,0.00,0.00,413.43,50.67,12.67,157.59,13.36,,9.97,2.49,0.00,0.00,0.00,0.00,246.75,0.00,246.75,0.00,0.00,0.00,31.66,0.00,3.88,,0.00,,695.72,,,,,,0.14,0.00,130.34,2,6,614,20378,YV,Mesa Airlines Inc.,YV,Mesa Airlines Inc.,06689,D,2,2,2023,1
240.87,0.00,23.56,0.02,0.41,0.00,1080.01,0.00,546.64,0.00,0.92,38.84,0.00,41.42,27.69,0.35,2000.72,45.71,0.00,25.06,19.46,0.00,5.88,0.00,0.00,0.00,0.00,0.00,96.11,98.67,194.78,0.00,0.00,0.01,4.84,0.00,15.90,,0.00,,2216.25,,,,,,0.48,0.04,367.40,1,6,694,20436,F9,Frontier Airlines Inc.,F9,Frontier Airlines Inc.,16461,L,3,3,2023,1
240.95,0.00,0.43,16.89,0.23,0.00,541.68,0.00,2.29,0.01,-4.98,92.14,0.00,24.38,10.83,46.24,971.08,19.58,0.00,30.89,70.92,0.00,6.36,0.75,0.00,0.00,0.00,0.00,128.50,34.38,162.88,1.01,78.75,23.88,3.51,1.36,25.03,,0.00,,1267.48,,,,,,0.17,0.02,159.20,1,6,724,20409,B6,JetBlue Airways,B6,JetBlue Airways,16673,L,3,3,2023,1
242.27,,16.36,27.39,,,5086.01,,0.18,,,49.46,,19.85,4.87,,5446.38,11.53,0.15,172.43,102.12,,46.82,0.12,,,,,333.15,36.38,369.54,9.91,58.80,34.30,13.10,4.78,,,,,5936.81,,,,,,0.86,0.11,1481.80,1,6,624,19977,UA,United Air Lines Inc.,UA,United Air Lines Inc.,10876,L,3,3,2023,1
272.00,0.00,1.00,19.00,0.00,0.00,702.00,1.00,31.00,0.00,1.00,75.00,0.00,15.00,28.00,0.00,1144.00,70.00,3.00,99.00,135.00,0.00,14.00,14.00,0.00,0.00,0.00,0.00,335.00,78.00,413.00,1.00,69.00,13.00,6.00,0.00,0.00,,0.00,,1646.00,,,,,,0.25,0.03,220.00,2,6,614,19930,AS,Alaska Airlines Inc.,AS,Alaska Airlines Inc.,06031,D,3,3,2023,1
291.21,43.75,0.00,0.00,0.00,,330.03,0.00,0.00,3.07,0.00,0.00,0.00,98.63,0.00,490.17,1256.87,63.82,0.00,191.22,80.00,,0.00,0.00,0.00,0.00,0.00,0.00,335.04,0.00,335.04,0.00,0.00,0.00,0.00,0.00,0.00,,0.00,,1591.91,,,,,,0.11,0.09,59.68,1,6,612,21979,3FQ,"Western Air Charter, Inc.  d/b/a  Jet Edge",3FQ,"Western Air Charter, Inc.  d/b/a  Jet Edge",01235,D,2,2,2023,1
309.04,125.58,21.89,28.77,0.00,,525.39,0.00,145.59,0.00,37.48,0.00,0.00,35.54,0.00,547.68,1776.96,134.03,0.00,0.00,0.00,,331.59,0.00,0.00,0.00,0.00,0.00,465.61,0.00,465.61,0.00,125.54,63.73,0.00,0.00,0.00,,0.00,,2431.84,,,,,,0.31,0.12,287.75,2,6,617,21161,09Q,"Swift Air, LLC d/b/a Eastern Air Lines d/b/a Eastern",09Q,"Swift Air, LLC d/b/a Eastern Air Lines d/b/a Eastern",01130,D,2,2,2023,1
319.53,0.00,4.08,351.81,29.64,0.00,2003.08,0.00,535.33,6.75,7.40,57.03,0.00,29.75,0.00,283.62,3628.01,3.18,0.00,68.93,0.00,0.00,15.86,0.00,325.64,0.00,158.58,0.00,572.19,89.63,661.82,0.00,49.99,0.00,34.08,0.00,0.00,,0.00,,4373.90,,,,,,0.41,0.06,559.96,2,6,626,19874,8C,Air Transport International,8C,Air Transport International,16028,A,2,2,2023,1
344.36,13.28,62.85,131.80,4.25,0.00,633.81,0.00,278.46,1.91,13.04,39.75,0.00,30.75,0.00,0.00,1554.26,123.01,1.12,76.18,0.00,0.00,0.00,0.00,1.68,0.00,20.39,0.00,222.38,76.63,299.01,0.00,0.00,0.00,0.00,0.00,21.15,,0.00,,1874.43,,,,,,0.11,0.03,189.18,1,6,626,20377,X9,Omni Air International LLC,X9,Omni Air International LLC,06738,D,2,2,2023,1
363.13,,1.42,,,,368.37,,,,5.15,38.08,,45.41,,0.00,821.56,17.44,,3.87,0.00,,4.98,0.00,,,,,26.28,,26.28,,5.62,2.57,0.00,0.00,6.72,,,,862.75,,,,,,0.04,0.24,34.43,2,6,640,20447,U7,USA Jet Airlines Inc.,U7,USA Jet Airlines Inc.,06912,D,3,3,2023,1
369.14,150.01,26.15,34.37,0.00,,627.58,0.00,173.91,0.00,44.77,0.00,0.00,42.46,0.00,654.20,2122.57,160.10,0.00,0.00,0.00,,396.08,0.00,0.00,0.00,0.00,0.00,556.17,0.00,556.17,0.00,149.95,76.13,0.00,0.00,0.00,,0.00,,2904.83,,,,,,0.42,0.12,390.89,1,6,614,21161,09Q,"Swift Air, LLC d/b/a Eastern Air Lines d/b/a Eastern",09Q,"Swift Air, LLC d/b/a Eastern Air Lines d/b/a Eastern",11054,I,2,2,2023,1
373.00,0.00,15.00,24.00,0.00,0.00,1215.00,0.00,41.00,0.00,2.00,83.00,0.00,16.00,0.00,1.00,1770.00,20.00,8.00,38.00,73.00,0.00,55.00,23.00,0.00,0.00,0.00,0.00,217.00,85.00,302.00,2.00,71.00,36.00,2.00,5.00,0.00,,9.00,0.00,2197.00,,,,,,0.21,0.02,411.44,1,6,696,19790,DL,Delta Air Lines Inc.,DL,Delta Air Lines Inc.,01260,D,3,3,2023,1
379.50,154.21,26.88,35.33,0.00,,645.18,0.00,178.79,0.00,46.02,0.00,0.00,43.65,0.00,672.55,2182.12,164.59,0.00,0.00,0.00,,407.19,0.00,0.00,0.00,0.00,0.00,571.78,0.00,571.78,0.00,154.16,78.26,0.00,0.00,0.00,,0.00,,2986.32,,,,,,0.44,0.06,374.18,2,6,619,21161,09Q,"Swift Air, LLC d/b/a Eastern Air Lines d/b/a Eastern",09Q,"Swift Air, LLC d/b/a Eastern Air Lines d/b/a Eastern",01130,D,2,2,2023,1
394.71,,20.87,40.02,,,948.76,,0.44,,,80.58,,32.34,0.01,,1517.72,28.20,0.36,108.44,2.31,,18.55,-0.15,,,,,157.71,81.94,239.64,,,0.36,,,,,11.76,,1769.48,,,,,,0.34,0.04,272.91,1,6,634,19977,UA,United Air Lines Inc.,UA,United Air Lines Inc.,10876,L,3,3,2023,1
398.31,0.00,0.00,0.00,-0.03,0.00,1948.70,0.00,989.91,24.76,28.31,0.00,0.00,0.00,0.00,794.65,4184.61,185.46,0.00,169.44,0.04,0.00,72.45,0.00,0.00,0.00,0.00,0.00,427.38,0.00,427.38,0.00,161.01,24.87,23.58,2.35,0.00,,0.00,,4823.82,,,,,,0.28,0.09,226.95,2,6,614,20108,NC,Northern Air Cargo Inc.,NC,Northern Air Cargo Inc.,06721,D,2,2,2023,1
417.27,24.11,91.88,152.95,5.88,0.00,1795.19,0.00,659.16,3.47,14.48,46.35,0.00,36.35,0.00,0.00,3247.08,223.29,2.04,121.90,0.00,0.00,0.00,0.00,0.00,0.00,0.00,0.00,347.23,145.81,493.04,0.00,0.00,0.00,0.00,0.00,108.69,,0.00,,3848.81,,,,,,0.19,0.03,444.72,1,6,627,20377,X9,Omni Air International LLC,X9,Omni Air International LLC,06738,D,2,2,2023,1
443.36,0.00,0.00,0.00,0.00,,776.98,0.00,0.00,0.00,0.00,38.77,0.00,35.18,0.00,0.00,1294.29,0.00,0.00,701.18,0.00,,0.00,862.86,0.00,0.00,0.00,0.00,1564.03,0.00,1564.03,0.00,0.00,0.00,0.00,0.00,0.00,,0.00,,2858.32,,,,,,0.17,0.04,86.64,1,6,667,21974,3EQ,"Scott Aviation, LLC  d/b/a  Silver Air",3EQ,"Scott Aviation, LLC  d/b/a  Silver Air",01234,D,2,2,2023,1
457.30,110.10,0.00,0.00,0.00,,1471.65,0.00,0.00,1.06,0.00,0.00,0.00,228.10,0.00,1068.30,3336.52,57.77,0.00,690.85,429.99,,0.00,0.00,0.00,0.00,0.00,0.00,1178.61,0.00,1178.61,0.00,0.00,0.00,0.00,0.00,0.00,,0.00,,4515.12,,,,,,0.50,0.09,209.58,1,6,667,21979,3FQ,"Western Air Charter, Inc.  d/b/a  Jet Edge",3FQ,"Western Air Charter, Inc.  d/b/a  Jet Edge",01235,D,2,2,2023,1
525.39,,48.22,69.47,,,1877.49,,0.83,,,107.26,,43.05,48.43,,2720.14,25.00,,41.30,-0.40,,46.24,1.07,,,,,113.22,83.37,196.60,1.87,313.42,89.91,0.23,2.83,,,,,3324.99,,,,,,0.31,0.03,565.43,1,6,837,19977,UA,United Air Lines Inc.,UA,United Air Lines Inc.,10876,L,3,3,2023,1
533.75,0.00,25.79,64.73,0.00,0.00,0.22,0.00,0.74,1.80,1.42,63.30,0.00,44.50,30.05,6.97,773.25,99.15,0.00,40.30,210.78,0.00,60.64,12.37,0.00,0.00,0.00,0.00,423.23,88.12,511.35,0.00,0.00,8.60,18.02,0.00,5.72,,0.00,,1316.95,,,,,,0.67,0.12,404.41,1,6,673,20304,OO,SkyWest Airlines Inc.,OO,SkyWest Airlines Inc.,11025,L,3,3,2023,1
555.65,0.00,39.33,9.44,287.55,0.00,0.00,4.56,106.85,18.69,65.58,34.21,0.00,47.72,82.65,5.18,1258.90,1415.59,0.00,410.48,0.00,0.00,480.89,4.74,0.00,0.00,0.00,0.00,2312.00,0.00,2312.00,0.00,0.00,0.00,0.00,45.40,0.00,,0.00,0.00,3615.32,,,,,,2.48,0.80,1876.24,1,6,631,20363,9E,Endeavor Air Inc.,9E,Endeavor Air Inc.,07024,D,2,2,2023,1
576.33,234.20,40.83,53.66,0.00,,979.82,0.00,271.52,0.00,69.89,0.00,0.00,66.28,0.00,1021.38,3313.91,249.95,0.00,0.00,0.00,,618.39,0.00,0.00,0.00,0.00,0.00,868.34,0.00,868.34,0.00,234.12,118.85,0.00,0.00,0.00,,0.00,,4535.22,,,,,,0.66,0.18,574.50,1,6,619,21161,09Q,"Swift Air, LLC d/b/a Eastern Air Lines d/b/a Eastern",09Q,"Swift Air, LLC d/b/a Eastern Air Lines d/b/a Eastern",11054,I,2,2,2023,1
582.55,236.79,16.74,0.00,0.00,0.00,963.33,48.17,3189.40,0.00,0.00,194.78,0.00,82.96,0.00,1012.97,6327.69,159.72,39.93,0.00,0.00,0.00,11.32,2.83,0.00,0.00,0.00,0.00,213.80,0.00,213.80,0.00,0.00,0.00,190.63,0.00,0.00,,85.07,,6817.18,,,,,,0.21,0.05,252.07,1,6,622,20405,N8,National Air Cargo Group Inc d/ba National Airlines,N8,National Air Cargo Group Inc d/ba National Airlines,07029,D,2,2,2023,1
601.00,0.00,2.00,41.00,0.00,0.00,1533.00,3.00,94.00,0.00,3.00,164.00,0.00,33.00,57.00,1.00,2532.00,87.00,4.00,133.00,158.00,0.00,18.00,17.00,0.00,0.00,0.00,0.00,415.00,97.00,513.00,2.00,139.00,50.00,11.00,0.00,4.00,,0.00,,3250.00,,,,,,0.54,0.06,478.00,1,6,634,19930,AS,Alaska Airlines Inc.,AS,Alaska Airlines Inc.,16031,L,3,3,2023,1
680.52,,32.10,67.63,,,1709.79,,0.38,,,138.92,,55.76,41.09,0.00,2726.20,26.94,0.31,408.44,1223.03,,164.88,1.80,,,,,1825.39,95.02,1920.42,29.83,223.87,116.65,16.70,68.07,,,,,5101.73,,,,,,0.38,0.04,570.24,1,6,887,19977,UA,United Air Lines Inc.,UA,United Air Lines Inc.,10877,P,3,3,2023,1
699.43,26.98,127.65,285.92,11.50,0.00,1908.01,0.00,292.43,3.89,16.45,80.73,0.00,62.46,0.00,0.00,3515.45,249.86,2.28,100.79,-18.68,0.00,0.00,0.00,3.39,0.00,37.94,0.00,375.58,160.77,536.34,0.00,0.00,0.00,0.00,0.00,42.96,,0.00,,4094.75,,,,,,0.27,0.06,436.24,1,6,625,20377,X9,Omni Air International LLC,X9,Omni Air International LLC,06738,D,2,2,2023,1
738.05,,11.36,,,,498.64,,,,41.21,43.80,,48.51,,0.00,1381.56,139.48,,93.58,0.00,,54.35,0.00,,,,,287.41,,287.41,,44.93,20.54,0.00,0.00,53.74,,,,1788.18,,,,,,0.41,0.32,129.40,2,6,681,20447,U7,USA Jet Airlines Inc.,U7,USA Jet Airlines Inc.,06912,D,3,3,2023,1
754.82,,10.70,298.90,0.00,,1478.27,,0.00,,0.00,180.54,,65.42,,24.40,2813.05,36.83,,410.00,,,131.06,19.53,3.55,,,,600.97,283.98,884.95,,372.31,91.50,34.68,0.00,0.00,,0.00,0.00,4196.49,,,,,,0.83,0.20,1275.60,1,6,626,20007,5Y,Atlas Air Inc.,5Y,Atlas Air Inc.,06087,D,3,3,2023,1
785.46,,18.46,,,,1105.09,,,,66.97,60.15,,68.21,,0.00,2104.34,226.65,,362.94,0.00,,96.02,0.00,,,,,685.61,,685.61,,73.02,33.38,0.00,0.00,87.33,,,,2983.67,,,,,,0.22,0.16,272.00,2,7,715,20447,U7,USA Jet Airlines Inc.,U7,USA Jet Airlines Inc.,06912,D,3,3,2023,1
821.79,0.00,108.60,99.66,62.24,0.00,0.00,1.26,93.28,4.87,11.03,106.45,0.00,79.13,13.90,1.40,1405.11,264.36,0.00,300.17,17.55,0.00,69.84,2.64,0.00,0.00,0.00,0.00,654.86,0.00,654.86,22.54,0.00,0.00,0.00,12.24,0.00,,0.00,0.00,2093.77,,,,,,0.67,0.15,448.95,1,6,638,20363,9E,Endeavor Air Inc.,9E,Endeavor Air Inc.,11027,L,2,2,2023,1
858.14,348.72,60.79,79.90,0.00,,1458.93,0.00,404.29,0.00,104.07,0.00,0.00,98.70,0.00,1520.82,4934.35,372.17,0.00,0.00,0.00,,920.76,0.00,0.00,0.00,0.00,0.00,1292.94,0.00,1292.94,0.00,348.60,176.97,0.00,0.00,0.00,,0.00,,6752.86,,,,,,0.79,0.37,824.33,1,6,617,21161,09Q,"Swift Air, LLC d/b/a Eastern Air Lines d/b/a Eastern",09Q,"Swift Air, LLC d/b/a Eastern Air Lines d/b/a Eastern",11054,I,2,2,2023,1
864.88,0.00,69.37,71.03,0.00,0.00,3868.75,3.55,445.97,0.00,5.23,230.39,0.00,73.91,75.80,0.00,5708.87,194.94,48.75,216.18,322.84,0.00,145.80,91.12,0.00,0.00,0.00,0.00,1019.63,462.95,1482.58,23.55,254.49,48.00,21.77,0.00,35.52,,28.42,,7603.19,,,,,,0.42,0.05,1223.66,1,6,637,19805,AA,American Airlines Inc.,AA,American Airlines Inc.,10052,P,3,3,2023,1
888.49,236.79,16.74,0.00,0.00,0.00,1589.02,79.45,4287.76,0.00,0.00,190.79,0.00,147.46,0.00,1899.30,9335.81,159.72,39.93,0.00,0.00,0.00,22.47,5.62,0.00,0.00,0.00,0.00,227.73,0.00,227.73,0.00,0.00,0.00,12.87,0.00,0.00,,0.00,,9576.41,,,,,,0.22,0.05,417.44,1,6,696,20405,N8,National Air Cargo Group Inc d/ba National Airlines,N8,National Air Cargo Group Inc d/ba National Airlines,07029,D,2,2,2023,1
925.67,0.00,0.00,0.00,-0.08,0.00,1875.10,0.00,553.87,0.11,75.16,0.00,0.00,0.00,0.00,550.46,3980.30,546.63,0.00,374.11,0.00,0.00,212.42,0.00,0.00,0.00,0.00,0.00,1133.15,0.00,1133.15,0.00,485.56,67.56,71.37,7.22,0.00,,0.00,,5745.16,,,,,,1.01,0.16,533.30,2,6,626,21634,KH,Aloha Air Cargo,KH,Aloha Air Cargo,01146,D,2,2,2023,1
989.65,0.00,1.77,106.13,1.08,0.00,2523.65,0.00,276.85,0.04,-15.10,398.41,0.00,99.67,127.05,217.34,4726.55,91.23,0.00,425.84,579.98,0.00,32.32,5.41,0.00,0.00,0.00,0.00,1134.77,159.02,1293.79,16.07,140.55,165.83,73.84,16.87,24.36,,0.00,,6457.85,,,,,,0.81,0.14,741.68,1,6,678,20409,B6,JetBlue Airways,B6,JetBlue Airways,16673,L,3,3,2023,1
1004.32,0.00,78.27,80.14,0.00,0.00,4326.61,3.83,515.26,0.00,6.06,260.77,0.00,82.51,77.36,0.00,6435.13,217.70,54.47,242.39,365.42,0.00,154.26,94.43,0.00,0.00,0.00,0.00,1128.67,540.49,1669.17,27.07,294.58,55.48,25.14,0.00,41.15,,34.06,,8581.77,,,,,,0.59,0.06,1324.95,1,6,637,19805,AA,American Airlines Inc.,AA,American Airlines Inc.,0A050,D,3,3,2023,1
1017.50,0.00,28.67,130.82,0.00,0.00,2.92,0.00,333.02,2.89,1.33,93.46,0.00,81.65,16.04,11.26,1719.55,158.28,0.00,200.92,241.78,0.00,96.27,24.10,0.00,0.00,0.00,0.00,721.34,126.95,848.29,0.00,261.54,102.87,0.00,0.00,81.41,,0.00,,3013.65,,,,,,0.95,0.30,594.07,1,6,631,20304,OO,SkyWest Airlines Inc.,OO,SkyWest Airlines Inc.,11025,L,3,3,2023,1
1061.00,0.00,281.00,399.00,40.00,,3467.00,,32.00,3.00,4.00,0.00,,126.00,122.00,502.00,6037.00,720.00,80.00,55.00,49.00,,193.00,0.00,400.00,,268.00,,1765.00,3985.00,5750.00,,187.00,187.00,31.00,10.00,,,,,12202.00,,,,,,0.44,0.09,1103.12,2,7,740,20107,FX,Federal Express Corporation,FX,Federal Express Corporation,16195,L,3,3,2023,1
1066.37,0.00,10.98,279.68,1.43,,11.02,0.00,150.72,0.50,0.00,48.63,0.00,102.56,0.00,9.58,1681.46,326.31,81.58,313.90,573.70,,43.31,10.83,0.00,0.00,0.00,0.00,1349.62,0.00,1349.62,0.00,325.08,10.26,9.09,0.00,7.64,,0.00,,3383.15,,,,,,1.74,0.30,1125.83,1,6,673,20378,YV,Mesa Airlines Inc.,YV,Mesa Airlines Inc.,11022,L,2,2,2023,1
1079.16,0.00,38.93,196.30,18.59,,0.61,0.00,132.69,19.29,0.00,41.80,0.00,103.41,0.00,-1.82,1628.97,273.89,68.47,477.28,8.51,,21.29,5.32,0.00,0.00,0.00,0.00,854.76,0.00,854.76,0.00,386.31,255.10,95.43,0.00,41.01,,0.00,,3261.58,,,,,,0.88,0.16,541.81,1,6,638,20378,YV,Mesa Airlines Inc.,YV,Mesa Airlines Inc.,11022,L,2,2,2023,1
1145.15,0.00,0.00,0.00,-0.08,0.00,5602.52,0.00,2845.98,71.17,81.40,0.00,0.00,0.00,0.00,2284.62,12030.76,533.19,0.00,487.14,0.11,0.00,208.29,0.00,0.00,0.00,0.00,0.00,1228.72,0.00,1228.72,0.00,462.90,71.51,67.80,6.77,0.00,,0.00,,13868.47,,,,,,0.82,0.19,652.48,2,6,617,20108,NC,Northern Air Cargo Inc.,NC,Northern Air Cargo Inc.,06721,D,2,2,2023,1
1160.00,0.00,42.00,69.00,0.00,0.00,3046.00,0.00,118.00,0.00,5.00,239.00,0.00,47.00,0.00,3.00,4729.00,57.00,22.00,109.00,210.00,0.00,158.00,65.00,0.00,0.00,0.00,0.00,621.00,244.00,865.00,6.00,205.00,104.00,5.00,13.00,0.00,,26.00,0.00,5953.00,,,,,,0.61,0.06,1031.54,1,6,626,19790,DL,Delta Air Lines Inc.,DL,Delta Air Lines Inc.,10262,P,3,3,2023,1
1238.30,0.00,299.17,826.50,283.29,0.00,4299.83,9.92,13.25,2.92,108.90,56.39,0.00,88.79,0.00,2230.18,9457.44,571.46,0.00,0.00,0.00,0.00,805.71,368.38,0.00,0.00,0.00,0.00,1745.55,0.00,1745.55,,0.00,0.00,0.00,0.00,1.08,,0.00,,11204.07,,,,,,1.32,0.19,1176.07,2,6,622,20151,M6,Amerijet International,M6,Amerijet International,06052,D,2,2,2023,1
1247.51,,70.43,134.28,,,12126.69,,119.69,,,254.67,-5.82,102.22,301.50,0.00,14351.16,98.83,1.14,279.08,50.68,,408.10,28.57,,,,,866.40,280.88,1147.27,9.05,144.90,148.05,3.77,8.18,,,19.19,,15831.57,,,,,,4.71,0.50,3928.88,1,6,614,19977,UA,United Air Lines Inc.,UA,United Air Lines Inc.,10877,P,3,3,2023,1
1254.17,0.00,303.00,837.09,286.93,0.00,4354.96,10.05,13.42,2.96,110.30,57.12,0.00,89.93,0.00,8098.70,15418.61,578.79,0.00,0.00,0.00,0.00,3712.00,4258.50,0.00,0.00,0.00,0.00,8549.28,0.00,8549.28,,0.00,0.00,0.00,0.00,1.09,,0.00,,23968.99,,,,,,1.33,0.19,1192.90,2,6,625,20151,M6,Amerijet International,M6,Amerijet International,06052,D,2,2,2023,1
1303.10,0.00,0.00,129.68,375.77,,0.00,0.00,306.51,20.97,0.00,46.43,0.00,106.77,0.00,0.00,2289.24,280.58,70.14,872.59,73.97,,55.20,13.80,0.00,0.00,0.00,0.00,1366.28,0.00,1366.28,0.00,0.00,0.00,175.28,0.00,21.50,,0.00,,3852.29,,,,,,0.77,0.00,721.71,2,6,617,20378,YV,Mesa Airlines Inc.,YV,Mesa Airlines Inc.,06689,D,2,2,2023,1
1323.78,297.91,0.00,0.00,0.00,,4824.82,0.00,0.00,427.77,69.20,0.00,0.00,418.37,0.00,3122.18,10484.03,486.20,93.03,1085.22,996.01,,544.16,37.38,0.00,0.00,0.00,0.00,3242.00,0.00,3242.00,0.00,0.00,0.00,0.00,0.00,0.00,,0.00,,13726.03,,,,,,1.75,0.09,851.51,1,6,671,21979,3FQ,"Western Air Charter, Inc.  d/b/a  Jet Edge",3FQ,"Western Air Charter, Inc.  d/b/a  Jet Edge",01235,D,2,2,2023,1
1350.56,0.00,14.32,1430.10,95.28,0.00,7191.54,6.15,4576.57,23.68,51.88,242.43,0.00,126.13,0.00,186.54,15295.16,667.15,0.00,1180.65,-2.57,0.00,136.28,0.00,760.02,0.00,997.43,0.00,3738.96,1015.56,4754.51,0.00,251.26,0.00,315.37,0.00,0.00,,0.00,,20616.30,,,,,,1.41,0.27,1764.01,1,6,622,19874,8C,Air Transport International,8C,Air Transport International,16028,A,2,2,2023,1
1372.21,557.61,97.20,127.76,0.00,,2332.89,0.00,646.48,0.00,166.41,0.00,0.00,157.82,0.00,2431.85,7890.24,595.12,0.00,0.00,0.00,,1472.34,0.00,0.00,0.00,0.00,0.00,2067.46,0.00,2067.46,0.00,557.42,282.98,0.00,0.00,0.00,,0.00,,10798.10,,,,,,1.49,0.37,1266.61,1,6,614,21161,09Q,"Swift Air, LLC d/b/a Eastern Air Lines d/b/a Eastern",09Q,"Swift Air, LLC d/b/a Eastern Air Lines d/b/a Eastern",01130,D,2,2,2023,1
1412.99,,105.08,,,,4740.24,,,,381.22,85.87,,106.18,,0.00,6831.57,1290.18,,592.35,0.00,,209.06,0.00,,,,,2091.59,,2091.59,,415.63,189.99,0.00,0.00,497.10,,,,10025.88,,,,,,1.25,0.55,1162.70,2,6,655,20447,U7,USA Jet Airlines Inc.,U7,USA Jet Airlines Inc.,06912,D,3,3,2023,1
1504.34,611.31,106.56,140.07,0.00,,2557.52,0.00,708.73,0.00,182.44,0.00,0.00,173.01,0.00,2666.02,8649.99,652.42,0.00,0.00,0.00,,1614.11,0.00,0.00,0.00,0.00,0.00,2266.54,0.00,2266.54,0.00,611.10,310.23,0.00,0.00,0.00,,0.00,,11837.85,,,,,,1.65,0.39,1367.21,1,6,619,21161,09Q,"Swift Air, LLC d/b/a Eastern Air Lines d/b/a Eastern",09Q,"Swift Air, LLC d/b/a Eastern Air Lines d/b/a Eastern",01130,D,2,2,2023,1
1583.00,0.00,44.00,72.00,0.00,0.00,3645.00,0.00,123.00,0.00,5.00,250.00,0.00,49.00,0.00,3.00,5774.00,59.00,23.00,114.00,219.00,0.00,165.00,68.00,0.00,0.00,0.00,0.00,648.00,255.00,903.00,6.00,214.00,109.00,6.00,14.00,0.00,,28.00,0.00,7054.00,,,,,,0.64,0.07,1234.42,1,6,696,19790,DL,Delta Air Lines Inc.,DL,Delta Air Lines Inc.,10262,P,3,3,2023,1
1586.82,,98.01,172.04,,,11060.12,,197.95,,,323.94,,130.02,42.32,,13611.20,113.36,1.45,46.32,9.30,,80.27,0.79,,,,,251.48,335.33,586.81,3.65,312.67,128.04,7.20,11.61,,,,,14661.18,,,,,,5.08,0.48,3358.72,1,6,838,19977,UA,United Air Lines Inc.,UA,United Air Lines Inc.,10876,L,3,3,2023,1
1595.18,0.00,0.00,0.00,-0.13,0.00,3231.30,0.00,954.47,0.19,129.53,0.00,0.00,0.00,0.00,948.60,6859.13,941.99,0.00,644.69,0.00,0.00,366.05,0.00,0.00,0.00,0.00,0.00,1952.73,0.00,1952.73,0.00,836.74,116.43,122.99,12.44,0.00,,0.00,,9900.46,,,,,,1.74,0.27,919.02,2,6,619,21634,KH,Aloha Air Cargo,KH,Aloha Air Cargo,01146,D,2,2,2023,1
1711.48,0.00,431.65,92.87,,,5094.28,,2147.90,,614.45,131.80,,177.90,0.00,2230.81,12633.15,1299.46,,,,,210.83,,,,,,1510.28,,1510.28,,,0.00,,,,,,,14143.43,,,,,,1.03,0.14,1596.26,2,8,820,20195,WI,Sky Lease Cargo,WI,Sky Lease Cargo,16884,I,2,2,2023,1
1791.45,0.00,175.25,0.12,3.02,0.00,8032.41,0.00,4065.51,0.00,6.84,288.88,0.00,308.02,205.95,2.59,14880.03,339.97,0.00,186.37,144.72,0.00,43.76,0.00,0.00,0.00,0.00,0.00,714.81,733.86,1448.67,0.00,0.00,0.05,36.01,0.00,118.23,,0.00,,16482.99,,,,,,2.87,0.28,2704.88,1,6,699,20436,F9,Frontier Airlines Inc.,F9,Frontier Airlines Inc.,16461,L,3,3,2023,1
1859.40,36.14,42.69,535.79,66.22,0.00,23.00,0.00,444.36,3.39,41.83,864.95,0.00,196.87,0.00,0.00,4114.64,1402.20,0.00,666.86,841.51,0.00,794.14,142.40,0.00,0.00,0.00,0.00,3847.11,0.00,3847.11,0.00,167.77,256.30,0.00,73.40,0.00,,0.00,0.00,8459.22,,,,,,1.64,0.29,2770.86,2,6,626,20453,ABX,ABX Air Inc,ABX,ABX Air Inc,11009,A,2,2,2023,1
1903.99,,127.69,214.49,,,6248.39,,45.87,,,388.68,,156.01,25.03,,9110.16,136.30,8.20,662.91,865.50,,520.90,62.92,,,,,2256.72,408.16,2664.88,139.08,217.22,213.57,30.98,80.17,,,68.92,,12524.97,,,,,,1.64,0.19,1808.26,1,6,622,19977,UA,United Air Lines Inc.,UA,United Air Lines Inc.,10876,L,3,3,2023,1
1916.39,0.00,462.99,1279.09,438.43,0.00,6654.42,15.35,20.50,4.52,168.53,87.27,0.00,137.42,0.00,3474.68,14659.58,884.39,0.00,0.00,0.00,0.00,1255.18,576.18,0.00,0.00,0.00,0.00,2715.76,0.00,2715.76,,0.00,0.00,0.00,0.00,1.67,,0.00,,17377.01,,,,,,2.04,0.29,1821.73,2,6,622,20151,M6,Amerijet International,M6,Amerijet International,16052,L,2,2,2023,1
1919.12,779.86,135.94,178.69,0.00,,3262.69,0.00,904.14,0.00,232.74,0.00,0.00,220.72,0.00,3401.10,11035.00,832.31,0.00,0.00,0.00,,2059.16,0.00,0.00,0.00,0.00,0.00,2891.47,0.00,2891.47,0.00,779.59,395.77,0.00,0.00,0.00,,0.00,,15101.83,,,,,,1.98,0.52,1736.16,2,6,614,21161,09Q,"Swift Air, LLC d/b/a Eastern Air Lines d/b/a Eastern",09Q,"Swift Air, LLC d/b/a Eastern Air Lines d/b/a Eastern",01130,D,2,2,2023,1
1925.00,0.00,7.00,132.00,0.00,0.00,4570.00,10.00,34.00,0.00,3.00,517.00,0.00,106.00,158.00,3.00,7465.00,322.00,14.00,991.00,85.00,0.00,65.00,62.00,0.00,0.00,0.00,0.00,1540.00,361.00,1901.00,11.00,643.00,101.00,52.00,0.00,0.00,,0.00,,10173.00,,,,,,1.72,0.21,1473.00,2,6,612,19930,AS,Alaska Airlines Inc.,AS,Alaska Airlines Inc.,06031,D,3,3,2023,1
1955.02,0.00,154.73,158.62,0.00,0.00,8421.23,7.56,1000.82,0.00,11.77,511.88,0.00,163.05,158.29,0.00,12542.95,429.09,107.08,478.51,718.75,0.00,310.06,194.54,0.00,0.00,0.00,0.00,2238.03,1037.64,3275.67,52.57,572.99,107.95,48.92,0.00,79.82,,64.58,,16745.46,,,,,,1.10,0.11,2628.07,1,6,627,19805,AA,American Airlines Inc.,AA,American Airlines Inc.,10052,P,3,3,2023,1
1960.00,0.00,8.00,135.00,0.00,0.00,4997.00,8.00,306.00,0.00,10.00,533.00,0.00,107.00,185.00,3.00,8252.00,283.00,13.00,432.00,514.00,0.00,57.00,55.00,0.00,0.00,0.00,0.00,1354.00,318.00,1672.00,7.00,454.00,163.00,35.00,0.00,12.00,,0.00,,10595.00,,,,,,1.77,0.18,1559.00,1,6,839,19930,AS,Alaska Airlines Inc.,AS,Alaska Airlines Inc.,16031,L,3,3,2023,1
2071.70,0.00,163.67,475.06,0.00,0.00,5709.74,1.87,1200.00,0.00,633.57,171.49,0.00,156.02,0.00,0.00,10583.12,1066.71,0.00,315.11,0.00,0.00,463.99,0.00,0.00,0.00,0.00,0.00,1845.81,0.00,1845.81,0.00,3067.97,1130.71,635.00,0.00,0.00,,0.00,,17262.60,,,,,,0.85,0.20,2902.35,2,8,820,21629,KD,Western Global,KD,Western Global,11042,I,2,2,2023,1
2189.57,,151.10,256.41,,,7110.80,,52.75,,,446.98,,179.41,17.08,,10404.09,156.74,9.43,795.38,995.31,,610.88,72.36,,,,,2640.10,878.85,3518.95,159.94,249.80,245.61,35.62,92.19,,,79.26,,14785.45,,,,,,1.89,0.22,2236.00,1,6,622,19977,UA,United Air Lines Inc.,UA,United Air Lines Inc.,10874,A,3,3,2023,1
2205.92,0.00,710.11,316.75,0.00,0.00,0.00,0.00,1199.54,0.00,0.00,151.18,0.00,259.70,0.00,0.00,4843.19,431.22,13.34,397.52,10.51,0.00,113.18,56.71,0.00,0.00,0.00,481.46,1503.94,550.74,2054.68,47.85,0.00,0.00,0.25,0.00,0.00,,0.00,,6945.96,,,,,,2.33,1.07,1474.55,1,6,673,20398,MQ,Envoy Air,MQ,Envoy Air,16820,L,3,3,2023,1
2333.27,990.75,258.32,917.91,125.65,,3015.51,1.75,0.00,17.16,336.05,583.73,0.10,278.90,0.00,109.55,8968.63,1426.05,0.00,1563.21,1263.88,,483.54,125.22,0.00,0.00,0.00,0.00,4861.90,0.00,4861.90,0.00,1507.16,0.00,0.00,928.70,577.40,,0.00,,16843.79,,,,,,1.01,0.78,778.15,2,5,556,20169,L2,Lynden Air Cargo Airlines,L2,Lynden Air Cargo Airlines,06699,D,2,2,2023,1
2341.00,0.00,0.00,127.00,0.00,0.00,0.00,0.00,12.00,0.00,0.00,523.00,0.00,161.00,0.00,53.00,3216.00,149.00,7.00,239.00,-6.00,0.00,12.00,12.00,0.00,0.00,0.00,0.00,412.00,10051.00,10462.00,0.00,0.00,0.00,0.00,0.00,0.00,,0.00,,13679.00,,,,,,0.36,0.17,160.00,1,4,482,19687,QX,Horizon Air,QX,Horizon Air,06580,D,2,2,2023,1
2352.41,,92.08,211.72,,,4699.32,,286.18,,,480.23,-2.64,192.75,111.56,,8423.61,168.01,2.14,1162.38,774.29,,455.85,157.58,,,,,2720.25,477.73,3197.98,61.35,422.79,464.38,37.58,462.03,,,,,13069.71,,,,,,2.04,0.23,1453.81,1,6,698,19977,UA,United Air Lines Inc.,UA,United Air Lines Inc.,10876,L,3,3,2023,1
2492.10,0.00,32.55,1158.11,216.61,0.00,234.23,9.63,236.63,53.94,0.20,443.49,0.00,235.28,0.00,28.17,5140.94,1167.44,0.00,3065.18,121.87,0.00,304.49,0.00,473.03,0.00,630.89,0.00,5762.90,1338.86,7101.76,0.00,102.75,0.00,385.05,0.00,0.00,,0.00,,12730.50,,,,,,2.80,0.58,4586.34,2,6,625,19874,8C,Air Transport International,8C,Air Transport International,06029,D,2,2,2023,1
2510.00,0.00,126.00,207.00,0.00,0.00,5664.00,0.00,356.00,0.00,15.00,720.00,0.00,141.00,0.00,8.00,9747.00,171.00,65.00,328.00,632.00,0.00,476.00,197.00,0.00,0.00,0.00,0.00,1869.00,733.00,2602.00,17.00,617.00,313.00,16.00,40.00,0.00,,79.00,0.00,13431.00,,,,,,1.84,0.25,1918.22,1,6,694,19790,DL,Delta Air Lines Inc.,DL,Delta Air Lines Inc.,10260,L,3,3,2023,1
2522.31,97.29,460.33,1031.08,41.47,0.00,6880.69,0.00,1054.56,14.02,59.33,291.12,0.00,225.26,0.00,0.00,12677.45,901.03,8.22,363.46,-67.37,0.00,0.00,0.00,12.24,0.00,136.83,0.00,1354.41,579.76,1934.17,0.00,0.00,0.00,0.00,0.00,154.91,,0.00,,14766.53,,,,,,1.01,0.22,1573.17,1,6,625,20377,X9,Omni Air International LLC,X9,Omni Air International LLC,16736,I,2,2,2023,1
2533.71,,161.18,287.84,,,10952.63,,2.81,,,517.24,,207.61,173.84,,14836.86,232.48,2.31,2550.89,1.12,,602.21,21.70,,,,,3410.70,550.34,3961.04,140.60,1173.97,122.38,28.04,155.91,,,,,20418.81,,,,,,2.26,0.23,3318.79,1,6,626,19977,UA,United Air Lines Inc.,UA,United Air Lines Inc.,0A875,D,3,3,2023,1
2557.42,0.00,0.00,92.60,21.35,,4457.67,7.93,145.65,2.31,30.55,790.82,0.00,262.95,105.54,6.54,8481.32,512.09,0.00,1006.33,0.00,,412.52,2513.75,0.00,,0.00,,4444.69,770.23,5214.92,,340.37,72.88,22.92,,,,13.34,,14145.74,,,,,,1.14,0.42,1393.65,2,6,622,19917,5X,United Parcel Service,5X,United Parcel Service,16911,A,3,3,2023,1
2576.11,1046.83,182.48,239.86,0.00,,4379.63,0.00,1213.66,0.00,312.42,0.00,0.00,296.28,0.00,4565.42,14812.68,1117.24,0.00,0.00,0.00,,2764.09,0.00,0.00,0.00,0.00,0.00,3881.33,0.00,3881.33,0.00,1046.47,531.25,0.00,0.00,0.00,,0.00,,20271.73,,,,,,2.60,0.84,2408.47,1,6,617,21161,09Q,"Swift Air, LLC d/b/a Eastern Air Lines d/b/a Eastern",09Q,"Swift Air, LLC d/b/a Eastern Air Lines d/b/a Eastern",01130,D,2,2,2023,1
2751.49,,260.00,386.11,,,11782.52,,3.05,,,561.69,,225.45,544.08,,16514.41,250.76,2.51,3600.50,9889.80,,1676.54,14.60,,,,,15434.71,1176.47,16611.18,241.25,1810.30,943.26,135.01,550.40,,,,,36805.80,,,,,,2.46,0.28,3700.76,1,6,887,19977,UA,United Air Lines Inc.,UA,United Air Lines Inc.,0A875,D,3,3,2023,1
2752.37,682.46,0.00,0.00,0.00,,7628.84,0.00,0.00,77.91,145.55,0.00,0.00,521.87,0.00,4659.59,16468.61,977.03,120.04,1049.67,717.14,,1652.28,82.21,0.00,0.00,0.00,0.00,4598.36,0.00,4598.36,0.00,0.00,0.00,0.00,0.00,0.00,,0.00,,21066.97,,,,,,2.65,0.09,1293.33,1,6,641,21979,3FQ,"Western Air Charter, Inc.  d/b/a  Jet Edge",3FQ,"Western Air Charter, Inc.  d/b/a  Jet Edge",01235,D,2,2,2023,1
2799.40,0.00,676.33,1868.45,640.44,0.00,9720.56,22.42,29.95,6.60,246.19,127.48,0.00,200.73,0.00,2141.09,18479.64,1291.89,0.00,0.00,0.00,0.00,1142.84,4.50,0.00,0.00,0.00,0.00,2439.23,0.00,2439.23,,0.00,0.00,0.00,0.00,2.44,,0.00,,20921.31,,,,,,2.97,0.43,2655.24,2,6,626,20151,M6,Amerijet International,M6,Amerijet International,06052,D,2,2,2023,1
2840.71,0.00,686.31,1896.02,649.89,0.00,9864.00,22.75,30.39,6.70,249.82,129.37,0.00,203.70,0.00,2168.48,18748.12,1310.96,0.00,0.00,0.00,0.00,1153.01,4.50,0.00,0.00,0.00,0.00,2468.47,0.00,2468.47,,0.00,0.00,0.00,0.00,2.48,,0.00,,21219.06,,,,,,3.01,0.43,2695.24,2,6,626,20151,M6,Amerijet International,M6,Amerijet International,16052,L,2,2,2023,1
2848.52,0.00,225.25,231.40,0.00,0.00,10157.05,10.48,1444.95,0.00,17.06,737.94,0.00,234.60,192.90,0.00,16100.15,614.69,152.72,690.40,1040.04,0.00,434.98,279.61,0.00,0.00,0.00,0.00,3212.44,1481.31,4693.75,75.51,831.00,156.44,70.83,0.00,115.28,,92.54,,22135.49,,,,,,3.27,0.50,3191.79,1,6,694,19805,AA,American Airlines Inc.,AA,American Airlines Inc.,10050,L,3,3,2023,1
2851.00,,761.00,,,,6951.00,,,,,,,,477.00,316.00,11356.00,0.00,0.00,25.00,21.00,,456.00,543.00,395.00,,0.00,,1440.00,5017.00,6457.00,,2237.00,427.00,33.00,5.00,,,,,20515.00,,,,,,1.55,0.35,2591.15,2,6,626,20107,FX,Federal Express Corporation,FX,Federal Express Corporation,16196,A,3,3,2023,1
2924.80,,275.20,409.84,,,13276.36,,4.28,,,597.07,,239.65,583.76,,18310.96,266.56,2.67,797.96,1.29,,523.52,21.28,,,,,1613.27,681.15,2294.43,13.22,2000.33,449.02,11.62,33.45,,,,,23113.03,,,,,,2.63,0.18,4067.51,1,6,889,19977,UA,United Air Lines Inc.,UA,United Air Lines Inc.,0A875,D,3,3,2023,1
2927.00,0.00,73.00,174.00,0.00,0.00,6338.00,12.00,293.00,0.00,34.00,538.00,0.00,225.00,245.00,0.00,10859.00,404.00,6.00,494.00,274.00,0.00,221.00,31.00,0.00,0.00,0.00,0.00,1430.00,468.00,1898.00,1.00,194.00,717.00,53.00,49.00,19.00,,61.00,0.00,13851.00,,,,,,2.40,0.30,2060.67,1,6,838,19393,WN,Southwest Airlines Co.,WN,Southwest Airlines Co.,11033,L,3,3,2023,1
2958.22,,218.72,349.98,,,10289.45,,2.89,,,603.90,,242.39,232.90,,14898.44,140.76,1.80,537.37,0.94,,312.30,15.23,,,,,1008.40,451.77,1460.16,8.92,1348.80,302.77,7.84,22.55,,,,,18049.48,,,,,,1.69,0.12,3028.86,1,6,889,19977,UA,United Air Lines Inc.,UA,United Air Lines Inc.,10876,L,3,3,2023,1
2975.15,,94.11,1153.56,,,13314.61,,269.61,,100.06,354.10,,217.66,,,18478.86,2692.81,453.91,1313.98,2392.33,,689.31,2034.85,,,,,9577.19,1387.93,10965.11,,471.30,857.85,308.32,170.34,0.00,1807.80,,,31251.77,,,,,,1.91,0.29,6455.59,2,8,819,20370,KAQ,Kalitta Air LLC,KAQ,Kalitta Air LLC,06683,D,3,3,2023,1
3035.00,0.00,12.00,209.00,0.00,0.00,7738.00,13.00,473.00,0.00,16.00,826.00,0.00,166.00,286.00,5.00,12779.00,438.00,20.00,669.00,796.00,0.00,89.00,85.00,0.00,0.00,0.00,0.00,2097.00,492.00,2589.00,11.00,703.00,253.00,54.00,0.00,19.00,,0.00,,16408.00,,,,,,2.74,0.28,2415.00,1,6,721,19930,AS,Alaska Airlines Inc.,AS,Alaska Airlines Inc.,16031,L,3,3,2023,1
3107.62,0.00,304.01,0.21,5.24,0.00,13933.78,0.00,7052.42,0.00,11.87,501.11,0.00,534.32,357.25,4.49,25812.32,589.74,0.00,323.30,251.04,0.00,75.91,0.00,0.00,0.00,0.00,0.00,1239.98,1273.02,2513.00,0.00,0.00,0.08,62.46,0.00,205.10,,0.00,,28592.96,,,,,,5.96,0.49,3823.37,1,6,722,20436,F9,Frontier Airlines Inc.,F9,Frontier Airlines Inc.,16461,L,3,3,2023,1
3225.08,0.00,0.00,116.78,26.93,,15748.11,10.01,575.64,2.91,96.56,997.27,0.00,331.59,74.92,8.24,21214.04,645.78,0.00,1114.07,0.00,,492.98,1800.47,0.00,,0.00,,4053.30,971.32,5024.62,,1604.24,373.96,92.24,,,,16.82,,28325.91,,,,,,1.63,0.21,5433.06,2,8,819,19917,5X,United Parcel Service,5X,United Parcel Service,16911,A,3,3,2023,1
3225.59,1420.73,100.46,0.00,0.00,0.00,36518.98,1825.95,17882.42,0.00,0.00,1059.44,0.00,478.50,0.00,11087.10,73599.18,958.29,239.57,0.00,0.00,0.00,376.78,94.20,0.00,0.00,0.00,0.00,1668.84,0.00,1668.84,0.00,0.00,0.00,310.53,0.00,0.00,,555.01,,76133.56,,,,,,3.46,0.09,11476.26,2,8,819,20405,N8,National Air Cargo Group Inc d/ba National Airlines,N8,National Air Cargo Group Inc d/ba National Airlines,11049,I,2,2,2023,1
3386.55,,48.03,1341.04,0.00,,6632.31,,0.00,,0.00,809.99,,293.52,,109.46,12620.88,165.23,,1839.49,,,588.02,87.62,15.92,,,,2696.28,1274.07,3970.35,,1670.37,410.54,155.59,0.00,0.00,,0.00,0.00,18827.73,,,,,,1.36,0.32,2081.24,1,6,626,20007,5Y,Atlas Air Inc.,5Y,Atlas Air Inc.,16087,I,3,3,2023,1
3389.83,195.86,746.38,1242.50,47.79,0.00,14583.65,0.00,5354.83,28.22,117.62,376.56,0.00,295.29,0.00,0.00,26378.51,1813.99,16.54,990.32,0.00,0.00,0.00,0.00,0.00,0.00,0.00,0.00,2820.85,1184.49,4005.33,0.00,0.00,0.00,0.00,0.00,882.94,,0.00,,31266.78,,,,,,1.56,0.25,3612.80,1,6,627,20377,X9,Omni Air International LLC,X9,Omni Air International LLC,16736,I,2,2,2023,1
3390.00,0.00,127.00,208.00,0.00,0.00,10051.00,0.00,358.00,0.00,15.00,725.00,0.00,142.00,0.00,8.00,15024.00,172.00,66.00,331.00,636.00,0.00,479.00,198.00,0.00,0.00,0.00,0.00,1882.00,739.00,2621.00,17.00,621.00,315.00,16.00,40.00,0.00,,80.00,0.00,18734.00,,,,,,1.86,0.20,3404.11,1,6,624,19790,DL,Delta Air Lines Inc.,DL,Delta Air Lines Inc.,01260,D,3,3,2023,1
3396.22,0.00,270.68,1228.09,0.00,0.00,9352.48,2.06,0.00,0.00,698.72,235.78,0.00,228.47,0.00,0.00,15412.51,1176.41,0.00,299.50,0.00,0.00,511.70,0.00,0.00,0.00,0.00,0.00,1987.61,0.00,1987.61,0.00,3383.47,1246.99,700.30,0.00,0.00,,0.00,,22730.88,,,,,,0.93,0.97,2299.84,2,7,740,21629,KD,Western Global,KD,Western Global,11042,I,2,2,2023,1
3572.68,0.00,0.00,0.00,-0.06,0.00,2958.75,0.00,1836.16,0.00,256.24,0.00,0.00,0.00,0.00,263.17,8886.95,1410.49,0.00,2293.02,822.04,0.00,229.35,0.00,0.00,0.00,0.00,0.00,4754.89,0.00,4754.89,0.00,1294.55,61.60,139.53,13.13,0.00,,0.00,,15150.65,,,,,,1.55,0.18,1819.81,2,6,626,20108,NC,Northern Air Cargo Inc.,NC,Northern Air Cargo Inc.,06721,D,2,2,2023,1
3681.00,0.00,139.00,229.00,0.00,0.00,12192.00,0.00,394.00,0.00,17.00,797.00,0.00,156.00,0.00,9.00,17614.00,189.00,72.00,364.00,700.00,0.00,527.00,218.00,0.00,0.00,0.00,0.00,2070.00,812.00,2882.00,18.00,683.00,347.00,18.00,44.00,0.00,,88.00,0.00,21694.00,,,,,,2.04,0.18,4128.99,1,6,687,19790,DL,Delta Air Lines Inc.,DL,Delta Air Lines Inc.,01260,D,3,3,2023,1
3747.00,0.00,93.00,223.00,0.00,0.00,8115.00,16.00,374.00,0.00,43.00,688.00,0.00,288.00,313.00,0.00,13900.00,517.00,9.00,633.00,352.00,0.00,284.00,40.00,0.00,0.00,0.00,0.00,1835.00,599.00,2434.00,0.00,248.00,918.00,67.00,0.00,24.00,,0.00,0.00,17591.00,,,,,,3.07,0.38,2638.15,1,6,614,19393,WN,Southwest Airlines Co.,WN,Southwest Airlines Co.,11033,L,3,3,2023,1
3790.00,0.00,191.00,313.00,0.00,0.00,14997.00,0.00,538.00,0.00,23.00,1089.00,0.00,213.00,0.00,12.00,21166.00,259.00,98.00,497.00,956.00,0.00,720.00,298.00,0.00,0.00,0.00,0.00,2828.00,1110.00,3938.00,25.00,933.00,474.00,24.00,60.00,0.00,,120.00,0.00,26740.00,,,,,,2.79,0.22,5079.25,1,6,339,19790,DL,Delta Air Lines Inc.,DL,Delta Air Lines Inc.,01260,D,3,3,2023,1
3797.00,0.00,186.00,306.00,0.00,0.00,7744.00,0.00,525.00,0.00,22.00,1064.00,0.00,208.00,0.00,11.00,13863.00,253.00,96.00,485.00,934.00,0.00,703.00,291.00,0.00,0.00,0.00,0.00,2762.00,1084.00,3846.00,24.00,912.00,463.00,23.00,59.00,0.00,,117.00,0.00,19307.00,,,,,,2.72,0.41,2622.60,1,6,698,19790,DL,Delta Air Lines Inc.,DL,Delta Air Lines Inc.,10260,L,3,3,2023,1
3800.00,0.00,141.00,233.00,0.00,0.00,12457.00,0.00,399.00,0.00,17.00,809.00,0.00,158.00,0.00,9.00,18023.00,192.00,73.00,369.00,710.00,0.00,535.00,221.00,0.00,0.00,0.00,0.00,2100.00,824.00,2924.00,19.00,693.00,352.00,18.00,44.00,0.00,,89.00,0.00,22162.00,,,,,,2.07,0.19,4218.89,1,6,359,19790,DL,Delta Air Lines Inc.,DL,Delta Air Lines Inc.,10260,L,3,3,2023,1
3814.68,0.00,38.43,84.61,10.05,0.00,9545.12,0.00,1715.91,1.83,80.25,690.45,0.00,282.93,269.58,0.00,16533.82,720.72,0.00,209.21,109.99,0.00,163.56,455.36,0.00,0.00,0.00,0.00,1658.84,0.00,1658.84,0.00,884.22,79.61,13.20,0.00,0.00,,330.84,,19500.53,,,,,,3.29,0.35,2864.50,1,6,694,20416,NK,Spirit Air Lines,NK,Spirit Air Lines,16831,L,3,3,2023,1
3930.24,0.00,0.00,142.31,32.81,,6850.55,12.19,223.84,3.55,46.95,1215.33,0.00,404.10,162.20,10.04,13034.10,786.98,0.00,1546.53,0.00,,633.96,3863.14,0.00,,0.00,,6830.60,1183.70,8014.30,,523.08,112.00,35.22,,,,20.49,,21739.19,,,,,,1.80,0.65,2116.33,2,6,622,19917,5X,United Parcel Service,5X,United Parcel Service,16912,L,3,3,2023,1
4083.66,0.00,41.14,90.58,10.75,0.00,10218.17,0.00,1836.91,1.96,85.90,739.13,0.00,302.88,288.59,0.00,17699.67,771.53,0.00,223.97,117.75,0.00,175.10,487.47,0.00,0.00,0.00,0.00,1775.81,0.00,1775.81,0.00,946.57,85.22,14.13,0.00,0.00,,354.17,,20875.57,,,,,,3.52,0.38,3066.49,1,6,698,20416,NK,Spirit Air Lines,NK,Spirit Air Lines,16831,L,3,3,2023,1
4275.00,0.00,210.00,345.00,1.00,0.00,9867.00,0.00,593.00,0.00,25.00,1201.00,0.00,235.00,0.00,13.00,16765.00,285.00,108.00,547.00,1054.00,0.00,794.00,328.00,0.00,0.00,0.00,0.00,3116.00,1223.00,4339.00,28.00,1029.00,522.00,26.00,66.00,0.00,,132.00,0.00,22907.00,,,,,,3.07,0.34,3341.58,1,6,699,19790,DL,Delta Air Lines Inc.,DL,Delta Air Lines Inc.,10260,L,3,3,2023,1
4316.75,0.00,1389.60,619.85,0.00,0.00,0.00,0.00,2347.36,0.00,0.00,295.84,0.00,508.20,0.00,0.00,9477.60,843.85,26.10,777.90,20.57,0.00,221.48,110.98,0.00,0.00,0.00,942.17,2943.04,1077.74,4020.78,93.63,0.00,0.00,0.49,0.00,0.00,,0.00,,13592.50,,,,,,4.55,2.10,2885.53,1,6,677,20398,MQ,Envoy Air,MQ,Envoy Air,06820,D,3,3,2023,1
4344.00,0.00,17.00,299.00,0.00,0.00,11078.00,18.00,677.00,0.00,23.00,1182.00,0.00,238.00,410.00,7.00,18294.00,628.00,28.00,958.00,1140.00,0.00,127.00,122.00,0.00,0.00,0.00,0.00,3002.00,704.00,3707.00,16.00,1006.00,362.00,78.00,0.00,27.00,,0.00,,23489.00,,,,,,3.92,0.40,3457.00,1,6,614,19930,AS,Alaska Airlines Inc.,AS,Alaska Airlines Inc.,16031,L,3,3,2023,1
4347.00,0.00,1153.00,1634.00,165.00,,7613.00,,130.00,13.00,17.00,0.00,,518.00,335.00,-3453.00,12472.00,2972.00,330.00,225.00,202.00,,2740.00,2972.00,1652.00,,1107.00,,12200.00,42507.00,54707.00,,772.00,771.00,129.00,42.00,,,,,68893.00,,,,,,1.80,0.35,4297.52,2,7,740,20107,FX,Federal Express Corporation,FX,Federal Express Corporation,16196,A,3,3,2023,1
4719.44,0.00,47.55,104.68,12.43,0.00,11809.02,0.00,2122.89,2.26,99.28,854.21,0.00,350.03,333.52,0.00,20455.31,891.65,0.00,258.84,136.08,0.00,202.36,563.36,0.00,0.00,0.00,0.00,2052.29,0.00,2052.29,0.00,1093.94,98.49,16.32,0.00,0.00,,409.31,,24125.66,,,,,,4.07,0.44,3543.90,1,6,699,20416,NK,Spirit Air Lines,NK,Spirit Air Lines,16831,L,3,3,2023,1
5012.14,,462.44,692.95,,,20010.80,,5.56,,,1023.19,,410.69,251.64,,27869.40,456.79,4.57,5352.57,3168.76,,1500.45,3.76,,,,,10486.90,1587.32,12074.22,307.45,1824.80,1064.32,406.65,148.29,,,,,43695.13,,,,,,3.66,0.43,6181.09,1,6,624,19977,UA,United Air Lines Inc.,UA,United Air Lines Inc.,0A875,D,3,3,2023,1
5037.04,0.00,0.00,0.00,-0.09,0.00,4171.47,0.00,2588.76,0.00,361.27,0.00,0.00,0.00,0.00,371.04,12529.50,1988.61,0.00,3232.87,1158.98,0.00,323.35,0.00,0.00,0.00,0.00,0.00,6703.80,0.00,6703.80,0.00,1825.15,86.85,196.72,18.51,0.00,,0.00,,21360.52,,,,,,2.18,0.25,2565.71,2,6,626,20108,NC,Northern Air Cargo Inc.,NC,Northern Air Cargo Inc.,11041,I,2,2,2023,1
5177.58,,363.56,617.04,,,12318.27,,6.14,,,1056.96,,424.24,465.79,0.02,20429.58,204.93,,315.79,-2.94,,340.96,7.94,,,,,866.68,1094.93,1961.61,13.83,2316.50,664.50,1.68,20.90,,,,,25408.60,,,,,,2.24,0.19,4183.07,1,6,837,19977,UA,United Air Lines Inc.,UA,United Air Lines Inc.,10877,P,3,3,2023,1
5469.84,0.00,771.87,439.93,276.42,0.00,23797.75,0.51,4212.41,0.00,75.78,989.85,0.00,522.88,669.83,9.61,37236.69,238.25,14.51,3719.45,3159.75,0.00,464.33,0.00,0.00,0.00,0.00,0.00,7596.27,-1634.88,5961.40,75.21,1293.52,658.80,28.52,18.74,92.80,,372.45,0.00,45738.13,,,,,,7.87,0.48,14975.75,1,6,696,19690,HA,Hawaiian Airlines Inc.,HA,Hawaiian Airlines Inc.,15375,P,3,3,2023,1
5511.00,0.00,21.00,380.00,0.00,0.00,14054.00,23.00,859.00,0.00,29.00,1500.00,0.00,302.00,520.00,9.00,23208.00,796.00,35.00,1215.00,1446.00,0.00,161.00,155.00,0.00,0.00,0.00,0.00,3809.00,893.00,4702.00,20.00,1276.00,459.00,99.00,0.00,34.00,,0.00,,29798.00,,,,,,4.98,0.51,4385.00,1,6,888,19930,AS,Alaska Airlines Inc.,AS,Alaska Airlines Inc.,16031,L,3,3,2023,1
5657.98,109.97,129.91,1630.36,201.51,0.00,69.99,0.00,1352.14,10.31,127.29,2631.95,0.00,599.07,0.00,0.00,12520.47,4266.77,0.00,2029.20,2560.62,0.00,2416.50,433.31,0.00,0.00,0.00,0.00,11706.41,0.00,11706.41,0.00,510.51,779.91,0.00,223.36,0.00,,0.00,0.00,25740.65,,,,,,4.98,1.13,8431.47,2,6,625,20453,ABX,ABX Air Inc,ABX,ABX Air Inc,80006,D,2,2,2023,1
5811.71,112.96,133.44,1674.66,206.98,0.00,71.89,0.00,1388.88,10.59,130.75,2703.46,0.00,615.35,0.00,0.00,12860.66,4382.70,0.00,2084.33,2630.20,0.00,2482.16,445.09,0.00,0.00,0.00,0.00,12024.48,0.00,12024.48,0.00,524.39,801.10,0.00,229.43,0.00,,0.00,0.00,26440.05,,,,,,5.11,0.66,8660.56,2,6,626,20453,ABX,ABX Air Inc,ABX,ABX Air Inc,80006,D,2,2,2023,1
5942.16,,361.83,639.49,,,3150.80,,1882.51,,,1213.04,,486.89,12.21,,13688.94,424.51,5.42,229.89,34.82,,345.47,-2.26,,,,,1037.84,1253.51,2291.35,0.82,1071.12,247.13,0.45,0.36,,,,,17300.16,,,,,,1.36,0.12,995.11,1,6,839,19977,UA,United Air Lines Inc.,UA,United Air Lines Inc.,10876,L,3,3,2023,1
5977.00,0.00,261.00,430.00,1.00,0.00,19005.00,0.00,738.00,0.00,31.00,1494.00,0.00,292.00,0.00,16.00,28245.00,355.00,135.00,681.00,1311.00,0.00,988.00,408.00,0.00,0.00,0.00,0.00,3878.00,1522.00,5400.00,34.00,1280.00,650.00,33.00,82.00,0.00,,165.00,0.00,35889.00,,,,,,3.83,0.40,6436.61,1,6,626,19790,DL,Delta Air Lines Inc.,DL,Delta Air Lines Inc.,10260,L,3,3,2023,1
6217.54,284.12,0.00,642.14,0.00,0.00,17170.33,27.17,409.23,330.72,81.62,884.68,0.00,508.82,0.00,27.75,26584.12,1154.10,0.00,1428.49,45.43,0.00,336.61,50.16,0.00,0.00,0.00,-81.24,2933.54,383.76,3317.31,0.00,544.03,1556.47,515.15,0.00,0.00,,991.15,,33508.22,,,,,,6.34,1.01,5754.15,1,6,614,20422,SY,Sun Country Airlines d/b/a MN Airlines,SY,Sun Country Airlines d/b/a MN Airlines,16795,L,2,2,2023,1
6249.54,0.00,306.79,467.04,7.05,0.00,19002.86,0.00,37.41,0.27,10.14,2423.39,0.00,630.48,420.96,1551.34,31107.27,668.50,0.00,475.90,192.08,0.00,62.58,6.23,0.00,0.00,0.00,0.00,1405.29,1191.29,2596.58,1.55,900.59,224.26,0.00,6.11,93.54,,0.00,,34929.89,,,,,,5.91,0.55,5584.81,1,6,721,20409,B6,JetBlue Airways,B6,JetBlue Airways,06673,D,3,3,2023,1
6311.00,0.00,229.00,376.00,1.00,0.00,19990.00,0.00,646.00,0.00,28.00,1308.00,0.00,256.00,0.00,14.00,29159.00,310.00,118.00,596.00,1147.00,0.00,864.00,357.00,0.00,0.00,0.00,0.00,3392.00,1332.00,4724.00,30.00,1120.00,569.00,29.00,72.00,0.00,,144.00,0.00,35847.00,,,,,,3.35,0.29,6770.08,1,6,687,19790,DL,Delta Air Lines Inc.,DL,Delta Air Lines Inc.,10260,L,3,3,2023,1
6322.00,0.00,1050.00,1633.00,12.00,,8127.00,,17.00,59.00,117.00,5902.00,,664.00,299.00,1544.00,25746.00,0.00,0.00,121.00,,,1257.00,185.00,2298.00,,1809.00,,5670.00,19755.00,25425.00,,4429.00,3015.00,287.00,143.00,,,,,59045.00,,,,,,2.44,1.42,2956.00,2,6,622,20107,FX,Federal Express Corporation,FX,Federal Express Corporation,16196,A,3,3,2023,1
6323.84,0.00,399.02,2.38,5.26,0.00,16280.98,0.00,7491.67,0.00,22.86,960.74,0.00,535.03,496.52,11.89,32530.17,603.34,0.00,481.93,287.92,0.00,214.83,0.00,0.00,0.00,0.00,0.00,1588.03,2108.74,3696.77,0.00,0.00,0.15,120.31,0.00,377.65,,0.00,,36725.05,,,,,,4.65,0.49,4088.01,1,6,721,20436,F9,Frontier Airlines Inc.,F9,Frontier Airlines Inc.,06460,D,3,3,2023,1
6328.90,0.00,310.69,472.97,7.14,0.00,7061.82,0.00,37.89,0.27,10.27,2454.16,0.00,638.49,426.30,1571.04,19319.93,676.99,0.00,481.94,194.52,0.00,63.37,6.31,0.00,0.00,0.00,0.00,1423.13,1143.29,2566.42,1.57,912.02,227.11,0.00,6.19,94.73,,0.00,,23127.97,,,,,,5.98,0.56,2075.42,1,6,721,20409,B6,JetBlue Airways,B6,JetBlue Airways,10875,A,3,3,2023,1
6379.60,168.12,0.00,1927.54,0.00,0.00,24.01,41.79,98.00,0.00,235.10,911.48,0.00,528.61,0.00,18.89,10333.15,784.17,0.00,1244.40,23.80,0.00,432.89,50.49,0.00,0.00,0.00,0.00,2535.76,2133.52,4669.27,0.00,0.00,0.00,0.00,0.00,0.00,,0.00,,15002.42,,,,,,6.53,1.08,5690.46,2,6,614,20422,SY,Sun Country Airlines d/b/a MN Airlines,SY,Sun Country Airlines d/b/a MN Airlines,06795,D,2,2,2023,1
6444.15,,875.76,1135.95,,,30151.79,,219.34,,,1315.52,,528.02,1057.56,,41728.09,587.30,5.87,4536.06,2.85,,1224.61,12.05,,,,,6368.75,2494.59,8863.34,64.86,5458.63,1652.64,50.67,77.00,,,,,57895.22,,,,,,4.07,0.34,9407.71,1,6,637,19977,UA,United Air Lines Inc.,UA,United Air Lines Inc.,0A875,D,3,3,2023,1
6606.00,0.00,25.00,451.00,0.00,0.00,16743.00,30.00,14063.00,0.00,66.00,1779.00,0.00,362.00,599.00,10.00,40734.00,1542.00,69.00,2525.00,2629.00,0.00,312.00,299.00,0.00,0.00,0.00,0.00,7376.00,1730.00,9106.00,51.00,-703.00,-90.00,191.00,0.00,525.00,,0.00,,49815.00,,,,,,5.90,0.62,5134.00,1,6,721,19930,AS,Alaska Airlines Inc.,AS,Alaska Airlines Inc.,06031,D,3,3,2023,1
6636.00,0.00,241.00,396.00,1.00,0.00,19105.00,0.00,680.00,0.00,29.00,1377.00,0.00,269.00,0.00,15.00,28749.00,327.00,124.00,628.00,1208.00,0.00,910.00,376.00,0.00,0.00,0.00,0.00,3573.00,1403.00,4976.00,32.00,1180.00,599.00,30.00,76.00,0.00,,152.00,0.00,35794.00,,,,,,3.53,0.37,6470.41,1,6,624,19790,DL,Delta Air Lines Inc.,DL,Delta Air Lines Inc.,10260,L,3,3,2023,1
6792.19,0.00,539.06,553.99,0.00,0.00,20231.62,25.05,3443.00,0.00,40.67,1762.81,0.00,561.28,390.94,0.00,34340.62,1469.67,364.89,1651.51,2485.81,0.00,1044.62,675.52,0.00,0.00,0.00,0.00,7692.03,3518.64,11210.67,179.91,1980.93,372.95,168.85,0.00,274.61,,219.15,,48747.68,,,,,,4.23,0.41,6401.04,1,6,887,19805,AA,American Airlines Inc.,AA,American Airlines Inc.,10052,P,3,3,2023,1
6814.71,0.00,537.00,551.12,0.00,0.00,21188.01,25.41,3469.48,0.00,40.91,1768.15,0.00,561.57,396.86,0.00,35353.22,1474.53,367.14,1651.47,2487.63,0.00,1045.83,662.85,0.00,0.00,0.00,0.00,7689.45,3581.30,11270.75,181.63,1991.57,374.99,169.83,0.00,276.84,,224.12,,49842.95,,,,,,3.46,0.31,6617.11,1,6,889,19805,AA,American Airlines Inc.,AA,American Airlines Inc.,10050,L,3,3,2023,1
6834.00,0.00,1825.00,0.00,0.00,,17344.00,,0.00,0.00,0.00,0.00,,0.00,1120.00,1684.00,28807.00,0.00,0.00,56.00,46.00,,377.00,232.00,874.00,,0.00,,1585.00,3579.00,5164.00,,4955.00,945.00,72.00,10.00,,,,,39953.00,,,,,,3.44,0.74,5568.06,2,6,626,20107,FX,Federal Express Corporation,FX,Federal Express Corporation,16195,L,3,3,2023,1
6903.30,0.00,70.99,2429.36,197.75,0.00,0.00,7.01,5449.22,53.25,111.69,860.75,0.00,588.55,140.75,7.97,16820.59,2710.72,0.00,1557.12,99.46,0.00,226.56,15.35,0.00,0.00,0.00,0.00,4609.21,0.00,4609.21,0.00,0.00,0.00,0.00,69.81,0.00,,0.00,0.00,21499.61,,,,,,3.81,1.53,1500.00,1,6,629,20363,9E,Endeavor Air Inc.,9E,Endeavor Air Inc.,07024,D,2,2,2023,1
7105.00,0.00,27.00,489.00,0.00,0.00,16866.00,35.00,126.00,0.00,12.00,1907.00,0.00,389.00,584.00,11.00,27553.00,1188.00,53.00,3657.00,313.00,0.00,240.00,231.00,0.00,0.00,0.00,0.00,5682.00,1333.00,7015.00,41.00,2372.00,374.00,193.00,0.00,0.00,,0.00,,37547.00,,,,,,6.34,0.78,5436.00,1,6,612,19930,AS,Alaska Airlines Inc.,AS,Alaska Airlines Inc.,06031,D,3,3,2023,1
7170.89,,906.11,1200.15,,,34097.90,,17.02,,,1463.88,,587.57,1705.76,,47149.28,653.53,,848.06,-8.40,,960.84,22.08,,,,,2476.10,2218.48,4694.57,38.30,6416.66,1840.65,4.65,57.90,,,,,60202.01,,,,,,6.17,0.53,10654.53,1,6,837,19977,UA,United Air Lines Inc.,UA,United Air Lines Inc.,0A875,D,3,3,2023,1
7254.74,279.82,1324.03,2776.60,89.63,0.00,13352.89,0.00,5866.42,40.32,274.80,837.38,0.00,647.89,0.00,0.00,32744.52,2591.58,23.63,1604.90,0.00,0.00,0.00,0.00,35.32,0.00,429.61,0.00,4685.04,1614.44,6299.48,0.00,0.00,0.00,0.00,0.00,445.56,,0.00,,39489.55,,,,,,2.34,0.70,3985.53,1,6,626,20377,X9,Omni Air International LLC,X9,Omni Air International LLC,16736,I,2,2,2023,1
7345.00,0.00,287.00,472.00,1.00,0.00,25269.00,0.00,811.00,0.00,35.00,1641.00,0.00,321.00,0.00,18.00,36200.00,390.00,148.00,748.00,1441.00,0.00,1085.00,448.00,0.00,0.00,0.00,0.00,4260.00,1672.00,5932.00,38.00,1407.00,714.00,36.00,90.00,0.00,,181.00,0.00,44598.00,,,,,,4.20,0.39,8557.91,1,6,359,19790,DL,Delta Air Lines Inc.,DL,Delta Air Lines Inc.,01260,D,3,3,2023,1
7345.72,0.00,0.00,265.99,61.33,,35869.26,22.79,1311.13,6.63,219.93,2271.48,0.00,755.27,170.64,18.77,48318.93,1470.88,0.00,2537.51,0.00,,1122.85,4100.91,0.00,,0.00,,9232.15,2212.36,11444.51,,3653.96,851.76,210.09,,,,38.30,,64517.54,,,,,,3.59,0.47,11662.30,2,8,819,19917,5X,United Parcel Service,5X,United Parcel Service,16913,P,3,3,2023,1
7372.06,,310.27,680.48,,,20393.56,,302.03,,,1504.94,,604.05,167.84,,31335.24,526.66,6.72,14590.74,110.17,,882.01,25.74,,,,,16142.03,2346.92,18488.95,125.37,361.44,2119.99,69.84,136.67,,,,,52637.49,,,,,,8.27,0.89,5824.25,1,6,612,19977,UA,United Air Lines Inc.,UA,United Air Lines Inc.,10876,L,3,3,2023,1
7375.93,0.00,583.54,599.36,0.00,0.00,17786.41,27.29,3745.12,0.00,44.21,1913.49,0.00,608.55,338.09,0.00,33021.99,1595.20,396.50,1790.31,2695.85,0.00,1132.10,726.18,0.00,0.00,0.00,0.00,8336.14,3843.17,12179.31,195.83,2152.84,405.32,183.53,0.00,298.77,,239.89,,48677.48,,,,,,6.02,0.56,5589.51,1,6,721,19805,AA,American Airlines Inc.,AA,American Airlines Inc.,10050,L,3,3,2023,1
7406.28,0.00,584.92,600.57,0.00,0.00,26155.22,27.50,3765.12,0.00,44.43,1921.57,0.00,610.76,493.95,0.00,41610.32,1602.22,398.55,1796.49,2705.54,0.00,1136.87,725.35,0.00,0.00,0.00,0.00,8365.02,3873.91,12238.93,196.98,2162.95,407.24,184.41,0.00,300.39,,242.08,,57343.30,,,,,,4.63,0.45,8196.76,1,6,887,19805,AA,American Airlines Inc.,AA,American Airlines Inc.,10050,L,3,3,2023,1
7559.65,0.00,0.00,273.73,63.11,,36913.86,23.45,1349.32,6.82,226.34,2337.63,0.00,777.26,175.61,19.32,49726.10,1513.71,0.00,2611.40,0.00,,1155.55,4220.34,0.00,,0.00,,9501.01,2276.79,11777.80,,3760.37,876.57,216.20,,,,39.42,,66396.46,,,,,,3.63,0.49,11592.37,2,8,819,19917,5X,United Parcel Service,5X,United Parcel Service,06910,D,3,3,2023,1
7743.67,0.00,0.00,280.40,64.65,,18580.69,24.02,1752.53,6.99,170.56,2394.53,0.00,796.18,229.75,19.79,32063.76,1550.56,0.00,1620.94,0.00,,952.73,3963.34,0.00,,0.00,,8087.57,2332.21,10419.78,,1411.24,251.06,72.43,,,,40.38,,44258.65,,,,,,3.57,0.64,5606.02,2,6,626,19917,5X,United Parcel Service,5X,United Parcel Service,16913,P,3,3,2023,1
8136.91,0.00,513.42,3.06,6.76,0.00,20948.80,0.00,9639.56,0.00,29.41,1236.19,0.00,688.43,638.87,15.29,41856.70,776.32,0.00,620.10,370.47,0.00,276.43,0.00,0.00,0.00,0.00,0.00,2043.32,2713.33,4756.65,0.00,0.00,0.20,154.81,0.00,485.92,,0.00,,47254.27,,,,,,8.00,0.89,7413.01,1,6,694,20436,F9,Frontier Airlines Inc.,F9,Frontier Airlines Inc.,06460,D,3,3,2023,1
8312.58,,491.53,882.44,,,26870.34,,6.15,,,1696.94,,681.12,27.20,,38968.29,398.98,5.05,2376.05,2.65,,1388.08,105.63,,,,,4276.44,1650.50,5926.94,307.52,2567.70,267.67,61.34,341.01,,,,,48440.47,,,,,,4.76,0.51,8022.77,1,6,626,19977,UA,United Air Lines Inc.,UA,United Air Lines Inc.,10876,L,3,3,2023,1
8664.00,0.00,0.00,313.72,72.33,,20789.00,26.88,1960.82,7.82,190.83,2679.12,0.00,890.81,257.05,22.14,35874.53,1734.85,0.00,1813.59,0.00,,1065.96,4434.38,0.00,,0.00,,9048.77,2609.40,11658.17,,1578.96,280.90,81.04,,,,45.18,,49518.77,,,,,,4.08,0.72,6576.48,2,6,626,19917,5X,United Parcel Service,5X,United Parcel Service,16912,L,3,3,2023,1
8814.12,0.00,694.51,712.75,0.00,0.00,38089.39,32.89,4488.18,0.00,52.92,2287.26,0.00,726.44,712.20,0.00,56610.65,1907.62,475.01,2136.24,3217.73,0.00,1353.40,857.32,0.00,0.00,0.00,0.00,9947.32,4634.04,14581.36,234.98,2576.11,485.07,219.68,0.00,358.13,,289.99,,75355.97,,,,,,4.21,0.45,11885.53,1,6,637,19805,AA,American Airlines Inc.,AA,American Airlines Inc.,10050,L,3,3,2023,1
8980.91,,715.57,1104.47,,,40830.90,,123.01,,,1833.38,,735.88,565.29,,54889.39,428.80,137.11,1343.44,3310.28,,738.02,365.17,,,,,6322.82,1837.68,8160.50,335.30,3742.44,1701.14,82.72,545.69,,,,,69457.17,,,,,,5.14,0.47,11988.40,1,6,627,19977,UA,United Air Lines Inc.,UA,United Air Lines Inc.,10876,L,3,3,2023,1
9218.76,0.00,452.55,688.94,10.40,0.00,27278.00,0.00,55.62,0.40,-23.83,3574.77,0.00,930.03,447.81,2288.40,44921.83,986.11,0.00,702.76,283.34,0.00,92.31,9.20,0.00,0.00,0.00,0.00,2073.71,1665.50,3739.21,2.29,1328.46,330.81,0.00,9.01,137.98,,0.00,,50469.58,,,,,,8.71,0.76,8016.81,1,6,699,20409,B6,JetBlue Airways,B6,JetBlue Airways,16673,L,3,3,2023,1
9357.00,0.00,36.00,642.00,0.00,0.00,25126.00,32.00,-37.00,0.00,17.00,2517.00,0.00,513.00,963.00,14.00,39182.00,1051.00,47.00,2302.00,1211.00,0.00,213.00,204.00,0.00,0.00,0.00,0.00,5028.00,1179.00,6208.00,42.00,2971.00,842.00,200.00,0.00,-4.00,,0.00,,49441.00,,,,,,8.36,1.02,7936.00,1,6,634,19930,AS,Alaska Airlines Inc.,AS,Alaska Airlines Inc.,06031,D,3,3,2023,1
9499.28,0.00,2005.38,575.53,0.00,0.00,19756.01,1.29,1201.96,0.00,43.33,1213.50,45.69,1001.47,1270.86,24.87,36639.17,4344.25,221.91,5506.13,10217.47,0.00,1056.98,5.18,0.00,0.00,0.00,0.00,21351.91,2208.13,23560.04,473.61,264.24,637.15,167.50,16.54,10.87,,262.37,0.00,62031.48,,,,,,6.32,1.71,6866.99,1,6,608,19690,HA,Hawaiian Airlines Inc.,HA,Hawaiian Airlines Inc.,05375,D,3,3,2023,1
9771.94,0.00,894.69,1088.81,0.00,0.00,0.00,0.00,19013.99,0.00,178.57,359.98,0.00,936.46,0.00,1015.89,33260.33,3352.45,0.00,4704.07,0.00,0.00,824.94,34.68,0.00,0.00,0.00,0.00,8916.14,3933.82,12849.96,0.00,0.00,61.67,75.71,0.00,0.00,,0.00,0.00,46247.66,,,,,,10.73,6.03,6883.40,1,6,530,20500,G7,GoJet Airlines LLC d/b/a United Express,G7,GoJet Airlines LLC d/b/a United Express,07041,D,2,2,2023,1
9874.23,0.00,3178.60,1417.86,0.00,0.00,0.00,0.00,5369.40,0.00,0.00,676.70,0.00,1162.48,0.00,0.00,21679.26,1930.24,59.70,1779.38,47.05,0.00,506.62,253.85,0.00,0.00,0.00,2155.14,6731.98,2465.23,9197.21,214.17,0.00,0.00,1.11,0.00,0.00,,0.00,,31091.76,,,,,,10.42,4.80,6600.43,1,6,675,20398,MQ,Envoy Air,MQ,Envoy Air,06820,D,3,3,2023,1
10450.15,0.00,222.11,1703.95,0.00,0.00,76.57,0.00,215.57,0.00,0.00,1621.30,0.00,896.84,0.00,71.35,15257.84,2877.72,0.00,2538.78,4040.86,0.00,1960.18,0.00,0.00,0.00,0.00,0.00,11417.53,1150.76,12568.30,0.00,4028.29,158.03,173.35,0.00,3.36,,401.08,,32590.24,,,,,,14.03,5.58,8881.65,1,6,677,20452,YX,Republic Airline,YX,Republic Airline,06003,D,3,3,2023,1
10469.14,,148.47,4145.67,0.00,,124.94,,0.00,,0.00,2503.99,,907.37,,338.38,18637.95,510.79,,5686.59,,,1817.81,270.88,49.20,,,,8335.27,3938.64,12273.91,,41.84,0.00,480.98,0.00,0.00,,0.00,0.00,31434.68,,,,,,7.04,1.34,9665.80,2,6,626,20007,5Y,Atlas Air Inc.,5Y,Atlas Air Inc.,16087,I,3,3,2023,1
10609.03,0.00,835.41,857.50,0.00,0.00,34772.26,39.36,5397.45,0.00,63.67,2749.18,0.00,872.76,650.13,0.00,56846.74,2291.00,570.26,2567.34,3868.78,0.00,1620.63,1028.36,0.00,0.00,0.00,0.00,11946.37,5568.74,17515.11,282.43,3099.31,583.52,264.25,0.00,430.72,,348.77,,79370.85,,,,,,6.84,0.66,10854.90,1,6,887,19805,AA,American Airlines Inc.,AA,American Airlines Inc.,0A050,D,3,3,2023,1
10891.72,0.00,534.67,813.96,12.28,0.00,32228.24,0.00,65.35,0.47,4.42,4223.49,0.00,1098.80,733.65,2703.68,53310.74,1165.07,0.00,829.65,334.75,0.00,109.06,10.87,0.00,0.00,0.00,0.00,2449.40,1967.59,4416.99,2.71,1569.55,390.84,0.00,10.65,163.02,,0.00,,59864.48,,,,,,10.29,0.97,9471.66,1,6,721,20409,B6,JetBlue Airways,B6,JetBlue Airways,16673,L,3,3,2023,1
10925.38,,115.77,3662.64,,,45.14,,2550.00,,173.65,1300.34,,799.30,,,19572.23,2133.98,0.00,1125.77,1390.40,,580.54,0.00,,,,,5230.70,3031.88,8262.57,,0.00,521.70,895.32,18.40,0.00,1435.42,,,29270.22,,,,,,5.47,0.45,14044.53,2,6,683,20370,KAQ,Kalitta Air LLC,KAQ,Kalitta Air LLC,16683,I,3,3,2023,1
10992.19,0.00,864.77,887.58,0.00,0.00,48905.08,40.73,5592.81,0.00,65.98,2846.82,0.00,903.38,915.35,0.00,72014.68,2371.68,590.42,2657.62,4005.80,0.00,1675.42,1061.75,0.00,0.00,0.00,0.00,12362.70,5774.10,18136.80,292.64,3211.30,604.59,273.79,0.00,446.35,,361.91,,95342.05,,,,,,6.28,0.65,15271.75,1,6,627,19805,AA,American Airlines Inc.,AA,American Airlines Inc.,0A050,D,3,3,2023,1
11112.00,0.00,2967.00,,0.00,,23825.00,,,,,,,,1825.00,2929.00,42658.00,,,90.00,74.00,,491.00,196.00,1409.00,,,,2260.00,1944.00,4204.00,,7990.00,1524.00,117.00,17.00,,,,,56510.00,,,,,,5.55,1.22,9043.91,2,6,626,20107,FX,Federal Express Corporation,FX,Federal Express Corporation,16197,P,3,3,2023,1
11115.98,0.00,878.78,902.17,0.00,0.00,43162.05,41.53,5655.42,0.00,66.71,2888.57,0.00,918.66,817.56,0.00,66447.42,2410.64,599.82,2701.26,4066.03,0.00,1716.17,1093.81,0.00,0.00,0.00,0.00,12587.73,5821.20,18408.93,296.02,3247.69,611.54,276.95,0.00,451.16,,363.36,,90103.06,,,,,,14.74,2.11,13537.43,1,6,698,19805,AA,American Airlines Inc.,AA,American Airlines Inc.,10050,L,3,3,2023,1
11158.41,0.00,2835.67,1738.30,217.62,0.00,64.93,37.53,4139.75,5.55,97.91,1555.80,0.00,1109.23,0.00,28.21,22988.92,1922.50,0.00,13260.34,502.17,0.00,4423.94,46.16,0.00,0.00,0.00,675.85,20830.95,4609.22,25440.17,0.00,2329.46,2424.76,311.66,45.30,0.00,,0.00,,53540.27,,,,,,15.17,4.59,7610.58,1,6,629,20046,ZW,Air Wisconsin Airlines Corp,ZW,Air Wisconsin Airlines Corp,06024,D,2,2,2023,1
11323.80,,610.49,1190.45,,,25466.07,,12.57,,,2311.66,,927.85,5.14,,41848.04,1032.75,10.32,3163.54,65.94,,648.10,-4.16,,,,,4916.48,2835.83,7752.31,,,10.30,,,,,337.38,,49948.02,,,,,,9.69,1.04,8036.33,1,6,634,19977,UA,United Air Lines Inc.,UA,United Air Lines Inc.,0A875,D,3,3,2023,1
11657.52,0.00,927.13,952.81,0.00,0.00,34367.32,43.22,5910.85,0.00,69.81,3030.90,0.00,966.01,666.61,0.00,58592.17,2529.28,627.93,2841.54,4274.13,0.00,1804.88,1168.89,0.00,0.00,0.00,0.00,13246.66,6035.10,19281.76,308.96,3400.51,640.27,289.89,0.00,471.35,,375.16,,83360.07,,,,,,5.91,0.52,10888.37,1,6,889,19805,AA,American Airlines Inc.,AA,American Airlines Inc.,10049,A,3,3,2023,1
11835.28,0.00,119.24,262.51,31.17,0.00,29614.34,0.00,5323.73,5.67,248.96,2142.16,0.00,877.79,836.40,0.00,51297.24,2236.06,0.00,649.10,341.26,0.00,507.46,1412.78,0.00,0.00,0.00,0.00,5146.67,0.00,5146.67,0.00,2743.36,246.98,40.94,0.00,0.00,,1026.47,,60501.65,,,,,,10.20,1.10,8887.30,1,6,722,20416,NK,Spirit Air Lines,NK,Spirit Air Lines,16831,L,3,3,2023,1
12337.85,0.00,0.00,446.75,103.00,,60320.24,38.27,5189.90,11.13,528.45,3815.17,0.00,1268.54,106.55,31.53,84197.39,2470.48,0.00,695.23,0.00,,1383.87,5143.53,0.00,,0.00,,9693.12,3715.88,13408.99,,3255.25,1477.25,205.50,,,,64.33,,102608.72,,,,,,5.95,0.58,19355.40,2,8,821,19917,5X,United Parcel Service,5X,United Parcel Service,06910,D,3,3,2023,1
12465.00,0.00,373.00,613.00,1.00,0.00,32828.00,1.00,1053.00,1.00,45.00,2132.00,0.00,417.00,0.00,23.00,49952.00,506.00,193.00,972.00,1871.00,0.00,1410.00,582.00,0.00,0.00,0.00,0.00,5534.00,2172.00,7706.00,49.00,1827.00,927.00,47.00,117.00,0.00,,235.00,0.00,60860.00,,,,,,5.46,0.50,11118.22,1,6,359,19790,DL,Delta Air Lines Inc.,DL,Delta Air Lines Inc.,10261,A,3,3,2023,1
12509.98,0.00,986.69,1012.85,0.00,0.00,37698.73,46.53,6364.41,0.00,75.07,3245.37,0.00,1031.03,708.40,0.00,63679.07,2706.04,673.46,3032.45,4567.60,0.00,1919.12,1220.09,0.00,0.00,0.00,0.00,14118.76,6559.84,20678.61,333.07,3654.72,688.13,311.62,0.00,507.82,,410.28,,90263.31,,,,,,6.59,0.59,11789.57,1,6,889,19805,AA,American Airlines Inc.,AA,American Airlines Inc.,0A050,D,3,3,2023,1
12655.74,0.00,997.27,1023.71,0.00,0.00,39606.37,46.96,6437.52,0.00,75.94,3280.49,0.00,1041.72,742.13,0.00,65907.85,2734.12,680.45,3064.33,4617.04,0.00,1935.48,1229.77,0.00,0.00,0.00,0.00,14261.20,6637.40,20898.60,336.84,3696.93,696.04,315.20,0.00,513.69,,415.48,,92780.64,,,,,,6.30,0.56,12373.09,1,6,889,19805,AA,American Airlines Inc.,AA,American Airlines Inc.,10052,P,3,3,2023,1
12811.24,,810.91,1438.29,,,39524.22,,9.48,,,2615.31,,1049.73,57.31,,58316.48,609.61,7.79,9246.85,5399.97,,2481.24,6.13,,,,,17751.57,2257.92,20009.50,523.91,3109.52,1813.63,692.94,252.68,,,,,84718.65,,,,,,7.31,0.90,12347.49,1,6,624,19977,UA,United Air Lines Inc.,UA,United Air Lines Inc.,10874,A,3,3,2023,1
13254.56,,1315.07,1895.26,,,58219.02,,300.76,,,2705.80,,1086.05,355.60,,79132.12,630.70,8.06,6350.24,4.22,,1604.10,16.41,,,,,8613.73,2505.58,11119.31,88.94,7485.00,2266.13,69.48,105.58,,,,,100266.56,,,,,,7.55,0.65,18649.59,1,6,637,19977,UA,United Air Lines Inc.,UA,United Air Lines Inc.,10874,A,3,3,2023,1
13497.15,351.35,622.86,515.20,0.00,0.00,45147.56,0.00,1406.60,0.00,518.41,2123.73,0.00,974.33,0.00,876.26,66033.45,4247.40,0.00,82.23,128.28,0.00,3338.36,336.08,0.00,0.00,0.00,0.00,8132.35,3221.86,11354.21,0.00,4967.11,3298.16,1516.36,0.00,0.00,,1522.62,,88691.90,,,,,,14.97,3.15,13203.87,1,6,698,20368,G4,Allegiant Air,G4,Allegiant Air,06035,D,3,3,2023,1
13538.00,0.00,2072.00,4850.00,355.00,,38800.00,,2351.00,30.00,,2036.00,,1658.00,1395.00,1314.00,68399.00,32.00,4.00,37.00,874.00,,1232.00,837.00,1813.00,,108.00,,4937.00,3586.00,8523.00,,6696.00,3273.00,263.00,58.00,,,,,87212.00,,,,,,6.23,0.66,13946.08,2,6,683,20107,FX,Federal Express Corporation,FX,Federal Express Corporation,06200,D,3,3,2023,1
13570.29,0.00,139.70,3559.10,18.25,,140.22,0.00,1918.05,6.35,0.00,618.80,0.00,1305.18,0.00,121.90,21397.82,4152.51,1038.13,3994.55,7300.74,,551.16,137.79,0.00,0.00,0.00,0.00,17174.88,0.00,17174.88,0.00,4136.91,130.61,115.62,0.00,97.17,,0.00,,43053.01,,,,,,22.09,3.84,14327.04,1,6,673,20378,YV,Mesa Airlines Inc.,YV,Mesa Airlines Inc.,06689,D,2,2,2023,1
13733.12,0.00,495.36,2498.11,236.60,,7.76,0.00,1688.59,245.49,0.00,531.89,0.00,1315.98,0.00,-23.12,20729.76,3485.43,871.36,6073.66,108.25,,270.97,67.74,0.00,0.00,0.00,0.00,10877.42,0.00,10877.42,0.00,4916.11,3246.30,1214.41,0.00,521.85,,0.00,,41505.85,,,,,,11.17,1.98,6894.90,1,6,638,20378,YV,Mesa Airlines Inc.,YV,Mesa Airlines Inc.,06689,D,2,2,2023,1
13877.88,0.00,508.29,1899.81,0.00,0.00,1059.62,0.00,6.50,47.29,33.87,1546.17,0.00,1107.77,290.03,184.22,20561.44,2888.60,0.00,5385.28,2752.82,0.00,3288.85,416.63,0.00,0.00,0.00,0.00,14732.17,2134.95,16867.12,0.00,1244.24,727.77,0.00,0.00,13.02,,0.00,,39413.59,,,,,,14.72,3.96,10099.76,1,6,638,20304,OO,SkyWest Airlines Inc.,OO,SkyWest Airlines Inc.,06700,D,3,3,2023,1
13998.08,0.00,0.00,506.86,116.87,,33587.97,43.42,3168.02,12.63,308.32,4328.55,0.00,1439.24,415.31,35.77,57961.06,2802.92,0.00,2930.15,0.00,,1722.23,7164.45,0.00,,0.00,,14619.74,4215.90,18835.64,,2551.06,453.84,130.93,,,,72.99,,80005.51,,,,,,6.58,1.16,10753.02,2,6,626,19917,5X,United Parcel Service,5X,United Parcel Service,16911,A,3,3,2023,1
14081.63,,825.53,1490.50,,,34076.10,,1350.98,,,2874.64,-68.21,1153.82,196.03,,55981.03,1005.99,12.84,3165.04,572.07,,941.02,45.19,,,,,5742.14,3382.24,9124.38,102.11,1635.62,1671.12,42.51,92.35,,,216.63,,68865.75,,,,,,12.12,1.33,9838.59,1,6,614,19977,UA,United Air Lines Inc.,UA,United Air Lines Inc.,10876,L,3,3,2023,1
14123.91,0.00,1114.39,1143.66,0.00,0.00,58622.51,52.88,7193.30,0.00,84.81,3669.36,0.00,1166.15,1100.83,0.00,88271.81,3062.20,762.48,3428.62,5162.15,0.00,2178.10,1381.12,0.00,0.00,0.00,0.00,15974.67,7423.02,23397.68,376.69,4128.52,777.42,352.10,0.00,573.92,,463.95,,118342.08,,,,,,7.69,0.79,18320.67,1,6,627,19805,AA,American Airlines Inc.,AA,American Airlines Inc.,10050,L,3,3,2023,1
14232.00,0.00,3774.00,5348.00,540.00,,39553.00,,425.00,44.00,55.00,0.00,,1696.00,1626.00,6180.00,73473.00,9729.00,1081.00,737.00,662.00,,2897.00,445.00,5408.00,,3625.00,,24584.00,21151.00,45735.00,,2528.00,2524.00,421.00,137.00,,,,,124818.00,,,,,,5.89,1.11,14943.16,2,7,740,20107,FX,Federal Express Corporation,FX,Federal Express Corporation,16197,P,3,3,2023,1
14330.41,0.00,3798.65,892.97,112.88,0.00,35534.15,2.26,3092.45,0.00,266.70,7703.66,0.00,1543.98,2375.69,29.85,69683.64,1369.67,78.74,1066.89,4996.47,0.00,846.87,75.94,0.00,0.00,0.00,0.00,8434.57,4521.74,12956.31,137.22,6525.47,936.18,77.24,77.61,0.00,,2210.33,0.00,92603.99,,,,,,13.43,1.62,11853.61,1,6,721,19690,HA,Hawaiian Airlines Inc.,HA,Hawaiian Airlines Inc.,05375,D,3,3,2023,1
14454.00,0.00,448.00,737.00,1.00,0.00,35277.00,1.00,1266.00,1.00,54.00,2562.00,0.00,501.00,0.00,27.00,55329.00,608.00,232.00,1168.00,2249.00,0.00,1694.00,700.00,0.00,0.00,0.00,0.00,6651.00,2610.00,9261.00,59.00,2196.00,1114.00,57.00,141.00,0.00,,282.00,0.00,68439.00,,,,,,6.56,0.52,11947.66,1,6,339,19790,DL,Delta Air Lines Inc.,DL,Delta Air Lines Inc.,10262,P,3,3,2023,1
14621.00,0.00,731.00,1202.00,2.00,0.00,38916.00,1.00,2064.00,1.00,88.00,4179.00,0.00,818.00,0.00,45.00,62668.00,992.00,378.00,1905.00,3667.00,0.00,2763.00,1142.00,0.00,0.00,0.00,0.00,10847.00,4257.00,15104.00,96.00,3581.00,1817.00,92.00,230.00,0.00,,461.00,0.00,84049.00,,,,,,10.70,1.62,13179.83,1,6,622,19790,DL,Delta Air Lines Inc.,DL,Delta Air Lines Inc.,10260,L,3,3,2023,1
15012.97,0.00,26.88,1052.43,14.25,0.00,34682.00,0.00,137.87,0.49,97.39,5740.84,0.00,1518.91,674.84,2880.71,61839.57,1220.08,0.00,1916.48,4418.80,0.00,396.14,46.92,0.00,0.00,0.00,0.00,7998.41,2170.90,10169.31,63.17,4906.84,1487.59,218.44,84.59,1559.21,,0.00,,80328.71,,,,,,10.78,1.25,10192.80,1,6,724,20409,B6,JetBlue Airways,B6,JetBlue Airways,06673,D,3,3,2023,1
15168.00,0.00,719.00,1181.00,2.00,0.00,22620.00,1.00,2029.00,1.00,87.00,4108.00,0.00,804.00,0.00,44.00,46764.00,975.00,371.00,1873.00,3605.00,0.00,2716.00,1122.00,0.00,0.00,0.00,0.00,10662.00,4185.00,14847.00,94.00,3520.00,1787.00,91.00,226.00,0.00,,453.00,0.00,67782.00,,,,,,10.52,1.32,7660.90,1,6,724,19790,DL,Delta Air Lines Inc.,DL,Delta Air Lines Inc.,01260,D,3,3,2023,1
15179.00,0.00,727.00,1195.00,2.00,0.00,41852.00,1.00,2052.00,1.00,88.00,4155.00,0.00,813.00,0.00,44.00,66109.00,987.00,376.00,1894.00,3647.00,0.00,2747.00,1135.00,0.00,0.00,0.00,0.00,10786.00,4233.00,15019.00,96.00,3561.00,1807.00,92.00,229.00,0.00,,458.00,0.00,87371.00,,,,,,10.64,1.44,14174.28,1,6,623,19790,DL,Delta Air Lines Inc.,DL,Delta Air Lines Inc.,01260,D,3,3,2023,1
15317.70,,810.58,1581.59,,,35551.35,,8.50,,,3126.98,,1255.10,447.51,,58099.30,546.65,6.98,9277.87,27528.79,,4580.79,40.55,,,,,41981.63,2869.31,44850.94,671.52,5039.01,2625.60,375.80,1532.07,,,,,113194.22,,,,,,6.55,0.77,10780.64,1,6,887,19977,UA,United Air Lines Inc.,UA,United Air Lines Inc.,10874,A,3,3,2023,1
15327.95,0.00,204.20,7196.80,1358.75,0.00,1443.50,59.13,1188.06,338.34,1.24,2725.60,0.00,1447.83,0.00,175.45,31466.86,7174.74,0.00,18751.66,748.64,0.00,1878.45,0.00,2905.75,0.00,3875.94,0.00,35335.18,8306.67,43641.85,0.00,631.19,0.00,2365.52,0.00,0.00,,0.00,,78105.41,,,,,,18.75,3.08,29474.89,2,6,626,19874,8C,Air Transport International,8C,Air Transport International,06029,D,2,2,2023,1
15372.00,0.00,763.00,1255.00,2.00,0.00,31815.00,1.00,2155.00,1.00,92.00,4364.00,0.00,854.00,0.00,47.00,56721.00,1036.00,394.00,1989.00,3830.00,0.00,2885.00,1192.00,0.00,0.00,0.00,0.00,11326.00,4445.00,15771.00,100.00,3740.00,1898.00,96.00,240.00,0.00,,481.00,0.00,79047.00,,,,,,11.17,1.50,10774.93,1,6,614,19790,DL,Delta Air Lines Inc.,DL,Delta Air Lines Inc.,10260,L,3,3,2023,1
16197.84,0.00,0.00,586.52,135.23,,79191.86,50.25,6813.60,14.61,693.78,5008.77,0.00,1665.42,139.89,41.39,110539.16,3243.39,0.00,912.74,0.00,,1816.82,6752.72,0.00,,0.00,,12725.68,4878.42,17604.10,,4273.69,1939.42,269.79,,,,84.46,,134710.61,,,,,,8.11,0.76,27915.98,2,8,821,19917,5X,United Parcel Service,5X,United Parcel Service,16911,A,3,3,2023,1
16270.58,,1285.85,2064.74,,,53149.72,,18.06,,,3321.50,,1333.18,2477.70,,79921.33,1482.85,70.06,6281.55,7098.51,,4071.78,185.97,,,,,19190.72,4933.81,24124.53,296.70,1548.10,1150.14,15.79,179.40,,,6055.64,,113291.62,,,,,,14.02,1.89,16829.05,1,6,623,19977,UA,United Air Lines Inc.,UA,United Air Lines Inc.,0A875,D,3,3,2023,1
16611.37,0.00,1048.13,6.24,13.81,0.00,42766.63,0.00,19679.02,0.00,60.04,2523.66,0.00,1405.42,1304.24,31.22,85449.78,1584.85,0.00,1265.92,756.31,0.00,564.32,0.00,0.00,0.00,0.00,0.00,4171.41,5539.21,9710.62,0.00,0.00,0.41,316.04,0.00,992.00,,0.00,,96468.84,,,,,,12.94,1.42,13868.20,1,6,699,20436,F9,Frontier Airlines Inc.,F9,Frontier Airlines Inc.,06460,D,3,3,2023,1
16794.75,891.60,0.00,2150.10,0.00,0.00,55055.06,99.27,1379.60,807.91,292.56,2385.94,0.00,1368.33,0.00,84.68,81309.79,3820.98,0.00,5318.87,169.11,0.00,1251.46,143.86,0.00,0.00,0.00,-302.41,10401.87,1180.38,11582.24,0.00,1987.17,5718.35,1917.63,0.00,0.00,,3689.55,,106204.73,,,,,,17.09,2.62,15298.87,1,6,614,20422,SY,Sun Country Airlines d/b/a MN Airlines,SY,Sun Country Airlines d/b/a MN Airlines,06795,D,2,2,2023,1
16842.50,,825.91,1650.59,,,37459.52,,962.91,,,3438.25,-23.71,1380.04,898.86,,63434.86,1202.88,15.35,7816.57,6540.09,,2888.24,1062.98,,,,,19526.12,4346.21,23872.32,603.54,2519.54,1385.83,222.80,2937.34,,,,,94976.22,,,,,,14.46,1.80,11176.53,1,6,694,19977,UA,United Air Lines Inc.,UA,United Air Lines Inc.,10876,L,3,3,2023,1
17011.90,0.00,647.21,2307.57,0.00,,2.11,0.00,0.00,0.00,109.20,548.98,0.00,1514.91,0.00,925.96,23067.84,5578.48,0.00,3130.36,5553.01,,11291.15,0.00,0.00,0.00,0.00,0.00,25552.99,4163.47,29716.46,0.00,0.00,0.00,326.48,0.00,28.51,,0.00,,53139.29,,,,,,20.37,5.22,9483.29,1,6,675,20445,C5,CommuteAir LLC dba CommuteAir,C5,CommuteAir LLC dba CommuteAir,06944,D,2,2,2023,1
17038.00,0.00,608.00,999.00,2.00,0.00,50752.00,1.00,1716.00,1.00,73.00,3475.00,0.00,680.00,0.00,37.00,75382.00,825.00,314.00,1584.00,3050.00,0.00,2298.00,949.00,0.00,0.00,0.00,0.00,9020.00,3540.00,12560.00,80.00,2978.00,1511.00,77.00,191.00,0.00,,383.00,0.00,93162.00,,,,,,8.90,0.90,17188.71,1,6,696,19790,DL,Delta Air Lines Inc.,DL,Delta Air Lines Inc.,10261,A,3,3,2023,1
17372.00,0.00,0.00,592.00,0.00,0.00,0.00,0.00,-5.00,0.00,0.00,3879.00,0.00,1193.00,0.00,25.00,23056.00,6522.00,290.00,3584.00,6564.00,0.00,529.00,508.00,0.00,0.00,0.00,0.00,17996.00,-7000.00,10996.00,41.00,6510.00,3275.00,296.00,0.00,0.00,,0.00,,44176.00,,,,,,16.59,2.94,10031.00,1,6,673,19687,QX,Horizon Air,QX,Horizon Air,06580,D,2,2,2023,1
17542.00,0.00,435.00,1045.00,0.00,0.00,37986.00,73.00,1753.00,0.00,203.00,3223.00,0.00,1348.00,1466.00,0.00,65074.00,2422.00,38.00,2961.00,1646.00,0.00,1328.00,185.00,0.00,0.00,0.00,0.00,8580.00,2806.00,11386.00,2.00,1162.00,4298.00,316.00,355.00,114.00,,447.00,0.00,83154.00,,,,,,14.37,1.80,12349.59,1,6,612,19393,WN,Southwest Airlines Co.,WN,Southwest Airlines Co.,11033,L,3,3,2023,1
17652.25,0.00,1393.90,1430.95,0.00,0.00,44115.42,65.79,8980.16,0.00,105.93,4582.97,0.00,1456.75,832.97,0.00,80617.09,3822.89,951.29,4284.09,6450.80,0.00,2716.08,1729.25,0.00,0.00,0.00,0.00,19954.39,9248.90,29203.29,469.99,5157.03,971.02,439.74,0.00,716.46,,577.89,,118152.51,,,,,,16.71,1.85,13820.81,1,6,838,19805,AA,American Airlines Inc.,AA,American Airlines Inc.,10050,L,3,3,2023,1
17729.29,0.00,1402.30,1440.20,0.00,0.00,56702.51,65.70,9005.11,0.00,106.29,4600.37,0.00,1462.99,1078.24,0.00,93592.99,3835.69,953.58,4303.68,6480.27,0.00,2723.13,1744.61,0.00,0.00,0.00,0.00,20040.97,9246.33,29287.30,470.94,5175.59,974.44,441.24,0.00,718.39,,577.22,,131238.11,,,,,,15.99,1.90,17821.38,1,6,699,19805,AA,American Airlines Inc.,AA,American Airlines Inc.,10050,L,3,3,2023,1
17751.54,0.00,1401.33,1439.00,0.00,0.00,46846.04,65.65,9018.89,0.00,106.44,4601.20,0.00,1462.02,884.55,0.00,83576.68,3834.36,953.55,4301.36,6479.84,0.00,2715.22,1734.45,0.00,0.00,0.00,0.00,20018.79,9274.66,29293.45,471.66,5182.58,975.72,441.81,0.00,719.60,,579.90,,121241.40,,,,,,17.42,1.93,14682.90,1,6,838,19805,AA,American Airlines Inc.,AA,American Airlines Inc.,0A050,D,3,3,2023,1
19675.87,0.00,1555.82,1597.34,0.00,0.00,79392.67,73.43,10007.77,0.00,118.05,5112.24,0.00,1625.95,1506.54,0.00,120665.68,4265.99,1061.32,4781.26,7197.02,0.00,3036.37,1937.14,0.00,0.00,0.00,0.00,22279.10,10296.30,32575.39,523.77,5747.85,1082.31,490.14,0.00,798.36,,642.62,,162526.12,,,,,,24.57,3.78,24922.15,1,6,694,19805,AA,American Airlines Inc.,AA,American Airlines Inc.,0A050,D,3,3,2023,1
21637.11,,1974.82,2934.12,,,70999.25,,34.23,,,4417.03,,1772.90,872.28,,104641.73,1029.57,,1918.59,-16.38,,1815.85,44.22,,,,,4791.86,3754.92,8546.77,77.04,12907.55,3702.59,9.36,116.46,,,,,130001.50,,,,,,12.33,1.06,22184.85,1,6,837,19977,UA,United Air Lines Inc.,UA,United Air Lines Inc.,10874,A,3,3,2023,1
23114.77,0.00,232.87,512.70,60.87,0.00,57837.98,0.00,10397.46,11.07,486.24,4183.73,0.00,1714.37,1633.51,0.00,100185.56,4367.12,0.00,1267.72,666.50,0.00,991.09,2759.22,0.00,0.00,0.00,0.00,10051.65,0.00,10051.65,0.00,5357.88,482.36,79.95,0.00,0.00,,2004.73,,118162.14,,,,,,19.91,2.14,17357.26,1,6,698,20416,NK,Spirit Air Lines,NK,Spirit Air Lines,06830,D,3,3,2023,1
23268.64,,1786.34,2915.76,,,92845.48,,396.00,,,4750.09,,1906.59,1770.12,0.08,129639.09,920.98,10.61,8697.69,5.56,,2397.27,21.61,,,,,12053.72,3498.36,15552.09,117.10,9855.05,2983.68,91.47,139.01,,,,,158377.50,,,,,,11.71,0.99,31190.42,1,6,637,19977,UA,United Air Lines Inc.,UA,United Air Lines Inc.,10877,P,3,3,2023,1
23311.83,0.00,1839.02,1887.95,0.00,0.00,96744.29,86.59,11855.92,0.00,139.87,6046.26,0.00,1920.92,1820.29,0.00,145652.93,5040.74,1254.28,5650.20,8510.92,0.00,3573.46,2274.44,0.00,0.00,0.00,0.00,26304.03,12213.34,38517.37,620.34,6809.32,1282.06,580.58,0.00,945.98,,763.83,,195172.41,,,,,,11.36,1.22,30273.76,1,6,637,19805,AA,American Airlines Inc.,AA,American Airlines Inc.,10049,A,3,3,2023,1
23479.00,0.00,866.00,1423.00,2.00,0.00,68689.00,1.00,2445.00,1.00,104.00,4950.00,0.00,968.00,0.00,53.00,102981.00,1175.00,447.00,2256.00,4344.00,0.00,3273.00,1352.00,0.00,0.00,0.00,0.00,12847.00,5042.00,17889.00,114.00,4242.00,2153.00,109.00,272.00,0.00,,546.00,0.00,128306.00,,,,,,12.67,1.32,23263.41,1,6,624,19790,DL,Delta Air Lines Inc.,DL,Delta Air Lines Inc.,10261,A,3,3,2023,1
23633.46,0.00,0.00,855.76,197.31,,115544.93,73.31,9941.39,21.32,1012.27,7308.05,0.00,2429.93,204.10,60.40,161282.22,4732.27,0.00,1331.74,0.00,,2650.84,9852.56,0.00,,0.00,,18567.41,7117.85,25685.26,,6235.52,2829.72,393.64,,,,123.23,,196549.59,,,,,,11.61,1.11,38385.68,2,8,821,19917,5X,United Parcel Service,5X,United Parcel Service,16913,P,3,3,2023,1
24071.67,,761.39,9333.38,,,76045.19,,2181.40,,809.58,2865.03,,1761.03,,,117828.66,21787.32,3672.53,10631.29,19356.11,,5577.11,16463.80,,,,,77488.15,11229.59,88717.74,,3813.22,6940.78,2494.56,1378.17,0.00,14626.73,,,221173.12,,,,,,15.44,2.32,52231.63,2,8,819,20370,KAQ,Kalitta Air LLC,KAQ,Kalitta Air LLC,16683,I,3,3,2023,1
24200.21,,1449.32,2674.75,,,77017.26,,248.61,,,4940.27,,1982.92,1655.43,0.06,114168.81,960.80,277.10,11612.14,6689.99,,1456.64,650.01,,,,,21646.67,3492.16,25138.83,677.62,7563.36,3437.95,167.18,1102.83,,,,,152256.58,,,,,,11.19,0.99,25604.43,1,6,627,19977,UA,United Air Lines Inc.,UA,United Air Lines Inc.,10877,P,3,3,2023,1
24899.79,0.00,1969.56,2021.20,0.00,0.00,85567.86,93.98,12690.10,0.00,149.56,6485.23,0.00,2063.66,1620.85,0.00,137561.80,5419.50,1349.58,6064.60,9122.59,0.00,3876.01,2460.15,0.00,0.00,0.00,0.00,28292.42,13087.13,41379.55,664.92,7281.28,1371.30,621.13,0.00,1012.25,,816.02,,190708.24,,,,,,15.38,1.48,26826.30,1,6,887,19805,AA,American Airlines Inc.,AA,American Airlines Inc.,10049,A,3,3,2023,1
25389.60,0.00,0.00,919.35,211.97,,90034.12,78.76,0.00,22.91,503.97,7851.10,0.00,2610.49,2584.26,64.88,130271.40,5083.92,0.00,19756.87,0.00,,6659.15,31237.23,0.00,,0.00,,62737.17,7646.76,70383.93,,38049.63,14656.72,4156.40,,,,132.39,,257650.46,,,,,,11.32,3.65,26007.76,2,7,740,19917,5X,United Parcel Service,5X,United Parcel Service,06910,D,3,3,2023,1
25533.11,0.00,3603.08,2053.59,1290.30,0.00,111087.43,2.39,19663.46,0.00,353.73,4620.61,0.00,2440.81,3126.75,44.86,173820.12,1138.57,76.44,18168.94,14749.66,0.00,2481.93,0.00,0.00,0.00,0.00,0.00,36615.55,-6877.52,29738.03,351.07,6038.14,3075.25,133.14,87.47,433.20,,1738.59,0.00,215415.01,,,,,,17.01,1.68,31156.69,1,6,696,19690,HA,Hawaiian Airlines Inc.,HA,Hawaiian Airlines Inc.,05375,D,3,3,2023,1
25756.45,0.00,259.49,571.29,67.83,0.00,64448.03,0.00,11585.75,12.34,541.81,4661.87,0.00,1910.29,1820.20,0.00,111635.34,4866.22,0.00,1412.60,742.67,0.00,1104.36,3074.56,0.00,0.00,0.00,0.00,11200.40,0.00,11200.40,0.00,5970.21,537.49,89.09,0.00,0.00,,2233.84,,131666.38,,,,,,22.19,2.38,19340.95,1,6,699,20416,NK,Spirit Air Lines,NK,Spirit Air Lines,06830,D,3,3,2023,1
26359.00,0.00,948.00,1559.00,2.00,0.00,69043.00,1.00,2677.00,2.00,114.00,5420.00,0.00,1060.00,0.00,58.00,107243.00,1287.00,490.00,2471.00,4757.00,0.00,3584.00,1481.00,0.00,0.00,0.00,0.00,14070.00,5522.00,19592.00,125.00,4645.00,2357.00,120.00,298.00,0.00,,598.00,0.00,134978.00,,,,,,13.88,1.42,23383.32,1,6,626,19790,DL,Delta Air Lines Inc.,DL,Delta Air Lines Inc.,10261,A,3,3,2023,1
27510.94,0.00,2651.84,3214.53,0.00,0.00,0.00,0.00,9223.46,0.00,69.32,1745.96,0.00,2640.30,0.00,462.59,47518.94,3415.80,0.00,9544.33,5303.12,0.00,1681.24,0.00,0.00,0.00,0.00,0.00,19944.49,60.15,20004.64,1203.65,0.00,0.00,1441.77,0.00,334.20,,0.00,,70503.20,,,,,,16.46,3.94,10432.63,1,6,631,20397,OH,PSA Airlines Inc.,OH,PSA Airlines Inc.,07028,D,2,2,2023,1
27951.00,0.00,948.00,1558.00,2.00,0.00,74587.00,1.00,2676.00,2.00,114.00,5418.00,0.00,1060.00,0.00,58.00,114375.00,1287.00,490.00,2470.00,4755.00,0.00,3582.00,1480.00,0.00,0.00,0.00,0.00,14064.00,5520.00,19584.00,125.00,4643.00,2356.00,120.00,298.00,0.00,,597.00,0.00,142098.00,,,,,,13.87,1.10,25260.82,1,6,339,19790,DL,Delta Air Lines Inc.,DL,Delta Air Lines Inc.,10261,A,3,3,2023,1
29502.00,0.00,1422.00,2338.00,4.00,0.00,103506.00,2.00,4016.00,2.00,171.00,8131.00,0.00,1591.00,0.00,87.00,150772.00,1931.00,735.00,3707.00,7136.00,0.00,5376.00,2221.00,0.00,0.00,0.00,0.00,21106.00,8283.00,29389.00,187.00,6968.00,3536.00,179.00,447.00,0.00,,896.00,0.00,192374.00,,,,,,20.81,2.16,35055.17,1,6,626,19790,DL,Delta Air Lines Inc.,DL,Delta Air Lines Inc.,01260,D,3,3,2023,1
30373.00,0.00,1529.00,2514.00,4.00,0.00,58196.00,2.00,4318.00,3.00,184.00,8742.00,0.00,1710.00,0.00,93.00,107668.00,2076.00,790.00,3985.00,7672.00,0.00,5780.00,2388.00,0.00,0.00,0.00,0.00,22691.00,8906.00,31597.00,201.00,7492.00,3802.00,193.00,481.00,0.00,,964.00,0.00,152398.00,,,,,,22.38,2.13,19709.57,1,6,721,19790,DL,Delta Air Lines Inc.,DL,Delta Air Lines Inc.,01260,D,3,3,2023,1
30533.18,0.00,1092.93,4362.37,0.00,0.00,19418.54,0.00,4976.02,131.35,38.33,3191.09,0.00,2433.31,196.10,509.50,66882.71,4651.47,0.00,13652.72,8858.46,0.00,7925.30,162.07,0.00,0.00,0.00,0.00,35250.03,5834.69,41084.71,0.00,1245.14,3134.53,3110.47,0.00,668.58,,0.00,,116126.14,,,,,,28.95,15.30,14154.50,1,6,629,20304,OO,SkyWest Airlines Inc.,OO,SkyWest Airlines Inc.,06700,D,3,3,2023,1
30784.27,0.00,0.00,1114.69,257.01,,84169.83,95.50,503.74,27.77,1106.13,9519.26,0.00,3165.15,2288.69,78.67,133110.70,6164.12,0.00,15301.01,0.00,,5194.35,57597.99,0.00,,0.00,,84257.47,9271.51,93528.98,,18098.65,1954.65,626.52,,,,160.51,,247480.01,,,,,,13.71,4.66,23901.65,2,6,691,19917,5X,United Parcel Service,5X,United Parcel Service,06910,D,3,3,2023,1
31172.65,,1955.36,3507.58,,,95647.09,,750.95,,,6363.63,,2554.23,3731.04,,145682.53,2847.54,134.23,12352.34,14169.00,,10181.98,1061.41,,,,,40746.50,9363.70,50110.20,2277.01,3556.31,3496.66,507.16,1312.49,,,1128.37,,208070.73,,,,,,26.86,3.18,28785.83,1,6,622,19977,UA,United Air Lines Inc.,UA,United Air Lines Inc.,0A875,D,3,3,2023,1
31381.03,0.00,1540.49,2345.18,704.44,0.00,92855.42,0.00,5741.63,6.39,43.15,12168.64,0.00,3165.85,3074.45,8008.38,161035.04,3356.77,0.00,13293.70,16398.27,0.00,1514.33,126.09,0.00,0.00,0.00,0.00,34689.16,5942.43,40631.59,199.93,13120.95,3122.50,609.02,295.20,3427.38,,0.00,,222441.61,,,,,,29.66,3.18,27289.56,1,6,694,20409,B6,JetBlue Airways,B6,JetBlue Airways,16673,L,3,3,2023,1
31509.50,,1209.65,2881.80,,,59508.66,,1290.93,,,6432.39,,2581.83,1724.22,,107138.98,2873.71,28.72,68130.14,469.76,,3984.47,108.17,,,,,75594.96,7708.72,83303.68,535.84,1544.87,9061.20,298.52,584.14,,,,,202467.23,,,,,,25.12,2.71,17934.01,1,6,612,19977,UA,United Air Lines Inc.,UA,United Air Lines Inc.,0A875,D,3,3,2023,1
32553.11,0.00,3791.61,3031.74,0.00,0.00,0.00,93.46,6132.52,-78.05,14.54,1991.54,0.00,2983.52,0.00,3.39,50517.38,4824.90,0.00,4804.35,7788.84,0.00,1831.83,0.00,0.00,0.00,0.00,0.00,19249.93,10294.64,29544.57,705.57,0.00,0.00,888.19,0.00,0.00,,0.00,,81655.71,,,,,,21.54,4.59,10988.87,1,6,675,20427,PT,Piedmont Airlines,PT,Piedmont Airlines,06918,D,2,2,2023,1
32904.00,0.00,1631.00,2682.00,4.00,0.00,70083.00,2.00,4606.00,3.00,197.00,9326.00,0.00,1824.00,0.00,100.00,123362.00,2214.00,843.00,4251.00,8184.00,0.00,6166.00,2548.00,0.00,0.00,0.00,0.00,24206.00,9500.00,33706.00,214.00,7992.00,4056.00,206.00,513.00,0.00,,1028.00,0.00,171077.00,,,,,,23.87,3.22,23735.43,1,6,888,19790,DL,Delta Air Lines Inc.,DL,Delta Air Lines Inc.,10260,L,3,3,2023,1
33528.49,,4112.05,5527.72,,,186699.00,,688.87,,,6844.55,,2747.26,4842.76,,244990.70,3063.84,767.81,12127.65,18536.24,,4394.75,1847.91,,,,,40738.19,10138.71,50876.90,1877.64,20957.52,9526.29,463.23,3055.86,,,,,331748.13,,,,,,28.58,2.96,58185.79,1,6,627,19977,UA,United Air Lines Inc.,UA,United Air Lines Inc.,0A875,D,3,3,2023,1
34359.29,0.00,0.00,1244.14,286.85,,59889.49,106.59,1956.87,31.00,410.40,10624.74,0.00,3532.73,1417.96,87.81,113947.86,6879.97,0.00,13520.25,0.00,,5542.22,33772.64,0.00,,0.00,,59715.08,10348.22,70063.31,,4572.92,979.11,307.91,,,,179.15,,190050.26,,,,,,15.33,5.68,17043.63,2,6,622,19917,5X,United Parcel Service,5X,United Parcel Service,06910,D,3,3,2023,1
34553.00,0.00,5289.00,12380.00,906.00,,100883.00,,6030.00,75.00,,5196.00,,4233.00,3747.00,5172.00,178464.00,79.00,9.00,93.00,2189.00,,1973.00,394.00,4540.00,,272.00,,9549.00,33270.00,42819.00,,16769.00,8196.00,659.00,144.00,,,,,247051.00,,,,,,15.59,1.62,36833.14,2,6,683,20107,FX,Federal Express Corporation,FX,Federal Express Corporation,16196,A,3,3,2023,1
34915.30,0.00,62.52,3744.12,38.11,0.00,91494.32,0.00,9760.53,1.30,84.17,14056.13,0.00,3516.37,4482.32,7667.91,169823.07,3218.67,0.00,15011.56,20461.85,0.00,1140.10,190.78,0.00,0.00,0.00,0.00,40022.97,5689.84,45712.80,566.92,4958.59,5850.68,2604.95,595.00,859.53,,0.00,,230971.54,,,,,,28.44,4.89,26889.54,1,6,678,20409,B6,JetBlue Airways,B6,JetBlue Airways,06673,D,3,3,2023,1
35330.18,,2615.69,4289.84,,,108039.18,,34.50,,,7212.35,,2894.89,1382.09,,161798.71,1681.14,21.47,6773.25,11.25,,3596.30,171.06,,,,,12254.47,6052.20,18306.67,106.49,16108.72,3615.99,93.60,269.35,,,,,200299.52,,,,,,20.14,1.47,34344.71,1,6,889,19977,UA,United Air Lines Inc.,UA,United Air Lines Inc.,10874,A,3,3,2023,1
36025.91,,2224.25,3904.95,,,109806.36,,629.58,,,7354.38,,2951.89,997.57,,163894.89,2573.68,32.84,7079.59,2186.40,,4341.94,95.34,,,,,16309.80,8888.07,25197.87,407.45,7755.86,3316.19,244.02,532.95,,,,,201349.23,,,,,,36.66,3.84,31567.34,1,6,888,19977,UA,United Air Lines Inc.,UA,United Air Lines Inc.,10876,L,3,3,2023,1
38306.00,0.00,5077.00,9352.00,444.00,,69431.00,,1713.00,74.00,642.00,0.00,,4634.00,3131.00,10604.00,143408.00,3831.00,426.00,918.00,2533.00,,9451.00,3746.00,22031.00,,12656.00,,55592.00,40380.00,95972.00,,11966.00,12876.00,1039.00,346.00,,,,,265607.00,,,,,,14.19,5.80,24259.25,2,6,691,20107,FX,Federal Express Corporation,FX,Federal Express Corporation,06200,D,3,3,2023,1
38496.31,,2054.45,4023.78,,,122454.14,,12195.88,,,7858.69,,3154.31,1526.65,,191764.20,3510.91,35.09,1502.78,224.17,,2879.63,-14.16,,,,,8138.43,9883.42,18021.85,5.28,6939.24,1601.05,2.93,2.31,,,,,218336.86,,,,,,51.99,4.50,37733.44,1,6,839,19977,UA,United Air Lines Inc.,UA,United Air Lines Inc.,0A875,D,3,3,2023,1
38528.00,0.00,6401.00,9954.00,75.00,,42658.00,,101.00,359.00,711.00,35967.00,,4047.00,1509.00,6027.00,146337.00,0.00,0.00,762.00,,,9868.00,4150.00,14470.00,,11388.00,,40638.00,29518.00,70156.00,,27889.00,18984.00,1810.00,902.00,,,,,266078.00,,,,,,15.33,8.93,15517.74,2,6,622,20107,FX,Federal Express Corporation,FX,Federal Express Corporation,06200,D,3,3,2023,1
39054.50,0.00,1100.34,5021.22,0.00,0.00,112.15,0.00,12782.22,110.97,50.84,3785.11,0.00,3133.79,615.48,432.17,66198.79,6075.31,0.00,7711.73,9279.96,0.00,3695.15,924.82,0.00,0.00,0.00,0.00,27686.98,4872.49,32559.46,0.00,10038.46,3948.43,0.00,0.00,3124.78,,0.00,,115869.92,,,,,,36.51,11.58,22802.10,1,6,631,20304,OO,SkyWest Airlines Inc.,OO,SkyWest Airlines Inc.,06700,D,3,3,2023,1
39087.00,0.00,1076.00,1770.00,3.00,0.00,94737.00,1.00,3039.00,2.00,130.00,6154.00,0.00,1204.00,0.00,66.00,147269.00,1461.00,556.00,2805.00,5400.00,0.00,4069.00,1681.00,0.00,0.00,0.00,0.00,15972.00,6269.00,22241.00,141.00,5273.00,2676.00,136.00,339.00,0.00,,678.00,0.00,178753.00,,,,,,15.75,1.45,32085.31,1,6,359,19790,DL,Delta Air Lines Inc.,DL,Delta Air Lines Inc.,10262,P,3,3,2023,1
41370.41,0.00,3266.60,3352.84,0.00,0.00,126477.50,154.76,21061.36,0.00,248.36,10748.82,0.00,3416.97,2385.21,0.00,212482.81,8970.23,2232.97,10046.74,15125.02,0.00,6382.47,4055.12,0.00,0.00,0.00,0.00,46812.54,21712.76,68525.30,1102.71,12090.57,2276.68,1031.09,0.00,1680.31,,1356.40,,300545.88,,,,,,40.92,5.59,39596.09,1,6,614,19805,AA,American Airlines Inc.,AA,American Airlines Inc.,10050,L,3,3,2023,1
42211.00,0.00,163.00,2881.00,0.00,0.00,94494.00,177.00,10299.00,0.00,290.00,11419.00,0.00,2314.00,3560.00,65.00,167872.00,195.00,9.00,1214.00,-562.00,0.00,39.00,38.00,0.00,0.00,0.00,0.00,933.00,219.00,1152.00,89.00,7478.00,4064.00,534.00,0.00,670.00,,0.00,,181860.00,,,,,,37.89,3.42,30123.00,1,6,839,19930,AS,Alaska Airlines Inc.,AS,Alaska Airlines Inc.,06031,D,3,3,2023,1
42304.02,,1929.29,4105.70,,,115591.16,,31.31,,,8636.00,,3466.31,988.68,,177052.47,2030.45,25.71,12517.75,13.47,,5665.02,246.96,,,,,20499.35,7056.23,27555.57,1565.03,13067.43,1362.22,312.15,1735.46,,,,,222650.32,,,,,,24.18,2.59,36588.63,1,6,626,19977,UA,United Air Lines Inc.,UA,United Air Lines Inc.,10874,A,3,3,2023,1
43168.10,1123.73,1992.11,1647.77,0.00,0.00,144396.02,0.00,4498.76,0.00,1658.05,6792.35,0.00,3116.19,0.00,2802.56,211195.63,13584.52,0.00,263.00,410.28,0.00,10677.12,1074.88,0.00,0.00,0.00,0.00,26009.80,10304.53,36314.32,0.00,15886.37,10548.55,4849.79,0.00,0.00,,4869.80,,283664.46,,,,,,45.90,7.90,42230.10,1,6,694,20368,G4,Allegiant Air,G4,Allegiant Air,06035,D,3,3,2023,1
43330.48,,3400.47,5426.05,,,167952.75,,593.50,,,8845.54,,3550.41,3176.11,,236275.32,2068.85,661.52,6917.70,15971.23,,3467.77,1554.39,,,,,30641.45,7827.88,38469.33,1617.71,18056.27,8207.52,399.10,2632.82,,,,,305658.06,,,,,,24.72,2.26,53954.16,1,6,627,19977,UA,United Air Lines Inc.,UA,United Air Lines Inc.,10874,A,3,3,2023,1
43830.00,0.00,11624.00,16472.00,1664.00,,124639.00,,1310.00,136.00,170.00,0.00,,5222.00,4664.00,16909.00,226640.00,30174.00,3353.00,2287.00,2054.00,,9503.00,2171.00,16773.00,,11242.00,,77557.00,56335.00,133892.00,,7841.00,7828.00,1306.00,425.00,,,,,377932.00,,,,,,18.26,3.67,42844.41,2,7,740,20107,FX,Federal Express Corporation,FX,Federal Express Corporation,06200,D,3,3,2023,1
46298.00,0.00,2166.00,3561.00,6.00,0.00,63034.00,3.00,6115.00,4.00,261.00,12382.00,0.00,2422.00,0.00,132.00,136384.00,2940.00,1119.00,5644.00,10866.00,0.00,8186.00,3382.00,0.00,0.00,0.00,0.00,32137.00,12613.00,44750.00,285.00,10610.00,5385.00,273.00,681.00,0.00,,1365.00,0.00,199733.00,,,,,,31.70,4.05,21348.09,1,6,723,19790,DL,Delta Air Lines Inc.,DL,Delta Air Lines Inc.,01260,D,3,3,2023,1
46796.84,0.00,3697.08,3795.93,0.00,0.00,207080.31,174.02,23793.41,0.00,280.72,12146.30,0.00,3861.33,3915.92,0.00,305541.84,10129.86,2519.91,11356.88,17101.19,0.00,7193.92,4589.83,0.00,0.00,0.00,0.00,52891.59,24480.53,77372.12,1244.91,13667.75,2573.44,1165.36,0.00,1898.26,,1529.25,,404992.94,,,,,,67.91,9.72,64926.76,1,6,698,19805,AA,American Airlines Inc.,AA,American Airlines Inc.,0A050,D,3,3,2023,1
47558.00,0.00,2172.00,3570.00,6.00,0.00,90391.00,3.00,6132.00,4.00,262.00,12415.00,0.00,2429.00,0.00,133.00,165075.00,2948.00,1122.00,5660.00,10896.00,0.00,8209.00,3392.00,0.00,0.00,0.00,0.00,32227.00,12648.00,44875.00,285.00,10639.00,5399.00,274.00,683.00,0.00,,1369.00,0.00,228599.00,,,,,,31.78,4.72,30613.36,1,6,698,19790,DL,Delta Air Lines Inc.,DL,Delta Air Lines Inc.,01260,D,3,3,2023,1
48043.31,0.00,3801.06,3903.10,0.00,0.00,188238.22,178.95,24423.05,0.00,288.16,12480.31,0.00,3970.03,3575.68,0.00,288901.87,10412.77,2589.72,11675.40,17574.44,0.00,7409.47,4737.25,0.00,0.00,0.00,0.00,54399.05,25100.83,79499.88,1277.89,14031.05,2641.94,1196.39,0.00,1948.26,,1566.13,,391063.41,,,,,,25.99,2.68,59120.80,1,6,627,19805,AA,American Airlines Inc.,AA,American Airlines Inc.,10049,A,3,3,2023,1
48282.00,0.00,189.00,3369.00,0.00,0.00,124759.00,184.00,5510.00,0.00,152.00,13270.00,0.00,2647.00,4917.00,75.00,203354.00,12438.00,553.00,17618.00,23953.00,0.00,2516.00,2413.00,0.00,0.00,0.00,0.00,59492.00,13953.00,73445.00,209.00,12276.00,2380.00,987.00,0.00,20.00,,0.00,,292670.00,,,,,,43.92,5.06,39095.00,1,6,614,19930,AS,Alaska Airlines Inc.,AS,Alaska Airlines Inc.,06031,D,3,3,2023,1
50466.53,0.00,4864.57,5567.18,0.00,0.00,0.00,0.00,24500.35,0.00,127.17,3202.82,0.00,4843.42,0.00,848.58,94420.61,6266.00,0.00,14148.12,4660.20,0.00,2720.89,0.00,0.00,0.00,0.00,0.00,27795.19,110.34,27905.54,1214.24,0.00,0.00,991.59,0.00,613.06,,0.00,,125145.04,,,,,,30.20,6.20,24540.53,1,6,638,20397,OH,PSA Airlines Inc.,OH,PSA Airlines Inc.,07028,D,2,2,2023,1
50667.00,0.00,1814.00,2982.00,5.00,0.00,158595.00,2.00,5121.00,3.00,218.00,10369.00,0.00,2028.00,0.00,111.00,231915.00,2462.00,937.00,4727.00,9100.00,0.00,6856.00,2833.00,0.00,0.00,0.00,0.00,26915.00,10563.00,37478.00,238.00,8886.00,4509.00,229.00,571.00,0.00,,1143.00,0.00,284969.00,,,,,,26.54,2.32,53712.46,1,6,687,19790,DL,Delta Air Lines Inc.,DL,Delta Air Lines Inc.,10261,A,3,3,2023,1
52286.00,0.00,2276.00,3741.00,6.00,0.00,89593.00,3.00,6425.00,4.00,274.00,13008.00,0.00,2545.00,0.00,139.00,170300.00,3089.00,1176.00,5930.00,11416.00,0.00,8600.00,3554.00,0.00,0.00,0.00,0.00,33765.00,13252.00,47017.00,299.00,11147.00,5657.00,287.00,716.00,0.00,,1434.00,0.00,236857.00,,,,,,33.30,5.88,30343.09,1,6,608,19790,DL,Delta Air Lines Inc.,DL,Delta Air Lines Inc.,01260,D,3,3,2023,1
52402.00,,3007.51,5675.93,,,120237.73,,38.38,,,10697.42,,4293.72,3076.10,0.13,199428.91,2074.10,23.88,7245.78,12.52,,3985.03,190.29,,,,,13531.59,7769.05,21300.64,118.46,17919.43,4022.45,104.12,299.63,,,,,243193.62,,,,,,22.51,1.64,40535.79,1,6,889,19977,UA,United Air Lines Inc.,UA,United Air Lines Inc.,10877,P,3,3,2023,1
53153.00,0.00,8137.00,19044.00,1393.00,,156721.00,,10520.00,116.00,,7993.00,,6512.00,5911.00,7750.00,277250.00,122.00,14.00,143.00,3383.00,,3414.00,1167.00,7018.00,,420.00,,15681.00,13491.00,29172.00,,25920.00,12669.00,1019.00,223.00,,,,,346253.00,,,,,,24.10,2.50,58310.11,2,6,683,20107,FX,Federal Express Corporation,FX,Federal Express Corporation,16197,P,3,3,2023,1
56595.00,0.00,2621.00,4308.00,7.00,0.00,117898.00,4.00,7400.00,4.00,316.00,14982.00,0.00,2931.00,0.00,160.00,207226.00,3557.00,1354.00,6830.00,13148.00,0.00,9905.00,4093.00,0.00,0.00,0.00,0.00,38887.00,15262.00,54149.00,344.00,12838.00,6515.00,331.00,824.00,0.00,,1651.00,0.00,283878.00,,,,,,38.35,5.24,39929.28,1,6,694,19790,DL,Delta Air Lines Inc.,DL,Delta Air Lines Inc.,01260,D,3,3,2023,1
57530.95,0.00,0.00,2083.17,480.31,,138043.75,178.47,13020.31,51.90,1267.18,17790.00,0.00,5915.17,1706.89,147.02,238215.12,11519.77,0.00,12042.66,0.00,,7078.21,29445.28,0.00,,0.00,,60085.93,17327.00,77412.93,,10484.66,1865.23,538.09,,,,299.97,,328816.01,,,,,,26.83,4.77,40228.19,2,6,626,19917,5X,United Parcel Service,5X,United Parcel Service,06910,D,3,3,2023,1
57952.02,0.00,583.85,1285.40,152.62,0.00,145008.08,0.00,26067.93,27.75,1219.07,10489.20,0.00,4298.16,4095.45,0.00,251179.52,10949.00,0.00,3178.34,1671.00,0.00,2484.81,6917.76,0.00,0.00,0.00,0.00,25200.91,0.00,25200.91,0.00,13432.98,1209.36,200.45,0.00,0.00,,5026.14,,296249.35,,,,,,49.93,5.36,43517.13,1,6,694,20416,NK,Spirit Air Lines,NK,Spirit Air Lines,06830,D,3,3,2023,1
58282.23,0.00,587.17,1292.73,153.49,0.00,145834.33,0.00,26216.46,27.91,1226.01,10548.97,0.00,4322.65,4118.79,0.00,252610.74,11011.38,0.00,3196.45,1680.52,0.00,2498.97,6957.17,0.00,0.00,0.00,0.00,25344.50,0.00,25344.50,0.00,13509.52,1216.25,201.60,0.00,0.00,,5054.78,,297937.38,,,,,,50.21,5.39,43765.09,1,6,722,20416,NK,Spirit Air Lines,NK,Spirit Air Lines,06830,D,3,3,2023,1
58795.00,0.00,2751.00,4523.00,7.00,0.00,114655.00,4.00,7768.00,5.00,331.00,15727.00,0.00,3077.00,0.00,168.00,207811.00,3735.00,1421.00,7170.00,13802.00,0.00,10398.00,4296.00,0.00,0.00,0.00,0.00,40822.00,16022.00,56844.00,362.00,13478.00,6840.00,347.00,865.00,0.00,,1734.00,0.00,288281.00,,,,,,40.26,5.43,38831.06,1,6,614,19790,DL,Delta Air Lines Inc.,DL,Delta Air Lines Inc.,01260,D,3,3,2023,1
59001.40,0.00,18993.09,8472.11,0.00,0.00,0.00,0.00,32083.75,0.00,0.00,4043.48,0.00,6946.13,0.00,0.00,129539.97,11533.72,356.71,10632.34,281.15,0.00,3027.20,1516.85,0.00,0.00,0.00,12877.58,40225.54,14730.49,54956.04,1279.75,0.00,0.00,6.63,0.00,0.00,,0.00,,185782.38,,,,,,62.25,28.66,39439.49,1,6,673,20398,MQ,Envoy Air,MQ,Envoy Air,06820,D,3,3,2023,1
59437.30,0.00,2917.77,4441.88,67.03,0.00,180729.91,0.00,355.80,2.56,96.45,23048.04,0.00,5996.28,2887.21,14754.28,294734.49,6357.89,0.00,4526.08,1826.79,0.00,595.17,59.29,0.00,0.00,0.00,0.00,13365.22,10919.42,24284.64,14.76,8565.18,2132.85,0.00,58.11,889.60,,0.00,,330679.62,,,,,,56.17,4.91,53115.25,1,6,699,20409,B6,JetBlue Airways,B6,JetBlue Airways,06673,D,3,3,2023,1
60652.92,,3771.95,6801.42,,,70367.40,,7566.06,,,12381.77,,4969.78,5000.37,,171511.68,5531.62,55.29,1791.48,353.20,,4454.31,91.30,,,,,12277.20,14467.62,26744.82,139.32,11951.22,4894.24,275.06,443.74,,,,,215960.08,,,,,,33.04,3.12,21257.93,1,6,838,19977,UA,United Air Lines Inc.,UA,United Air Lines Inc.,0A875,D,3,3,2023,1
60659.71,0.00,8849.68,5760.26,4925.26,0.00,0.00,96.48,2441.10,349.11,802.74,7886.36,0.00,5915.53,1011.57,107.18,98803.46,19189.08,0.00,23125.18,1342.23,0.00,5528.11,201.41,0.00,0.00,0.00,0.00,49385.69,0.00,49385.69,1851.17,0.00,0.00,0.00,939.13,0.00,,0.00,0.00,150980.43,,,,,,51.25,10.83,35451.05,1,6,638,20363,9E,Endeavor Air Inc.,9E,Endeavor Air Inc.,07024,D,2,2,2023,1
66447.53,,2957.39,6435.43,,,145728.48,,3798.91,,,13564.69,-84.91,5444.58,4844.70,,249136.79,6058.73,60.57,30877.83,25799.77,,11922.57,4165.76,,,,,78885.23,18143.44,97028.67,2381.10,9940.16,5467.40,878.99,11588.47,,,,,376421.58,,,,,,57.23,7.11,44360.07,1,6,694,19977,UA,United Air Lines Inc.,UA,United Air Lines Inc.,0A875,D,3,3,2023,1
68456.23,0.00,1454.96,11162.12,0.00,0.00,501.61,0.00,1412.15,0.00,0.00,10620.73,0.00,5874.93,0.00,467.41,99950.15,18851.26,0.00,16630.97,26470.58,0.00,12840.60,0.00,0.00,0.00,0.00,0.00,74793.41,7538.79,82332.19,0.00,26388.25,1035.21,1135.59,0.00,21.99,,2627.38,,213490.76,,,,,,91.96,15.26,58181.36,1,6,673,20452,YX,Republic Airline,YX,Republic Airline,06003,D,3,3,2023,1
69724.87,0.00,4399.46,26.20,57.95,0.00,179509.48,0.00,82601.08,0.00,252.02,10592.86,0.00,5899.13,5474.46,131.03,358668.54,6652.26,0.00,5313.61,3174.57,0.00,2368.70,0.00,0.00,0.00,0.00,0.00,17509.14,23250.40,40759.54,0.00,0.00,1.70,1326.55,0.00,4163.84,,0.00,,404920.17,,,,,,67.08,7.25,52129.57,1,6,722,20436,F9,Frontier Airlines Inc.,F9,Frontier Airlines Inc.,06460,D,3,3,2023,1
71017.66,,2662.51,6442.33,,,146785.04,,8639.44,,,14497.65,-76.45,5819.05,4789.05,,260576.27,6475.44,64.74,35116.14,23372.63,,11936.64,4353.80,,,,,81319.39,18802.90,100122.29,1852.16,12763.67,14019.34,1134.35,13948.22,,,,,404416.30,,,,,,61.01,7.06,44579.20,1,6,698,19977,UA,United Air Lines Inc.,UA,United Air Lines Inc.,0A875,D,3,3,2023,1
71710.00,0.00,3337.00,5487.00,9.00,0.00,177673.00,5.00,9423.00,6.00,402.00,19079.00,0.00,3732.00,0.00,204.00,291067.00,4530.00,1724.00,8697.00,16743.00,0.00,12614.00,5212.00,0.00,0.00,0.00,0.00,49520.00,19436.00,68956.00,439.00,16349.00,8297.00,421.00,1050.00,0.00,,2103.00,0.00,388682.00,,,,,,48.84,7.37,60173.75,1,6,622,19790,DL,Delta Air Lines Inc.,DL,Delta Air Lines Inc.,01260,D,3,3,2023,1
73665.71,0.00,5820.74,5976.42,0.00,0.00,178733.33,274.00,37454.30,0.00,441.90,19122.23,0.00,6079.43,3383.68,0.00,330951.74,15948.56,3967.30,17880.48,26923.25,0.00,11328.95,7229.54,0.00,0.00,0.00,0.00,83278.08,38531.66,121809.74,1959.69,21515.21,4051.03,1834.48,0.00,2988.10,,2406.66,,487516.64,,,,,,61.02,5.66,56063.74,1,6,721,19805,AA,American Airlines Inc.,AA,American Airlines Inc.,0A050,D,3,3,2023,1
77004.00,0.00,296.00,5285.00,1.00,0.00,204492.00,331.00,-649.00,0.00,324.00,20737.00,0.00,4221.00,7254.00,118.00,319414.00,10805.00,481.00,13303.00,22811.00,0.00,2186.00,2097.00,0.00,0.00,0.00,0.00,51681.00,12121.00,63802.00,272.00,19493.00,8369.00,1288.00,0.00,-34.00,,0.00,,412606.00,,,,,,68.87,6.60,63201.00,1,6,888,19930,AS,Alaska Airlines Inc.,AS,Alaska Airlines Inc.,06031,D,3,3,2023,1
78860.00,0.00,21056.00,,0.00,,180993.00,,,,,,,,12696.00,18500.00,312105.00,,,643.00,531.00,,4373.00,2724.00,10078.00,,,,18349.00,13328.00,31677.00,,57130.00,10900.00,835.00,119.00,,,,,412766.00,,,,,,39.70,8.89,62115.11,2,6,626,20107,FX,Federal Express Corporation,FX,Federal Express Corporation,06200,D,3,3,2023,1
83992.08,0.00,4123.15,6276.92,1885.44,0.00,255393.21,0.00,15365.66,17.11,289.94,32569.67,0.00,8473.47,8228.84,21434.63,438050.11,8984.47,0.00,35577.51,43890.37,0.00,4053.14,337.47,0.00,0.00,0.00,0.00,92842.96,15939.74,108782.70,535.12,35118.55,8357.45,1630.06,790.10,9173.45,,0.00,,602437.55,,,,,,79.38,8.52,75058.27,1,6,694,20409,B6,JetBlue Airways,B6,JetBlue Airways,06673,D,3,3,2023,1
95356.87,0.00,4607.41,11566.49,0.00,0.00,39.19,0.00,131.47,321.11,253.96,11932.83,0.00,7949.57,5367.67,1244.46,138771.02,17712.53,0.00,6969.72,37656.01,0.00,10795.42,2209.19,0.00,0.00,0.00,0.00,75342.87,16361.22,91704.09,0.00,0.00,1536.21,3219.24,0.00,1021.89,,0.00,,236252.45,,,,,,119.07,21.12,72248.28,1,6,673,20304,OO,SkyWest Airlines Inc.,OO,SkyWest Airlines Inc.,06700,D,3,3,2023,1
100120.07,,5792.97,10860.55,,,218261.16,,1749.68,,,20438.65,,8203.64,8757.06,,374183.78,9131.08,91.27,20637.58,4800.10,,18756.40,738.65,,,,,54155.07,26636.12,80791.20,980.33,21322.98,8986.06,585.50,1278.07,,,,,488127.92,,,,,,80.19,8.40,66832.41,1,6,888,19977,UA,United Air Lines Inc.,UA,United Air Lines Inc.,0A875,D,3,3,2023,1
118807.00,0.00,5794.00,9524.00,15.00,0.00,248893.00,8.00,16358.00,10.00,698.00,33119.00,0.00,6479.00,0.00,354.00,440059.00,7864.00,2993.00,15098.00,29065.00,0.00,21897.00,9047.00,0.00,0.00,0.00,0.00,85964.00,33739.00,119703.00,761.00,28381.00,14403.00,731.00,1822.00,0.00,,3651.00,0.00,609511.00,,,,,,84.78,11.45,84294.45,1,6,888,19790,DL,Delta Air Lines Inc.,DL,Delta Air Lines Inc.,01260,D,3,3,2023,1
119302.55,,6286.20,12405.81,,,258788.77,,11445.80,,,24354.59,-519.39,9775.42,9737.96,,451577.70,10880.54,108.75,33772.08,4842.41,,8280.83,758.94,,,,,58643.57,29141.26,87784.83,865.10,13857.29,14158.09,360.12,782.44,,,1835.33,,571220.88,,,,,,99.08,10.85,78616.86,1,6,614,19977,UA,United Air Lines Inc.,UA,United Air Lines Inc.,0A875,D,3,3,2023,1
144231.00,0.00,3573.00,8593.00,0.00,0.00,284434.00,550.00,33992.00,0.00,1668.00,26501.00,0.00,11087.00,10976.00,0.00,525605.00,4732.00,199.00,5788.00,8480.00,0.00,2596.00,1523.00,0.00,0.00,0.00,0.00,23318.00,23068.00,46386.00,18.00,12349.00,24842.00,2111.00,1315.00,921.00,,-61.00,0.00,613486.00,,,,,,118.12,13.27,92470.30,1,6,838,19393,WN,Southwest Airlines Co.,WN,Southwest Airlines Co.,06725,D,3,3,2023,1
145524.00,0.00,7009.00,11523.00,18.00,0.00,329603.00,10.00,19791.00,12.00,844.00,40070.00,0.00,7839.00,0.00,428.00,562671.00,9515.00,3621.00,18266.00,35165.00,0.00,26492.00,10946.00,0.00,0.00,0.00,0.00,104005.00,40820.00,144825.00,921.00,34338.00,17426.00,884.00,2205.00,0.00,,4417.00,0.00,767687.00,,,,,,102.58,11.10,111628.97,1,6,699,19790,DL,Delta Air Lines Inc.,DL,Delta Air Lines Inc.,01260,D,3,3,2023,1
151217.38,0.00,11951.57,12271.87,0.00,0.00,492316.11,562.18,76871.32,0.00,907.01,39252.93,0.00,12480.57,9329.30,0.00,807160.23,32737.57,8142.77,36707.99,55271.24,0.00,23255.91,14851.96,0.00,0.00,0.00,0.00,170967.44,79052.97,250020.41,4021.78,44161.83,8315.04,3765.36,0.00,6132.68,,4936.80,,1128514.11,,,,,,155.96,21.28,154489.71,1,6,614,19805,AA,American Airlines Inc.,AA,American Airlines Inc.,0A050,D,3,3,2023,1
154866.94,0.00,12234.95,12561.09,0.00,0.00,523159.51,576.91,78766.66,0.00,929.18,40210.95,0.00,12783.87,9897.01,0.00,845987.07,33542.83,8345.50,37596.06,56606.63,0.00,23838.24,15195.20,0.00,0.00,0.00,0.00,175124.45,81076.01,256200.47,4121.98,45238.89,8518.08,3857.46,0.00,6284.01,,5064.08,,1175272.03,,,,,,148.03,17.64,164040.68,1,6,699,19805,AA,American Airlines Inc.,AA,American Airlines Inc.,0A050,D,3,3,2023,1
194575.00,0.00,4820.00,11591.00,0.00,0.00,443969.00,859.00,19724.00,0.00,2251.00,35751.00,0.00,14955.00,17133.00,0.00,745628.00,32395.00,672.00,39623.00,28781.00,0.00,17769.00,2055.00,0.00,0.00,0.00,0.00,121295.00,31119.00,152414.00,26.00,15300.00,33344.00,2876.00,0.00,1142.00,,0.00,0.00,950730.00,,,,,,159.35,18.25,144335.59,1,6,614,19393,WN,Southwest Airlines Co.,WN,Southwest Airlines Co.,06725,D,3,3,2023,1
196200.94,,246.57,6885.01,0.00,,207.49,,0.00,,0.00,4158.55,,1506.94,,561.97,209767.46,848.30,,9444.13,,,3018.96,449.87,81.71,,,,13842.98,6541.17,20384.15,,69.49,0.00,798.80,0.00,0.00,,0.00,0.00,231019.90,,,,,,4.32,0.82,5924.20,2,6,626,20007,5Y,Atlas Air Inc.,5Y,Atlas Air Inc.,06087,D,3,3,2023,1
323557.00,0.00,8016.00,19275.00,0.00,0.00,705930.00,1366.00,12434.00,0.00,3743.00,59450.00,0.00,24869.00,27242.00,0.00,1185882.00,54298.00,583.00,66415.00,24895.00,0.00,29784.00,3417.00,0.00,0.00,0.00,0.00,179392.00,51747.00,231139.00,43.00,16235.00,104124.00,6942.00,9693.00,2246.00,,13962.00,0.00,1570266.00,,,,,,264.98,36.26,229499.40,1,6,612,19393,WN,Southwest Airlines Co.,WN,Southwest Airlines Co.,06725,D,3,3,2023,1
